obsnme,obsval,weight,obgnme,cycle,standard_deviation
x0_00.000,7.038070921081231,1.0,obgnme,0,1.0
x0_00.100,7.2249524603031645,1.0,obgnme,0,1.0
x0_00.200,7.427089207842384,1.0,obgnme,0,1.0
x0_00.300,7.644466387528786,1.0,obgnme,0,1.0
x0_00.400,7.876722779119913,1.0,obgnme,0,1.0
x0_00.500,8.123084755145731,1.0,obgnme,0,1.0
x0_00.600,8.382280380417724,1.0,obgnme,0,1.0
x0_00.700,8.652431291256827,1.0,obgnme,0,1.0
x0_00.800,8.930920888843405,1.0,obgnme,0,1.0
x0_00.900,9.214238935334205,1.0,obgnme,0,1.0
x0_01.000,9.497805364256193,1.0,obgnme,0,1.0
x0_01.100,9.775780418926049,1.0,obgnme,0,1.0
x0_01.200,10.040874375092825,1.0,obgnme,0,1.0
x0_01.300,10.28417806469086,1.0,obgnme,0,1.0
x0_01.400,10.495044780005685,1.0,obgnme,0,1.0
x0_01.500,10.66106401003028,1.0,obgnme,0,1.0
x0_01.600,10.768176414525545,1.0,obgnme,0,1.0
x0_01.700,10.800985443647962,1.0,obgnme,0,1.0
x0_01.800,10.743321359537196,1.0,obgnme,0,1.0
x0_01.900,10.579104765202175,1.0,obgnme,0,1.0
x0_02.000,10.293535429451154,1.0,obgnme,0,1.0
x0_02.100,9.874595087704078,1.0,obgnme,0,1.0
x0_02.200,9.314798869375023,1.0,obgnme,0,1.0
x0_02.300,8.61306165068406,1.0,obgnme,0,1.0
x0_02.400,7.7764705878372355,1.0,obgnme,0,1.0
x0_02.500,6.821686332818694,1.0,obgnme,0,1.0
x0_02.600,5.775650670276257,1.0,obgnme,0,1.0
x0_02.700,4.675278534785521,1.0,obgnme,0,1.0
x0_02.800,3.565878471303524,1.0,obgnme,0,1.0
x0_02.900,2.498190126205108,1.0,obgnme,0,1.0
x0_03.000,1.5241410752735136,1.0,obgnme,0,1.0
x0_03.100,0.6916680164042066,1.0,obgnme,0,1.0
x0_03.200,0.03916013257222006,1.0,obgnme,0,1.0
x0_03.300,-0.4097743141155835,1.0,obgnme,0,1.0
x0_03.400,-0.6504316887395579,1.0,obgnme,0,1.0
x0_03.500,-0.6991779627816761,1.0,obgnme,0,1.0
x0_03.600,-0.5927999749292967,1.0,obgnme,0,1.0
x0_03.700,-0.38439828865319664,1.0,obgnme,0,1.0
x0_03.800,-0.13578577693191912,1.0,obgnme,0,1.0
x0_03.900,0.09266319886024549,1.0,obgnme,0,1.0
x0_04.000,0.2527688225922331,1.0,obgnme,0,1.0
x0_04.100,0.31743770489473666,1.0,obgnme,0,1.0
x0_04.200,0.2854580173779291,1.0,obgnme,0,1.0
x0_04.300,0.1808916605597183,1.0,obgnme,0,1.0
x0_04.400,0.047073705295716584,1.0,obgnme,0,1.0
x0_04.500,-0.06341208574482493,1.0,obgnme,0,1.0
x0_04.600,-0.10037202871668252,1.0,obgnme,0,1.0
x0_04.700,-0.026477669532903786,1.0,obgnme,0,1.0
x0_04.800,0.1757144190121628,1.0,obgnme,0,1.0
x0_04.900,0.5013391131518318,1.0,obgnme,0,1.0
x0_05.000,0.9252344536247168,1.0,obgnme,0,1.0
x0_05.100,1.4072903380832598,1.0,obgnme,0,1.0
x0_05.200,1.8996778324563568,1.0,obgnme,0,1.0
x0_05.300,2.354598988552143,1.0,obgnme,0,1.0
x0_05.400,2.7314693141661905,1.0,obgnme,0,1.0
x0_05.500,3.002671839787108,1.0,obgnme,0,1.0
x0_05.600,3.1571476370990728,1.0,obgnme,0,1.0
x0_05.700,3.201219038645483,1.0,obgnme,0,1.0
x0_05.800,3.156352529340879,1.0,obgnme,0,1.0
x0_05.900,3.054148988250129,1.0,obgnme,0,1.0
x0_06.000,2.9295813787632166,1.0,obgnme,0,1.0
x0_06.100,2.8140699163745566,1.0,obgnme,0,1.0
x0_06.200,2.7300681649480305,1.0,obgnme,0,1.0
x0_06.300,2.688328886150063,1.0,obgnme,0,1.0
x0_06.400,2.688132105603783,1.0,obgnme,0,1.0
x0_06.500,2.7198754246363523,1.0,obgnme,0,1.0
x0_06.600,2.7688867563870447,1.0,obgnme,0,1.0
x0_06.700,2.8192557852169164,1.0,obgnme,0,1.0
x0_06.800,2.856804722904614,1.0,obgnme,0,1.0
x0_06.900,2.870815624016949,1.0,obgnme,0,1.0
x0_07.000,2.8545819633623424,1.0,obgnme,0,1.0
x0_07.100,2.8051244392733485,1.0,obgnme,0,1.0
x0_07.200,2.722483379340589,1.0,obgnme,0,1.0
x0_07.300,2.608928928645996,1.0,obgnme,0,1.0
x0_07.400,2.4682965193660893,1.0,obgnme,0,1.0
x0_07.500,2.3055242302918453,1.0,obgnme,0,1.0
x0_07.600,2.1263745048469227,1.0,obgnme,0,1.0
x0_07.700,1.9372722662907076,1.0,obgnme,0,1.0
x0_07.800,1.745176758254822,1.0,obgnme,0,1.0
x0_07.900,1.5574132674277057,1.0,obgnme,0,1.0
x0_08.000,1.3814129750616988,1.0,obgnme,0,1.0
x0_08.100,1.224338000096626,1.0,obgnme,0,1.0
x0_08.200,1.0926007124608677,1.0,obgnme,0,1.0
x0_08.300,0.991319265313889,1.0,obgnme,0,1.0
x0_08.400,0.9237819164025024,1.0,obgnme,0,1.0
x0_08.500,0.891015884781397,1.0,obgnme,0,1.0
x0_08.600,0.8915648979602923,1.0,obgnme,0,1.0
x0_08.700,0.9215656252109219,1.0,obgnme,0,1.0
x0_08.800,0.9751726275914054,1.0,obgnme,0,1.0
x0_08.900,1.0453175111833557,1.0,obgnme,0,1.0
x0_09.000,1.124713415154794,1.0,obgnme,0,1.0
x0_09.100,1.2069508578535477,1.0,obgnme,0,1.0
x0_09.200,1.287495907005198,1.0,obgnme,0,1.0
x0_09.300,1.3644094266639655,1.0,obgnme,0,1.0
x0_09.400,1.4386562283178115,1.0,obgnme,0,1.0
x0_09.500,1.5139517085766117,1.0,obgnme,0,1.0
x0_09.600,1.5961799821300642,1.0,obgnme,0,1.0
x0_09.700,1.6924908896061297,1.0,obgnme,0,1.0
x0_09.800,1.8102291913795745,1.0,obgnme,0,1.0
x0_09.900,1.95586226788516,1.0,obgnme,0,1.0
x0_10.000,2.13405544676515,0.0,obgnme,0,
x0_10.100,2.347004952215001,0.0,obgnme,0,
x0_10.200,2.594088136383637,0.0,obgnme,0,
x0_10.300,2.8718395249531055,0.0,obgnme,0,
x0_10.400,3.1742175650341204,0.0,obgnme,0,
x0_10.500,3.493096053625443,0.0,obgnme,0,
x0_10.600,3.8188981783591824,0.0,obgnme,0,
x0_10.700,4.141289333513407,0.0,obgnme,0,
x0_10.800,4.44985474634815,0.0,obgnme,0,
x0_10.900,4.734705556531185,0.0,obgnme,0,
x0_11.000,4.986977989393283,0.0,obgnme,0,
x0_11.100,5.1992106501560125,0.0,obgnme,0,
x0_11.200,5.3656016985857296,0.0,obgnme,0,
x0_11.300,5.482158996371862,0.0,obgnme,0,
x0_11.400,5.546761829222007,0.0,obgnme,0,
x0_11.500,5.559153158673195,0.0,obgnme,0,
x0_11.600,5.520877939937764,0.0,obgnme,0,
x0_11.700,5.435177563110726,0.0,obgnme,0,
x0_11.800,5.306844642091528,0.0,obgnme,0,
x0_11.900,5.142037650179144,0.0,obgnme,0,
x0_12.000,4.94805234580741,0.0,obgnme,0,
x0_12.100,4.733047119522604,0.0,obgnme,0,
x0_12.200,4.505722368277193,0.0,obgnme,0,
x0_12.300,4.274959290914467,0.0,obgnme,0,
x0_12.400,4.049430178174456,0.0,obgnme,0,
x0_12.500,3.837199117325892,0.0,obgnme,0,
x0_12.600,3.6453377256689707,0.0,obgnme,0,
x0_12.700,3.4795838917266533,0.0,obgnme,0,
x0_12.800,3.344071720647251,0.0,obgnme,0,
x0_12.900,3.241157633986328,0.0,obgnme,0,
x0_13.000,3.1713610795118665,0.0,obgnme,0,
x0_13.100,3.133429243628127,0.0,obgnme,0,
x0_13.200,3.124524535122155,0.0,obgnme,0,
x0_13.300,3.1405226022993364,0.0,obgnme,0,
x0_13.400,3.176398455622577,0.0,obgnme,0,
x0_13.500,3.226669984294024,0.0,obgnme,0,
x0_13.600,3.2858626439522114,0.0,obgnme,0,
x0_13.700,3.348956906939931,0.0,obgnme,0,
x0_13.800,3.4117813988726793,0.0,obgnme,0,
x0_13.900,3.4713193370706406,0.0,obgnme,0,
x0_14.000,3.525903490370328,0.0,obgnme,0,
x0_14.100,3.57528474112715,0.0,obgnme,0,
x0_14.200,3.6205706462634146,0.0,obgnme,0,
x0_14.300,3.664042230744306,0.0,obgnme,0,
x0_14.400,3.708868531455665,0.0,obgnme,0,
x0_14.500,3.7587479584476915,0.0,obgnme,0,
x0_14.600,3.817512175155494,0.0,obgnme,0,
x0_14.700,3.8887309624947806,0.0,obgnme,0,
x0_14.800,3.97535494937454,0.0,obgnme,0,
x0_14.900,4.0794273709566715,0.0,obgnme,0,
x0_15.000,4.201887075194384,0.0,obgnme,0,
x0_15.100,4.342474291180834,0.0,obgnme,0,
x0_15.200,4.499739846133993,0.0,obgnme,0,
x0_15.300,4.671149024844893,0.0,obgnme,0,
x0_15.400,4.853264067279813,0.0,obgnme,0,
x0_15.500,5.041984742311939,0.0,obgnme,0,
x0_15.600,5.232824315886847,0.0,obgnme,0,
x0_15.700,5.421198007680162,0.0,obgnme,0,
x0_15.800,5.6027020816400634,0.0,obgnme,0,
x0_15.900,5.773363580217141,0.0,obgnme,0,
x0_16.000,5.929843228128599,0.0,obgnme,0,
x0_16.100,6.069577354672998,0.0,obgnme,0,
x0_16.200,6.190849161098833,0.0,obgnme,0,
x0_16.300,6.29278558102784,0.0,obgnme,0,
x0_16.400,6.37528327134468,0.0,obgnme,0,
x0_16.500,6.4388752419270245,0.0,obgnme,0,
x0_16.600,6.484556960749199,0.0,obgnme,0,
x0_16.700,6.513595785761713,0.0,obgnme,0,
x0_16.800,6.527348827528857,0.0,obgnme,0,
x0_16.900,6.5271112288764765,0.0,obgnme,0,
x0_17.000,6.514009951216144,0.0,obgnme,0,
x0_17.100,6.4889491524217755,0.0,obgnme,0,
x0_17.200,6.452604307635198,0.0,obgnme,0,
x0_17.300,6.4054553014140385,0.0,obgnme,0,
x0_17.400,6.3478449271524,0.0,obgnme,0,
x0_17.500,6.280048680914123,0.0,obgnme,0,
x0_17.600,6.202343737083701,0.0,obgnme,0,
x0_17.700,6.115068446870738,0.0,obgnme,0,
x0_17.800,6.018667512649788,0.0,obgnme,0,
x0_17.900,5.9137213299833595,0.0,obgnme,0,
x0_18.000,5.800960386824494,0.0,obgnme,0,
x0_18.100,5.681266941319887,0.0,obgnme,0,
x0_18.200,5.5556666034775,0.0,obgnme,0,
x0_18.300,5.425312217675686,0.0,obgnme,0,
x0_18.400,5.29146193132445,0.0,obgnme,0,
x0_18.500,5.155452847891487,0.0,obgnme,0,
x0_18.600,5.0186713990664975,0.0,obgnme,0,
x0_18.700,4.882521590562176,0.0,obgnme,0,
x0_18.800,4.748392509607187,0.0,obgnme,0,
x0_18.900,4.617626776819336,0.0,obgnme,0,
x0_19.000,4.49149180844639,0.0,obgnme,0,
x0_19.100,4.371155696327702,0.0,obgnme,0,
x0_19.200,4.257669164254992,0.0,obgnme,0,
x0_19.300,4.151954464514579,0.0,obgnme,0,
x0_19.400,4.0548013518576855,0.0,obgnme,0,
x0_19.500,3.966869558394629,0.0,obgnme,0,
x0_19.600,3.888696621768213,0.0,obgnme,0,
x0_19.700,3.8207095726933438,0.0,obgnme,0,
x0_19.800,3.7632388881642775,0.0,obgnme,0,
x0_19.900,3.716533230985338,0.0,obgnme,0,
x1_00.000,8.542657897290212,0.0,obgnme,0,
x1_00.100,8.708286614491511,0.0,obgnme,0,
x1_00.200,8.878021772240967,0.0,obgnme,0,
x1_00.300,9.048003292906063,0.0,obgnme,0,
x1_00.400,9.213609953867785,0.0,obgnme,0,
x1_00.500,9.36938542010281,0.0,obgnme,0,
x1_00.600,9.50898625923751,0.0,obgnme,0,
x1_00.700,9.625166721654773,0.0,obgnme,0,
x1_00.800,9.709818507648906,0.0,obgnme,0,
x1_00.900,9.754086543981277,0.0,obgnme,0,
x1_01.000,9.748583108323064,0.0,obgnme,0,
x1_01.100,9.683721411747682,0.0,obgnme,0,
x1_01.200,9.550184784075551,0.0,obgnme,0,
x1_01.300,9.3395377464726,0.0,obgnme,0,
x1_01.400,9.04496965016688,0.0,obgnme,0,
x1_01.500,8.662140048397642,0.0,obgnme,0,
x1_01.600,8.190068527889157,0.0,obgnme,0,
x1_01.700,7.631982896347809,0.0,obgnme,0,
x1_01.800,6.996012764921548,0.0,obgnme,0,
x1_01.900,6.295596771090101,0.0,obgnme,0,
x1_02.000,5.549468124388852,0.0,obgnme,0,
x1_02.100,4.78110162860515,0.0,obgnme,0,
x1_02.200,4.01755003900037,0.0,obgnme,0,
x1_02.300,3.28766767810407,0.0,obgnme,0,
x1_02.400,2.619807537169884,0.0,obgnme,0,
x1_02.500,2.039173264818649,0.0,obgnme,0,
x1_02.600,1.5650991456591425,0.0,obgnme,0,
x1_02.700,1.2086143748362317,0.0,obgnme,0,
x1_02.800,0.9707185598118323,0.0,obgnme,0,
x1_02.900,0.8418337093297348,0.0,obgnme,0,
x1_03.000,0.8028510438710589,0.0,obgnme,0,
x1_03.100,0.8279802918589786,0.0,obgnme,0,
x1_03.200,0.889184008828063,0.0,obgnme,0,
x1_03.300,0.9613981518504392,0.0,obgnme,0,
x1_03.400,1.0272158233472082,0.0,obgnme,0,
x1_03.500,1.0795547031002475,0.0,obgnme,0,
x1_03.600,1.1212800833051766,0.0,obgnme,0,
x1_03.700,1.161783932249738,0.0,obgnme,0,
x1_03.800,1.2117377518874433,0.0,obgnme,0,
x1_03.900,1.2780424403079127,0.0,obgnme,0,
x1_04.000,1.3609271056143444,0.0,obgnme,0,
x1_04.100,1.4541903155083835,0.0,obgnme,0,
x1_04.200,1.5481979913811126,0.0,obgnme,0,
x1_04.300,1.6341071959929836,0.0,obgnme,0,
x1_04.400,1.7073731762021591,0.0,obgnme,0,
x1_04.500,1.7690741017717184,0.0,obgnme,0,
x1_04.600,1.8247301799267226,0.0,obgnme,0,
x1_04.700,1.88155148722792,0.0,obgnme,0,
x1_04.800,1.9457560907176958,0.0,obgnme,0,
x1_04.900,2.0213597946101753,0.0,obgnme,0,
x1_05.000,2.1108283566548947,0.0,obgnme,0,
x1_05.100,2.216853196590552,0.0,obgnme,0,
x1_05.200,2.3439215794280184,0.0,obgnme,0,
x1_05.300,2.4985535965908645,0.0,obgnme,0,
x1_05.400,2.687860745188508,0.0,obgnme,0,
x1_05.500,2.916996933387148,0.0,obgnme,0,
x1_05.600,3.1866827184839916,0.0,obgnme,0,
x1_05.700,3.4920075166370617,0.0,obgnme,0,
x1_05.800,3.823129671957261,0.0,obgnme,0,
x1_05.900,4.167581420562932,0.0,obgnme,0,
x1_06.000,4.513130152535996,0.0,obgnme,0,
x1_06.100,4.849965236986632,0.0,obgnme,0,
x1_06.200,5.171441119876187,0.0,obgnme,0,
x1_06.300,5.4733947614594545,0.0,obgnme,0,
x1_06.400,5.752701582791791,0.0,obgnme,0,
x1_06.500,6.00593341663014,0.0,obgnme,0,
x1_06.600,6.2287360791388835,0.0,obgnme,0,
x1_06.700,6.416083218581096,0.0,obgnme,0,
x1_06.800,6.563158159427589,0.0,obgnme,0,
x1_06.900,6.666427804494204,0.0,obgnme,0,
x1_07.000,6.7245109795833455,0.0,obgnme,0,
x1_07.100,6.738613971961359,0.0,obgnme,0,
x1_07.200,6.712494208135684,0.0,obgnme,0,
x1_07.300,6.652044103903872,0.0,obgnme,0,
x1_07.400,6.564641129053326,0.0,obgnme,0,
x1_07.500,6.458405271699742,0.0,obgnme,0,
x1_07.600,6.341471933057316,0.0,obgnme,0,
x1_07.700,6.221351526237193,0.0,obgnme,0,
x1_07.800,6.104419098443554,0.0,obgnme,0,
x1_07.900,5.995559997451183,0.0,obgnme,0,
x1_08.000,5.89798692267875,0.0,obgnme,0,
x1_08.100,5.813233992235538,0.0,obgnme,0,
x1_08.200,5.741320327557865,0.0,obgnme,0,
x1_08.300,5.681057596700131,0.0,obgnme,0,
x1_08.400,5.630455068092405,0.0,obgnme,0,
x1_08.500,5.587157492480356,0.0,obgnme,0,
x1_08.600,5.548842853443275,0.0,obgnme,0,
x1_08.700,5.513514816646337,0.0,obgnme,0,
x1_08.800,5.4796498645806775,0.0,obgnme,0,
x1_08.900,5.446195802487081,0.0,obgnme,0,
x1_09.000,5.412454652214297,0.0,obgnme,0,
x1_09.100,5.377905773380104,0.0,obgnme,0,
x1_09.200,5.342026479820089,0.0,obgnme,0,
x1_09.300,5.304149073014623,0.0,obgnme,0,
x1_09.400,5.263365396363854,0.0,obgnme,0,
x1_09.500,5.218466243959696,0.0,obgnme,0,
x1_09.600,5.167893225871795,0.0,obgnme,0,
x1_09.700,5.109687242488581,0.0,obgnme,0,
x1_09.800,5.041435119216786,0.0,obgnme,0,
x1_09.900,4.96023460305476,0.0,obgnme,0,
x1_10.000,4.8627087359814505,0.0,obgnme,0,
x1_10.100,4.745098651037784,0.0,obgnme,0,
x1_10.200,4.60344966569637,0.0,obgnme,0,
x1_10.300,4.433884323526001,0.0,obgnme,0,
x1_10.400,4.232934956885719,0.0,obgnme,0,
x1_10.500,3.9978937814889433,0.0,obgnme,0,
x1_10.600,3.727133958299621,0.0,obgnme,0,
x1_10.700,3.4203604094278237,0.0,obgnme,0,
x1_10.800,3.078761619557958,0.0,obgnme,0,
x1_10.900,2.705049118897013,0.0,obgnme,0,
x1_11.000,2.303386045276431,0.0,obgnme,0,
x1_11.100,1.8792176105017475,0.0,obgnme,0,
x1_11.200,1.4390234732614324,0.0,obgnme,0,
x1_11.300,0.9900152220828644,0.0,obgnme,0,
x1_11.400,0.5398023880713683,0.0,obgnme,0,
x1_11.500,0.09604882629858219,0.0,obgnme,0,
x1_11.600,-0.3338610546440941,0.0,obgnme,0,
x1_11.700,-0.7431292063125983,0.0,obgnme,0,
x1_11.800,-1.1258092900124868,0.0,obgnme,0,
x1_11.900,-1.4770179306778952,0.0,obgnme,0,
x1_12.000,-1.7930816534253728,0.0,obgnme,0,
x1_12.100,-2.0716120776777656,0.0,obgnme,0,
x1_12.200,-2.311505548197954,0.0,obgnme,0,
x1_12.300,-2.512867972440257,0.0,obgnme,0,
x1_12.400,-2.676871143118369,0.0,obgnme,0,
x1_12.500,-2.805552868839413,0.0,obgnme,0,
x1_12.600,-2.901579087320972,0.0,obgnme,0,
x1_12.700,-2.967990792223982,0.0,obgnme,0,
x1_12.800,-3.007960967676233,0.0,obgnme,0,
x1_12.900,-3.0245858836218096,0.0,obgnme,0,
x1_13.000,-3.020730655058605,0.0,obgnme,0,
x1_13.100,-2.998941249006334,0.0,obgnme,0,
x1_13.200,-2.9614252702472816,0.0,obgnme,0,
x1_13.300,-2.9100936078752504,0.0,obgnme,0,
x1_13.400,-2.8466463187194537,0.0,obgnme,0,
x1_13.500,-2.7726806187560884,0.0,obgnme,0,
x1_13.600,-2.689797517000967,0.0,obgnme,0,
x1_13.700,-2.5996865231945994,0.0,obgnme,0,
x1_13.800,-2.50417418423341,0.0,obgnme,0,
x1_13.900,-2.4052305086181978,0.0,obgnme,0,
x1_14.000,-2.304935880070273,0.0,obgnme,0,
x1_14.100,-2.2054181590564075,0.0,obgnme,0,
x1_14.200,-2.108774012312498,0.0,obgnme,0,
x1_14.300,-2.0169893810582895,0.0,obgnme,0,
x1_14.400,-1.931871412218038,0.0,obgnme,0,
x1_14.500,-1.8549988901604164,0.0,obgnme,0,
x1_14.600,-1.7876915911817484,0.0,obgnme,0,
x1_14.700,-1.730992746303051,0.0,obgnme,0,
x1_14.800,-1.685654583249285,0.0,obgnme,0,
x1_14.900,-1.6521158804720761,0.0,obgnme,0,
x1_15.000,-1.6304629512127955,0.0,obgnme,0,
x1_15.100,-1.6203709220154159,0.0,obgnme,0,
x1_15.200,-1.621029267529075,0.0,obgnme,0,
x1_15.300,-1.6310626136186528,0.0,obgnme,0,
x1_15.400,-1.6484631663791893,0.0,obgnme,0,
x1_15.500,-1.6705535077410314,0.0,obgnme,0,
x1_15.600,-1.6939972664732454,0.0,obgnme,0,
x1_15.700,-1.7148703318874676,0.0,obgnme,0,
x1_15.800,-1.7287974438408487,0.0,obgnme,0,
x1_15.900,-1.7311493103170723,0.0,obgnme,0,
x1_16.000,-1.7172854316097195,0.0,obgnme,0,
x1_16.100,-1.6828193495610544,0.0,obgnme,0,
x1_16.200,-1.623877851882557,0.0,obgnme,0,
x1_16.300,-1.5373250639614096,0.0,obgnme,0,
x1_16.400,-1.4209268021905965,0.0,obgnme,0,
x1_16.500,-1.2734393404669104,0.0,obgnme,0,
x1_16.600,-1.0946180472183535,0.0,obgnme,0,
x1_16.700,-0.885152718312539,0.0,obgnme,0,
x1_16.800,-0.646545462278921,0.0,obgnme,0,
x1_16.900,-0.3809520743145995,0.0,obgnme,0,
x1_17.000,-0.09100854465845876,0.0,obgnme,0,
x1_17.100,0.2203385911149145,0.0,obgnme,0,
x1_17.200,0.5499845012348237,0.0,obgnme,0,
x1_17.300,0.8947931292055058,0.0,obgnme,0,
x1_17.400,1.2516964655100242,0.0,obgnme,0,
x1_17.500,1.6177672057263315,0.0,obgnme,0,
x1_17.600,1.9902682512050185,0.0,obgnme,0,
x1_17.700,2.3666834299731714,0.0,obgnme,0,
x1_17.800,2.7447337755092693,0.0,obgnme,0,
x1_17.900,3.122383124970743,0.0,obgnme,0,
x1_18.000,3.49783604262027,0.0,obgnme,0,
x1_18.100,3.8695303714119764,0.0,obgnme,0,
x1_18.200,4.23612616818959,0.0,obgnme,0,
x1_18.300,4.596492385309546,0.0,obgnme,0,
x1_18.400,4.949692367158988,0.0,obgnme,0,
x1_18.500,5.294968968161844,0.0,obgnme,0,
x1_18.600,5.631729827592797,0.0,obgnme,0,
x1_18.700,5.959533051117977,0.0,obgnme,0,
x1_18.800,6.2780732765753,0.0,obgnme,0,
x1_18.900,6.587167884225293,0.0,obgnme,0,
x1_19.000,6.886742986859214,0.0,obgnme,0,
x1_19.100,7.176818819933345,0.0,obgnme,0,
x1_19.200,7.457494237109123,0.0,obgnme,0,
x1_19.300,7.7289301702302495,0.0,obgnme,0,
x1_19.400,7.991332090862045,0.0,obgnme,0,
x1_19.500,8.24493167026692,0.0,obgnme,0,
x1_19.600,8.489967945393712,0.0,obgnme,0,
x1_19.700,8.726668347008856,0.0,obgnme,0,
x1_19.800,8.955229936573037,0.0,obgnme,0,
x1_19.900,9.175801147378827,0.0,obgnme,0,
x2_00.000,9.535095898594083,1.0,obgnme,0,1.0
x2_00.100,9.547253765945365,1.0,obgnme,0,1.0
x2_00.200,9.528556919460781,1.0,obgnme,0,1.0
x2_00.300,9.474419699555742,1.0,obgnme,0,1.0
x2_00.400,9.380329324017229,1.0,obgnme,0,1.0
x2_00.500,9.242087756930173,1.0,obgnme,0,1.0
x2_00.600,9.056107212763683,1.0,obgnme,0,1.0
x2_00.700,8.819753078111875,1.0,obgnme,0,1.0
x2_00.800,8.53172008821383,1.0,obgnme,0,1.0
x2_00.900,8.192418125095365,1.0,obgnme,0,1.0
x2_01.000,7.80433383351107,1.0,obgnme,0,1.0
x2_01.100,7.372324743543991,1.0,obgnme,0,1.0
x2_01.200,6.9037956249257375,1.0,obgnme,0,1.0
x2_01.300,6.408704601871936,1.0,obgnme,0,1.0
x2_01.400,5.89935134251112,1.0,obgnme,0,1.0
x2_01.500,5.3899131028482685,1.0,obgnme,0,1.0
x2_01.600,4.895717205909525,1.0,obgnme,0,1.0
x2_01.700,4.432269938056097,1.0,obgnme,0,1.0
x2_01.800,4.014099745407099,1.0,obgnme,0,1.0
x2_01.900,3.6535138609552495,1.0,obgnme,0,1.0
x2_02.000,3.359407995975715,1.0,obgnme,0,1.0
x2_02.100,3.1363026416819886,1.0,obgnme,0,1.0
x2_02.200,2.983797316910125,1.0,obgnme,0,1.0
x2_02.300,2.8966209076411027,1.0,obgnme,0,1.0
x2_02.400,2.8653937690128513,1.0,obgnme,0,1.0
x2_02.500,2.878092378615598,1.0,obgnme,0,1.0
x2_02.600,2.922027073228855,1.0,obgnme,0,1.0
x2_02.700,2.985949183582326,1.0,obgnme,0,1.0
x2_02.800,3.0617724244618953,1.0,obgnme,0,1.0
x2_02.900,3.14541310180437,1.0,obgnme,0,1.0
x2_03.000,3.236476618012542,1.0,obgnme,0,1.0
x2_03.100,3.3369068756744147,1.0,obgnme,0,1.0
x2_03.200,3.4491246433396885,1.0,obgnme,0,1.0
x2_03.300,3.574404779042521,1.0,obgnme,0,1.0
x2_03.400,3.712129172745753,1.0,obgnme,0,1.0
x2_03.500,3.860123784924633,1.0,obgnme,0,1.0
x2_03.600,4.015763185127257,1.0,obgnme,0,1.0
x2_03.700,4.177201268388906,1.0,obgnme,0,1.0
x2_03.800,4.344133887808091,1.0,obgnme,0,1.0
x2_03.900,4.517836937300816,1.0,obgnme,0,1.0
x2_04.000,4.700594172624968,1.0,obgnme,0,1.0
x2_04.100,4.894822104869452,1.0,obgnme,0,1.0
x2_04.200,5.102201799257022,1.0,obgnme,0,1.0
x2_04.300,5.323054755663077,1.0,obgnme,0,1.0
x2_04.400,5.556119089712419,1.0,obgnme,0,1.0
x2_04.500,5.798758715102851,1.0,obgnme,0,1.0
x2_04.600,6.047457445000053,1.0,obgnme,0,1.0
x2_04.700,6.298318279095602,1.0,obgnme,0,1.0
x2_04.800,6.547342976154697,1.0,obgnme,0,1.0
x2_04.900,6.790490202796731,1.0,obgnme,0,1.0
x2_05.000,7.023702919490855,1.0,obgnme,0,1.0
x2_05.100,7.243077728128937,1.0,obgnme,0,1.0
x2_05.200,7.4451526990368855,1.0,obgnme,0,1.0
x2_05.300,7.627116569354501,1.0,obgnme,0,1.0
x2_05.400,7.786749752531856,1.0,obgnme,0,1.0
x2_05.500,7.922072871049708,1.0,obgnme,0,1.0
x2_05.600,8.030848413637516,1.0,obgnme,0,1.0
x2_05.700,8.110129782317019,1.0,obgnme,0,1.0
x2_05.800,8.155980866364766,1.0,obgnme,0,1.0
x2_05.900,8.163393429296603,1.0,obgnme,0,1.0
x2_06.000,8.126388570369645,1.0,obgnme,0,1.0
x2_06.100,8.038300808067502,1.0,obgnme,0,1.0
x2_06.200,7.89225758191454,1.0,obgnme,0,1.0
x2_06.300,7.6818498939651745,1.0,obgnme,0,1.0
x2_06.400,7.401947740390131,1.0,obgnme,0,1.0
x2_06.500,7.049565909683512,1.0,obgnme,0,1.0
x2_06.600,6.62464347201775,1.0,obgnme,0,1.0
x2_06.700,6.130576889433653,1.0,obgnme,0,1.0
x2_06.800,5.574362914164136,1.0,obgnme,0,1.0
x2_06.900,4.966275806153325,1.0,obgnme,0,1.0
x2_07.000,4.319108688134712,1.0,obgnme,0,1.0
x2_07.100,3.64711151113477,1.0,obgnme,0,1.0
x2_07.200,2.964818598562955,1.0,obgnme,0,1.0
x2_07.300,2.2859601924958555,1.0,obgnme,0,1.0
x2_07.400,1.6226049827457758,1.0,obgnme,0,1.0
x2_07.500,0.984609738797831,1.0,obgnme,0,1.0
x2_07.600,0.3793833234211197,1.0,obgnme,0,1.0
x2_07.700,-0.1880784878695022,1.0,obgnme,0,1.0
x2_07.800,-0.7149587987265268,1.0,obgnme,0,1.0
x2_07.900,-1.2002647856836195,1.0,obgnme,0,1.0
x2_08.000,-1.644423789091659,1.0,obgnme,0,1.0
x2_08.100,-2.0488858918294968,1.0,obgnme,0,1.0
x2_08.200,-2.4157691329585007,1.0,obgnme,0,1.0
x2_08.300,-2.7475645028082663,1.0,obgnme,0,1.0
x2_08.400,-3.0469024074509403,1.0,obgnme,0,1.0
x2_08.500,-3.3163725540947877,1.0,obgnme,0,1.0
x2_08.600,-3.5583860762398842,1.0,obgnme,0,1.0
x2_08.700,-3.7750713724818263,1.0,obgnme,0,1.0
x2_08.800,-3.9682011202171044,1.0,obgnme,0,1.0
x2_08.900,-4.1391539185716635,1.0,obgnme,0,1.0
x2_09.000,-4.2889170521184425,1.0,obgnme,0,1.0
x2_09.100,-4.41813543118446,1.0,obgnme,0,1.0
x2_09.200,-4.527206161968766,1.0,obgnme,0,1.0
x2_09.300,-4.6164101836979405,1.0,obgnme,0,1.0
x2_09.400,-4.686064423338173,1.0,obgnme,0,1.0
x2_09.500,-4.736672337339894,1.0,obgnme,0,1.0
x2_09.600,-4.769049221786351,1.0,obgnme,0,1.0
x2_09.700,-4.784401806276324,1.0,obgnme,0,1.0
x2_09.800,-4.7843486053562865,1.0,obgnme,0,1.0
x2_09.900,-4.770876490706942,1.0,obgnme,0,1.0
x2_10.000,-4.746237951152804,0.0,obgnme,0,
x2_10.100,-4.7128010809234535,0.0,obgnme,0,
x2_10.200,-4.672869924749214,0.0,obgnme,0,
x2_10.300,-4.628496441784831,0.0,obgnme,0,
x2_10.400,-4.5813070475645326,0.0,obgnme,0,
x2_10.500,-4.532366100479645,0.0,obgnme,0,
x2_10.600,-4.482095259636884,0.0,obgnme,0,
x2_10.700,-4.430261140477091,0.0,obgnme,0,
x2_10.800,-4.376034747369747,0.0,obgnme,0,
x2_10.900,-4.318116260962361,0.0,obgnme,0,
x2_11.000,-4.254909834081637,0.0,obgnme,0,
x2_11.100,-4.184726804781638,0.0,obgnme,0,
x2_11.200,-4.105993101260404,0.0,obgnme,0,
x2_11.300,-4.017437584069729,0.0,obgnme,0,
x2_11.400,-3.9182419052803636,0.0,obgnme,0,
x2_11.500,-3.808138094689968,0.0,obgnme,0,
x2_11.600,-3.6874465038125197,0.0,obgnme,0,
x2_11.700,-3.5570532164912865,0.0,obgnme,0,
x2_11.800,-3.4183321122347037,0.0,obgnme,0,
x2_11.900,-3.273022122798294,0.0,obgnme,0,
x2_12.000,-3.1230745113651954,0.0,obgnme,0,
x2_12.100,-2.970487794064542,0.0,obgnme,0,
x2_12.200,-2.817148758331352,0.0,obgnme,0,
x2_12.300,-2.664696603621753,0.0,obgnme,0,
x2_12.400,-2.5144235731805775,0.0,obgnme,0,
x2_12.500,-2.367220053079427,0.0,obgnme,0,
x2_12.600,-2.2235658900348927,0.0,obgnme,0,
x2_12.700,-2.0835637285540325,0.0,obgnme,0,
x2_12.800,-1.947005496678028,0.0,obgnme,0,
x2_12.900,-1.8134604066034652,0.0,obgnme,0,
x2_13.000,-1.6823720952066523,0.0,obgnme,0,
x2_13.100,-1.5531534632750827,0.0,obgnme,0,
x2_13.200,-1.4252697860332046,0.0,obgnme,0,
x2_13.300,-1.2983031787542032,0.0,obgnme,0,
x2_13.400,-1.171994125584119,0.0,obgnme,0,
x2_13.500,-1.046258366912514,0.0,obgnme,0,
x2_13.600,-0.9211799703207808,0.0,obgnme,0,
x2_13.700,-0.7969838316114496,0.0,obgnme,0,
x2_13.800,-0.6739929742608984,0.0,obgnme,0,
x2_13.900,-0.5525775130370681,0.0,obgnme,0,
x2_14.000,-0.43310268284418085,0.0,obgnme,0,
x2_14.100,-0.3158827220272823,0.0,obgnme,0,
x2_14.200,-0.20114572727579988,0.0,obgnme,0,
x2_14.300,-0.08901223316201777,0.0,obgnme,0,
x2_14.400,0.020512244013544206,0.0,obgnme,0,
x2_14.500,0.12753257671200224,0.0,obgnme,0,
x2_14.600,0.23225052841754049,0.0,obgnme,0,
x2_14.700,0.3349460251453975,0.0,obgnme,0,
x2_14.800,0.43595642948357005,0.0,obgnme,0,
x2_14.900,0.5356560696866285,0.0,obgnme,0,
x2_15.000,0.6344370239293227,0.0,obgnme,0,
x2_15.100,0.7326909323460221,0.0,obgnme,0,
x2_15.200,0.8307906709610137,0.0,obgnme,0,
x2_15.300,0.929070298102971,0.0,obgnme,0,
x2_15.400,1.0278019430012484,0.0,obgnme,0,
x2_15.500,1.1271693055677794,0.0,obgnme,0,
x2_15.600,1.2272390568135587,0.0,obgnme,0,
x2_15.700,1.3279333343147646,0.0,obgnme,0,
x2_15.800,1.4290081899319484,0.0,obgnme,0,
x2_15.900,1.5300436667183694,0.0,obgnme,0,
x2_16.000,1.6304506701952972,0.0,obgnme,0,
x2_16.100,1.7294977810557652,0.0,obgnme,0,
x2_16.200,1.8263579061129358,0.0,obgnme,0,
x2_16.300,1.9201709000958858,0.0,obgnme,0,
x2_16.400,2.010114995972234,0.0,obgnme,0,
x2_16.500,2.095477990952555,0.0,obgnme,0,
x2_16.600,2.1757192012896622,0.0,obgnme,0,
x2_16.700,2.250515178628897,0.0,obgnme,0,
x2_16.800,2.319785451300115,0.0,obgnme,0,
x2_16.900,2.383698154936038,0.0,obgnme,0,
x2_17.000,2.44265840725656,0.0,obgnme,0,
x2_17.100,2.4972840509825702,0.0,obgnme,0,
x2_17.200,2.5483737942591795,0.0,obgnme,0,
x2_17.300,2.5968720860565124,0.0,obgnme,0,
x2_17.400,2.643833761012576,0.0,obgnme,0,
x2_17.500,2.6903900699149412,0.0,obgnme,0,
x2_17.600,2.737716537278109,0.0,obgnme,0,
x2_17.700,2.7870023258839947,0.0,obgnme,0,
x2_17.800,2.839420445536154,0.0,obgnme,0,
x2_17.900,2.896098125826074,0.0,obgnme,0,
x2_18.000,2.958086853902298,0.0,obgnme,0,
x2_18.100,3.026331846925505,0.0,obgnme,0,
x2_18.200,3.1016410119260827,0.0,obgnme,0,
x2_18.300,3.184653708644854,0.0,obgnme,0,
x2_18.400,3.2758098649775405,0.0,obgnme,0,
x2_18.500,3.3753202002979372,0.0,obgnme,0,
x2_18.600,3.483138485721818,0.0,obgnme,0,
x2_18.700,3.598936899847734,0.0,obgnme,0,
x2_18.800,3.722085605387829,0.0,obgnme,0,
x2_18.900,3.8516376604534805,0.0,obgnme,0,
x2_19.000,3.986320283076267,0.0,obgnme,0,
x2_19.100,4.124533319374997,0.0,obgnme,0,
x2_19.200,4.264355549236038,0.0,obgnme,0,
x2_19.300,4.403559230025312,0.0,obgnme,0,
x2_19.400,4.539633057371248,0.0,obgnme,0,
x2_19.500,4.6698135294780965,0.0,obgnme,0,
x2_19.600,4.791124538674313,0.0,obgnme,0,
x2_19.700,4.900424866999519,0.0,obgnme,0,
x2_19.800,4.994463108823184,0.0,obgnme,0,
x2_19.900,5.069939359902864,0.0,obgnme,0,
x3_00.000,7.523042221716435,0.0,obgnme,0,
x3_00.100,7.373820781822818,0.0,obgnme,0,
x3_00.200,7.197699044474927,0.0,obgnme,0,
x3_00.300,6.996435143529155,0.0,obgnme,0,
x3_00.400,6.7728959411599785,0.0,obgnme,0,
x3_00.500,6.531105399006796,0.0,obgnme,0,
x3_00.600,6.276228126000413,0.0,obgnme,0,
x3_00.700,6.014472768495753,0.0,obgnme,0,
x3_00.800,5.752904025963403,0.0,obgnme,0,
x3_00.900,5.499159094233268,0.0,obgnme,0,
x3_01.000,5.261074376334356,0.0,obgnme,0,
x3_01.100,5.046241075879732,0.0,obgnme,0,
x3_01.200,4.861522954193952,0.0,obgnme,0,
x3_01.300,4.712584467682333,0.0,obgnme,0,
x3_01.400,4.603490060450296,0.0,obgnme,0,
x3_01.500,4.53644174774032,0.0,obgnme,0,
x3_01.600,4.511717528672296,0.0,obgnme,0,
x3_01.700,4.527852946981571,0.0,obgnme,0,
x3_01.800,4.58206981432144,0.0,obgnme,0,
x3_01.900,4.670902388324063,0.0,obgnme,0,
x3_02.000,4.79091253151165,0.0,obgnme,0,
x3_02.100,4.939339895983025,0.0,obgnme,0,
x3_02.200,5.114523157192606,0.0,obgnme,0,
x3_02.300,5.315970763276382,0.0,obgnme,0,
x3_02.400,5.54405494569155,0.0,obgnme,0,
x3_02.500,5.799426539255564,0.0,obgnme,0,
x3_02.600,6.082354066725841,0.0,obgnme,0,
x3_02.700,6.392227128901389,0.0,obgnme,0,
x3_02.800,6.727402044472281,0.0,obgnme,0,
x3_02.900,7.085422516904047,0.0,obgnme,0,
x3_03.000,7.463481810831327,0.0,obgnme,0,
x3_03.100,7.858885608890032,0.0,obgnme,0,
x3_03.200,8.269279484809514,0.0,obgnme,0,
x3_03.300,8.692515678467506,0.0,obgnme,0,
x3_03.400,9.126191339560666,0.0,obgnme,0,
x3_03.500,9.567021113684465,0.0,obgnme,0,
x3_03.600,10.010262015227493,0.0,obgnme,0,
x3_03.700,10.44937738022322,0.0,obgnme,0,
x3_03.800,10.876030811957637,0.0,obgnme,0,
x3_03.900,11.280383116636802,0.0,obgnme,0,
x3_04.000,11.651573584728197,0.0,obgnme,0,
x3_04.100,11.978234255634066,0.0,obgnme,0,
x3_04.200,12.248916339220594,0.0,obgnme,0,
x3_04.300,12.452382243238327,0.0,obgnme,0,
x3_04.400,12.577801947472715,0.0,obgnme,0,
x3_04.500,12.614952369510242,0.0,obgnme,0,
x3_04.600,12.554526378490763,0.0,obgnme,0,
x3_04.700,12.388611089108576,0.0,obgnme,0,
x3_04.800,12.11131269476509,0.0,obgnme,0,
x3_04.900,11.719416614538222,0.0,obgnme,0,
x3_05.000,11.212907021160813,0.0,obgnme,0,
x3_05.100,10.595160138433332,0.0,obgnme,0,
x3_05.200,9.872696496325531,0.0,obgnme,0,
x3_05.300,9.054521932667638,0.0,obgnme,0,
x3_05.400,8.151246527973043,0.0,obgnme,0,
x3_05.500,7.174257343511576,0.0,obgnme,0,
x3_05.600,6.13518029451202,0.0,obgnme,0,
x3_05.700,5.045721440421713,0.0,obgnme,0,
x3_05.800,3.9178130133418243,0.0,obgnme,0,
x3_05.900,2.763891262751721,0.0,obgnme,0,
x3_06.000,1.5971361144246834,0.0,obgnme,0,
x3_06.100,0.4315771162795108,0.0,obgnme,0,
x3_06.200,-0.7179471421182644,0.0,obgnme,0,
x3_06.300,-1.83594985782766,0.0,obgnme,0,
x3_06.400,-2.906566085549759,0.0,obgnme,0,
x3_06.500,-3.9139603466782527,0.0,obgnme,0,
x3_06.600,-4.842916845405097,0.0,obgnme,0,
x3_06.700,-5.679621854773764,0.0,obgnme,0,
x3_06.800,-6.41256815582711,0.0,obgnme,0,
x3_06.900,-7.033429100602226,0.0,obgnme,0,
x3_07.000,-7.537712933713648,0.0,obgnme,0,
x3_07.100,-7.92504049735448,0.0,obgnme,0,
x3_07.200,-8.198978509779442,0.0,obgnme,0,
x3_07.300,-8.366467531369235,0.0,obgnme,0,
x3_07.400,-8.436967813684218,0.0,obgnme,0,
x3_07.500,-8.42148424214447,0.0,obgnme,0,
x3_07.600,-8.331623067917057,0.0,obgnme,0,
x3_07.700,-8.178793343258494,0.0,obgnme,0,
x3_07.800,-7.973614664729476,0.0,obgnme,0,
x3_07.900,-7.725545695516088,0.0,obgnme,0,
x3_08.000,-7.442713376428778,0.0,obgnme,0,
x3_08.100,-7.131902646920169,0.0,obgnme,0,
x3_08.200,-6.798658859117818,0.0,obgnme,0,
x3_08.300,-6.447456409391276,0.0,obgnme,0,
x3_08.400,-6.081894076477811,0.0,obgnme,0,
x3_08.500,-5.7048874860657675,0.0,obgnme,0,
x3_08.600,-5.318840010575823,0.0,obgnme,0,
x3_08.700,-4.925783635070611,0.0,obgnme,0,
x3_08.800,-4.527489496522034,0.0,obgnme,0,
x3_08.900,-4.125552924950694,0.0,obgnme,0,
x3_09.000,-3.7214595338831202,0.0,obgnme,0,
x3_09.100,-3.3166377498768433,0.0,obgnme,0,
x3_09.200,-2.9125004391746807,0.0,obgnme,0,
x3_09.300,-2.5104756120839986,0.0,obgnme,0,
x3_09.400,-2.11202488461346,0.0,obgnme,0,
x3_09.500,-1.718648957050338,0.0,obgnme,0,
x3_09.600,-1.33188138162572,0.0,obgnme,0,
x3_09.700,-0.953274236652407,0.0,obgnme,0,
x3_09.800,-0.5843808307426455,0.0,obgnme,0,
x3_09.900,-0.2267405340061981,0.0,obgnme,0,
x3_10.000,0.11813069405119409,0.0,obgnme,0,
x3_10.100,0.44874292162467105,0.0,obgnme,0,
x3_10.200,0.763629341306913,0.0,obgnme,0,
x3_10.300,1.061341154705318,0.0,obgnme,0,
x3_10.400,1.3404447719912285,0.0,obgnme,0,
x3_10.500,1.5995263423576032,0.0,obgnme,0,
x3_10.600,1.8372084450337696,0.0,obgnme,0,
x3_10.700,2.052182834013739,0.0,obgnme,0,
x3_10.800,2.2432612749468324,0.0,obgnme,0,
x3_10.900,2.40944367602139,0.0,obgnme,0,
x3_11.000,2.549999147097071,0.0,obgnme,0,
x3_11.100,2.6645519575205534,0.0,obgnme,0,
x3_11.200,2.7531614886761635,0.0,obgnme,0,
x3_11.300,2.8163840521613652,0.0,obgnme,0,
x3_11.400,2.855305408861324,0.0,obgnme,0,
x3_11.500,2.8715360089937465,0.0,obgnme,0,
x3_11.600,2.867165873056769,0.0,obgnme,0,
x3_11.700,2.84468173373552,0.0,obgnme,0,
x3_11.800,2.8068544602787155,0.0,obgnme,0,
x3_11.900,2.756608862079817,0.0,obgnme,0,
x3_12.000,2.6968899858494906,0.0,obgnme,0,
x3_12.100,2.630539694401661,0.0,obgnme,0,
x3_12.200,2.5601948468389844,0.0,obgnme,0,
x3_12.300,2.488214410516942,0.0,obgnme,0,
x3_12.400,2.4166381967937,0.0,obgnme,0,
x3_12.500,2.3471755287865097,0.0,obgnme,0,
x3_12.600,2.281218744214576,0.0,obgnme,0,
x3_12.700,2.2198744139874513,0.0,obgnme,0,
x3_12.800,2.1640045675519963,0.0,obgnme,0,
x3_12.900,2.1142708239092105,0.0,obgnme,0,
x3_13.000,2.071175742975208,0.0,obgnme,0,
x3_13.100,2.035097526865349,0.0,obgnme,0,
x3_13.200,2.0063160793439025,0.0,obgnme,0,
x3_13.300,1.985030142979959,0.0,obgnme,0,
x3_13.400,1.9713666332046516,0.0,obgnme,0,
x3_13.500,1.9653842846423062,0.0,obgnme,0,
x3_13.600,1.9670742567453745,0.0,obgnme,0,
x3_13.700,1.976360386565972,0.0,obgnme,0,
x3_13.800,1.9931013564177804,0.0,obgnme,0,
x3_13.900,2.0170962678761146,0.0,obgnme,0,
x3_14.000,2.0480941555799825,0.0,obgnme,0,
x3_14.100,2.085807044374862,0.0,obgnme,0,
x3_14.200,2.1299254422574947,0.0,obgnme,0,
x3_14.300,2.1801347894262153,0.0,obgnme,0,
x3_14.400,2.2361313716419535,0.0,obgnme,0,
x3_14.500,2.2976364814837273,0.0,obgnme,0,
x3_14.600,2.3644080411951913,0.0,obgnme,0,
x3_14.700,2.4362493390772997,0.0,obgnme,0,
x3_14.800,2.5130148589771197,0.0,obgnme,0,
x3_14.900,2.594613333511873,0.0,obgnme,0,
x3_15.000,2.681008119111055,0.0,obgnme,0,
x3_15.100,2.772214816811476,0.0,obgnme,0,
x3_15.200,2.8682958210654705,0.0,obgnme,0,
x3_15.300,2.969351257972931,0.0,obgnme,0,
x3_15.400,3.0755056628643884,0.0,obgnme,0,
x3_15.500,3.1868898235580154,0.0,obgnme,0,
x3_15.600,3.3036175388392386,0.0,obgnme,0,
x3_15.700,3.4257576377057966,0.0,obgnme,0,
x3_15.800,3.553302446889845,0.0,obgnme,0,
x3_15.900,3.6861348807767724,0.0,obgnme,0,
x3_16.000,3.823997272147697,0.0,obgnme,0,
x3_16.100,3.9664657092078777,0.0,obgnme,0,
x3_16.200,4.112933729601449,0.0,obgnme,0,
x3_16.300,4.262608563988354,0.0,obgnme,0,
x3_16.400,4.414521715692661,0.0,obgnme,0,
x3_16.500,4.567553728632991,0.0,obgnme,0,
x3_16.600,4.720470940012432,0.0,obgnme,0,
x3_16.700,4.871970309742824,0.0,obgnme,0,
x3_16.800,5.0207274455525575,0.0,obgnme,0,
x3_16.900,5.165442864870323,0.0,obgnme,0,
x3_17.000,5.304882264017797,0.0,obgnme,0,
x3_17.100,5.437907824363116,0.0,obgnme,0,
x3_17.200,5.563499025408078,0.0,obgnme,0,
x3_17.300,5.680762753822794,0.0,obgnme,0,
x3_17.400,5.788933509032868,0.0,obgnme,0,
x3_17.500,5.8873651518738805,0.0,obgnme,0,
x3_17.600,5.975515961373931,0.0,obgnme,0,
x3_17.700,6.052928843083218,0.0,obgnme,0,
x3_17.800,6.119208464734685,0.0,obgnme,0,
x3_17.900,6.173996957301323,0.0,obgnme,0,
x3_18.000,6.21694966083953,0.0,obgnme,0,
x3_18.100,6.247712240094273,0.0,obgnme,0,
x3_18.200,6.265900353692392,0.0,obgnme,0,
x3_18.300,6.271082933187373,0.0,obgnme,0,
x3_18.400,6.262770010838209,0.0,obgnme,0,
x3_18.500,6.240405922781582,0.0,obgnme,0,
x3_18.600,6.2033686007841595,0.0,obgnme,0,
x3_18.700,6.150975542878136,0.0,obgnme,0,
x3_18.800,6.082496910871752,0.0,obgnme,0,
x3_18.900,5.997176029631632,0.0,obgnme,0,
x3_19.000,5.894257347552062,0.0,obgnme,0,
x3_19.100,5.773021649442662,0.0,obgnme,0,
x3_19.200,5.632827985094129,0.0,obgnme,0,
x3_19.300,5.4731613875566865,0.0,obgnme,0,
x3_19.400,5.293685011651058,0.0,obgnme,0,
x3_19.500,5.09429484373388,0.0,obgnme,0,
x3_19.600,4.875174650243904,0.0,obgnme,0,
x3_19.700,4.636848391494394,0.0,obgnme,0,
x3_19.800,4.380226987568651,0.0,obgnme,0,
x3_19.900,4.106646151327066,0.0,obgnme,0,
x4_00.000,7.072158612352342,1.0,obgnme,0,1.0
x4_00.100,6.93670117577131,1.0,obgnme,0,1.0
x4_00.200,6.809520784519989,1.0,obgnme,0,1.0
x4_00.300,6.69418753142167,1.0,obgnme,0,1.0
x4_00.400,6.594266552059707,1.0,obgnme,0,1.0
x4_00.500,6.513158831666805,1.0,obgnme,0,1.0
x4_00.600,6.45394609309588,1.0,obgnme,0,1.0
x4_00.700,6.419257439591163,1.0,obgnme,0,1.0
x4_00.800,6.411176087112041,1.0,obgnme,0,1.0
x4_00.900,6.431201979138459,1.0,obgnme,0,1.0
x4_01.000,6.480279563826203,1.0,obgnme,0,1.0
x4_01.100,6.558889472596315,1.0,obgnme,0,1.0
x4_01.200,6.667189390971852,1.0,obgnme,0,1.0
x4_01.300,6.805175652423654,1.0,obgnme,0,1.0
x4_01.400,6.972826936685565,1.0,obgnme,0,1.0
x4_01.500,7.170189313438909,1.0,obgnme,0,1.0
x4_01.600,7.397371017825322,1.0,obgnme,0,1.0
x4_01.700,7.654435964024464,1.0,obgnme,0,1.0
x4_01.800,7.941212713015601,1.0,obgnme,0,1.0
x4_01.900,8.257061577251115,1.0,obgnme,0,1.0
x4_02.000,8.600656007758806,1.0,obgnme,0,1.0
x4_02.100,8.969827304255249,1.0,obgnme,0,1.0
x4_02.200,9.361493544819721,1.0,obgnme,0,1.0
x4_02.300,9.771653855489305,1.0,obgnme,0,1.0
x4_02.400,10.195394366992751,1.0,obgnme,0,1.0
x4_02.500,10.626838969773619,1.0,obgnme,0,1.0
x4_02.600,11.058994345388342,1.0,obgnme,0,1.0
x4_02.700,11.483480068619569,1.0,obgnme,0,1.0
x4_02.800,11.890186090637467,1.0,obgnme,0,1.0
x4_02.900,12.266944087566795,1.0,obgnme,0,1.0
x4_03.000,12.599322444988825,1.0,obgnme,0,1.0
x4_03.100,12.87065054390559,1.0,obgnme,0,1.0
x4_03.200,13.062347385499212,1.0,obgnme,0,1.0
x4_03.300,13.154580416578428,1.0,obgnme,0,1.0
x4_03.400,13.127226310293725,1.0,obgnme,0,1.0
x4_03.500,12.961060857001273,1.0,obgnme,0,1.0
x4_03.600,12.63907803323368,1.0,obgnme,0,1.0
x4_03.700,12.147826067984559,1.0,obgnme,0,1.0
x4_03.800,11.478641993311784,1.0,obgnme,0,1.0
x4_03.900,10.628662451929145,1.0,obgnme,0,1.0
x4_04.000,9.60149810806439,1.0,obgnme,0,1.0
x4_04.100,8.40749888615723,1.0,obgnme,0,1.0
x4_04.200,7.063608929468199,1.0,obgnme,0,1.0
x4_04.300,5.5928847212148645,1.0,obgnme,0,1.0
x4_04.400,4.023782130302127,1.0,obgnme,0,1.0
x4_04.500,2.389284127931532,1.0,obgnme,0,1.0
x4_04.600,0.7258621659723825,1.0,obgnme,0,1.0
x4_04.700,-0.9278066340920117,1.0,obgnme,0,1.0
x4_04.800,-2.5324612209628077,1.0,obgnme,0,1.0
x4_04.900,-4.0502570430058755,1.0,obgnme,0,1.0
x4_05.000,-5.447063877559787,1.0,obgnme,0,1.0
x4_05.100,-6.694818962299368,1.0,obgnme,0,1.0
x4_05.200,-7.773549991450221,1.0,obgnme,0,1.0
x4_05.300,-8.672638136936424,1.0,obgnme,0,1.0
x4_05.400,-9.391003038210561,1.0,obgnme,0,1.0
x4_05.500,-9.936137300068712,1.0,obgnme,0,1.0
x4_05.600,-10.32219559665895,1.0,obgnme,0,1.0
x4_05.700,-10.567537475432127,1.0,obgnme,0,1.0
x4_05.800,-10.692176696413124,1.0,obgnme,0,1.0
x4_05.900,-10.715524008737432,1.0,obgnme,0,1.0
x4_06.000,-10.65468515375136,1.0,obgnme,0,1.0
x4_06.100,-10.523444264222727,1.0,obgnme,0,1.0
x4_06.200,-10.331949418474622,1.0,obgnme,0,1.0
x4_06.300,-10.087026488694203,1.0,obgnme,0,1.0
x4_06.400,-9.792978250608865,1.0,obgnme,0,1.0
x4_06.500,-9.452677588943729,1.0,obgnme,0,1.0
x4_06.600,-9.068738464889215,1.0,obgnme,0,1.0
x4_06.700,-8.64455084148385,1.0,obgnme,0,1.0
x4_06.800,-8.185001683674136,1.0,obgnme,0,1.0
x4_06.900,-7.6967739783758695,1.0,obgnme,0,1.0
x4_07.000,-7.188208304366631,1.0,obgnme,0,1.0
x4_07.100,-6.668803988934855,1.0,obgnme,0,1.0
x4_07.200,-6.148503369145669,1.0,obgnme,0,1.0
x4_07.300,-5.636925998298068,1.0,obgnme,0,1.0
x4_07.400,-5.1426988797305695,1.0,obgnme,0,1.0
x4_07.500,-4.672977930768635,1.0,obgnme,0,1.0
x4_07.600,-4.233195655125158,1.0,obgnme,0,1.0
x4_07.700,-3.8270187634072887,1.0,obgnme,0,1.0
x4_07.800,-3.456467413733428,1.0,obgnme,0,1.0
x4_07.900,-3.122136179523876,1.0,obgnme,0,1.0
x4_08.000,-2.823461055960043,1.0,obgnme,0,1.0
x4_08.100,-2.5589897828362855,1.0,obgnme,0,1.0
x4_08.200,-2.3266281561177364,1.0,obgnme,0,1.0
x4_08.300,-2.123848615178727,1.0,obgnme,0,1.0
x4_08.400,-1.9478573211966692,1.0,obgnme,0,1.0
x4_08.500,-1.79572203310043,1.0,obgnme,0,1.0
x4_08.600,-1.6644661669156986,1.0,obgnme,0,1.0
x4_08.700,-1.551135597332222,1.0,obgnme,0,1.0
x4_08.800,-1.4528449381163084,1.0,obgnme,0,1.0
x4_08.900,-1.3668097328444682,1.0,obgnme,0,1.0
x4_09.000,-1.2903703416842198,1.0,obgnme,0,1.0
x4_09.100,-1.2210122695111256,1.0,obgnme,0,1.0
x4_09.200,-1.1563861975359273,1.0,obgnme,0,1.0
x4_09.300,-1.0943291508960065,1.0,obgnme,0,1.0
x4_09.400,-1.032886331180285,1.0,obgnme,0,1.0
x4_09.500,-0.9703315512106875,1.0,obgnme,0,1.0
x4_09.600,-0.9051833032816345,1.0,obgnme,0,1.0
x4_09.700,-0.8362134972123875,1.0,obgnme,0,1.0
x4_09.800,-0.7624468070966601,1.0,obgnme,0,1.0
x4_09.900,-0.6831501080939928,1.0,obgnme,0,1.0
x4_10.000,-0.5978132534921657,0.0,obgnme,0,
x4_10.100,-0.5061240016673337,0.0,obgnme,0,
x4_10.200,-0.40794090840322045,0.0,obgnme,0,
x4_10.300,-0.3032682542915642,0.0,obgnme,0,
x4_10.400,-0.19223652841404743,0.0,obgnme,0,
x4_10.500,-0.07509071627783304,0.0,obgnme,0,
x4_10.600,0.04781316009556465,0.0,obgnme,0,
x4_10.700,0.17600481703849546,0.0,obgnme,0,
x4_10.800,0.3088931972049653,0.0,obgnme,0,
x4_10.900,0.44576129718828267,0.0,obgnme,0,
x4_11.000,0.5857672497069036,0.0,obgnme,0,
x4_11.100,0.7279557708450464,0.0,obgnme,0,
x4_11.200,0.8712822836923727,0.0,obgnme,0,
x4_11.300,1.0146495844013357,0.0,obgnme,0,
x4_11.400,1.1569543501559627,0.0,obgnme,0,
x4_11.500,1.2971386727590322,0.0,obgnme,0,
x4_11.600,1.4342406075078624,0.0,obgnme,0,
x4_11.700,1.5674377028228157,0.0,obgnme,0,
x4_11.800,1.6960785875519704,0.0,obgnme,0,
x4_11.900,1.8196996440314024,0.0,obgnme,0,
x4_12.000,1.9380261198128395,0.0,obgnme,0,
x4_12.100,2.0509592255594105,0.0,obgnme,0,
x4_12.200,2.1585524192654746,0.0,obgnme,0,
x4_12.300,2.2609809574177855,0.0,obgnme,0,
x4_12.400,2.3585088795191385,0.0,obgnme,0,
x4_12.500,2.451457033978284,0.0,obgnme,0,
x4_12.600,2.540174799708378,0.0,obgnme,0,
x4_12.700,2.625017073482543,0.0,obgnme,0,
x4_12.800,2.7063270937266966,0.0,obgnme,0,
x4_12.900,2.7844248906665086,0.0,obgnme,0,
x4_13.000,2.8596006406051893,0.0,obgnme,0,
x4_13.100,2.9321119438522065,0.0,obgnme,0,
x4_13.200,3.0021839887372472,0.0,obgnme,0,
x4_13.300,3.0700116422297357,0.0,obgnme,0,
x4_13.400,3.1357626590897394,0.0,obgnme,0,
x4_13.500,3.1995813777605067,0.0,obgnme,0,
x4_13.600,3.2615924400920933,0.0,obgnme,0,
x4_13.700,3.3219042160788246,0.0,obgnme,0,
x4_13.800,3.3806117285404724,0.0,obgnme,0,
x4_13.900,3.437798958665881,0.0,obgnme,0,
x4_14.000,3.4935404784804978,0.0,obgnme,0,
x4_14.100,3.547902408094942,0.0,obgnme,0,
x4_14.200,3.6009427390450557,0.0,obgnme,0,
x4_14.300,3.6527111010986815,0.0,obgnme,0,
x4_14.400,3.703248076023234,0.0,obgnme,0,
x4_14.500,3.7525841742243804,0.0,obgnme,0,
x4_14.600,3.8007385867984835,0.0,obgnme,0,
x4_14.700,3.8477178080160837,0.0,obgnme,0,
x4_14.800,3.893514197314367,0.0,obgnme,0,
x4_14.900,3.93810452431843,0.0,obgnme,0,
x4_15.000,3.981448525219953,0.0,obgnme,0,
x4_15.100,4.023487503103296,0.0,obgnme,0,
x4_15.200,4.064143034523091,0.0,obgnme,0,
x4_15.300,4.103315900391361,0.0,obgnme,0,
x4_15.400,4.140885434010208,0.0,obgnme,0,
x4_15.500,4.176709557076902,0.0,obgnme,0,
x4_15.600,4.210625832047226,0.0,obgnme,0,
x4_15.700,4.2424538688160265,0.0,obgnme,0,
x4_15.800,4.271999360545767,0.0,obgnme,0,
x4_15.900,4.299059874064616,0.0,obgnme,0,
x4_16.000,4.323432289780867,0.0,obgnme,0,
x4_16.100,4.3449215029357005,0.0,obgnme,0,
x4_16.200,4.363349712525182,0.0,obgnme,0,
x4_16.300,4.378565399880223,0.0,obgnme,0,
x4_16.400,4.3904509969162415,0.0,obgnme,0,
x4_16.500,4.398928304398944,0.0,obgnme,0,
x4_16.600,4.403960945996058,0.0,obgnme,0,
x4_16.700,4.405553494649079,0.0,obgnme,0,
x4_16.800,4.403747311257143,0.0,obgnme,0,
x4_16.900,4.398613508707336,0.0,obgnme,0,
x4_17.000,4.390243729669369,0.0,obgnme,0,
x4_17.100,4.378739571835568,0.0,obgnme,0,
x4_17.200,4.364201515816344,0.0,obgnme,0,
x4_17.300,4.346718143461318,0.0,obgnme,0,
x4_17.400,4.326356323058056,0.0,obgnme,0,
x4_17.500,4.303152921322109,0.0,obgnme,0,
x4_17.600,4.2771085031046905,0.0,obgnme,0,
x4_17.700,4.248183404195092,0.0,obgnme,0,
x4_17.800,4.216296504302154,0.0,obgnme,0,
x4_17.900,4.181326974685536,0.0,obgnme,0,
x4_18.000,4.143119216399116,0.0,obgnme,0,
x4_18.100,4.1014911318794205,0.0,obgnme,0,
x4_18.200,4.056245778893375,0.0,obgnme,0,
x4_18.300,4.0071863379492205,0.0,obgnme,0,
x4_18.400,3.9541341795231637,0.0,obgnme,0,
x4_18.500,3.896949644116174,0.0,obgnme,0,
x4_18.600,3.8355549463360297,0.0,obgnme,0,
x4_18.700,3.7699583875477303,0.0,obgnme,0,
x4_18.800,3.7002788190830658,0.0,obgnme,0,
x4_18.900,3.6267690548494946,0.0,obgnme,0,
x4_19.000,3.5498367100761996,0.0,obgnme,0,
x4_19.100,3.4700607686484655,0.0,obgnme,0,
x4_19.200,3.388202084708068,0.0,obgnme,0,
x4_19.300,3.305206034803299,0.0,obgnme,0,
x4_19.400,3.222195681919474,0.0,obgnme,0,
x4_19.500,3.1404541134839508,0.0,obgnme,0,
x4_19.600,3.0613950844399582,0.0,obgnme,0,
x4_19.700,2.986521734498765,0.0,obgnme,0,
x4_19.800,2.917373941783079,0.0,obgnme,0,
x4_19.900,2.8554657919715964,0.0,obgnme,0,
x5_00.000,7.571616844496213,0.0,obgnme,0,
x5_00.100,7.614204193046355,0.0,obgnme,0,
x5_00.200,7.670163997395753,0.0,obgnme,0,
x5_00.300,7.741089562892647,0.0,obgnme,0,
x5_00.400,7.828301833354286,0.0,obgnme,0,
x5_00.500,7.93283038348756,0.0,obgnme,0,
x5_00.600,8.055395737778099,0.0,obgnme,0,
x5_00.700,8.19638711426166,0.0,obgnme,0,
x5_00.800,8.355829570834883,0.0,obgnme,0,
x5_00.900,8.533336073402788,0.0,obgnme,0,
x5_01.000,8.728043108285485,0.0,obgnme,0,
x5_01.100,8.938532436575242,0.0,obgnme,0,
x5_01.200,9.162745229196574,0.0,obgnme,0,
x5_01.300,9.397896746155137,0.0,obgnme,0,
x5_01.400,9.640398934965635,0.0,obgnme,0,
x5_01.500,9.885794789277417,0.0,obgnme,0,
x5_01.600,10.128703256683696,0.0,obgnme,0,
x5_01.700,10.362769159734073,0.0,obgnme,0,
x5_01.800,10.580611469676121,0.0,obgnme,0,
x5_01.900,10.773767034217832,0.0,obgnme,0,
x5_02.000,10.932635673288308,0.0,obgnme,0,
x5_02.100,11.046444964259747,0.0,obgnme,0,
x5_02.200,11.103266407788244,0.0,obgnme,0,
x5_02.300,11.090125737575447,0.0,obgnme,0,
x5_02.400,10.99325536784843,0.0,obgnme,0,
x5_02.500,10.798532890863262,0.0,obgnme,0,
x5_02.600,10.492133673975035,0.0,obgnme,0,
x5_02.700,10.061398100407844,0.0,obgnme,0,
x5_02.800,9.495878953219892,0.0,obgnme,0,
x5_02.900,8.788499460465426,0.0,obgnme,0,
x5_03.000,7.936725600422,0.0,obgnme,0,
x5_03.100,6.943641378529065,0.0,obgnme,0,
x5_03.200,5.81881039053801,0.0,obgnme,0,
x5_03.300,4.578804397336888,0.0,obgnme,0,
x5_03.400,3.247275900220831,0.0,obgnme,0,
x5_03.500,1.854452796191751,0.0,obgnme,0,
x5_03.600,0.4359572767072555,0.0,obgnme,0,
x5_03.700,-0.969077661157846,0.0,obgnme,0,
x5_03.800,-2.320487821970591,0.0,obgnme,0,
x5_03.900,-3.5798683097068995,0.0,obgnme,0,
x5_04.000,-4.713223104916094,0.0,obgnme,0,
x5_04.100,-5.692955265859384,0.0,obgnme,0,
x5_04.200,-6.498784432968477,0.0,obgnme,0,
x5_04.300,-7.117458839471516,0.0,obgnme,0,
x5_04.400,-7.541499918825179,0.0,obgnme,0,
x5_04.500,-7.767538045671311,0.0,obgnme,0,
x5_04.600,-7.794937863479528,0.0,obgnme,0,
x5_04.700,-7.625308350334346,0.0,obgnme,0,
x5_04.800,-7.26317008725197,0.0,obgnme,0,
x5_04.900,-6.717608155039236,0.0,obgnme,0,
x5_05.000,-6.004320634512947,0.0,obgnme,0,
x5_05.100,-5.14723900096347,0.0,obgnme,0,
x5_05.200,-4.178960575351312,0.0,obgnme,0,
x5_05.300,-3.139593153230742,0.0,obgnme,0,
x5_05.400,-2.0741263802880434,0.0,obgnme,0,
x5_05.500,-1.0288926286276505,0.0,obgnme,0,
x5_05.600,-0.047884447813908104,0.0,obgnme,0,
x5_05.700,0.8303845507474095,0.0,obgnme,0,
x5_05.800,1.5750598107305853,0.0,obgnme,0,
x5_05.900,2.1640668863199135,0.0,obgnme,0,
x5_06.000,2.5843172030402477,0.0,obgnme,0,
x5_06.100,2.8312652948682016,0.0,obgnme,0,
x5_06.200,2.9080934626271797,0.0,obgnme,0,
x5_06.300,2.824731471809169,0.0,obgnme,0,
x5_06.400,2.5968174823126065,0.0,obgnme,0,
x5_06.500,2.244612636757132,0.0,obgnme,0,
x5_06.600,1.7918262082757577,0.0,obgnme,0,
x5_06.700,1.26430618912892,0.0,obgnme,0,
x5_06.800,0.6885976175237498,0.0,obgnme,0,
x5_06.900,0.09044449861944248,0.0,obgnme,0,
x5_07.000,-0.5066238270293064,0.0,obgnme,0,
x5_07.100,-1.082455878848176,0.0,obgnme,0,
x5_07.200,-1.6210526872703417,0.0,obgnme,0,
x5_07.300,-2.110886103033072,0.0,obgnme,0,
x5_07.400,-2.5447784660432182,0.0,obgnme,0,
x5_07.500,-2.919432764051634,0.0,obgnme,0,
x5_07.600,-3.2347413392273054,0.0,obgnme,0,
x5_07.700,-3.4930046806878567,0.0,obgnme,0,
x5_07.800,-3.698168912168855,0.0,obgnme,0,
x5_07.900,-3.8551550380838995,0.0,obgnme,0,
x5_08.000,-3.9693170772758033,0.0,obgnme,0,
x5_08.100,-4.046037422749572,0.0,obgnme,0,
x5_08.200,-4.090448799077617,0.0,obgnme,0,
x5_08.300,-4.107262347690453,0.0,obgnme,0,
x5_08.400,-4.100678346299542,0.0,obgnme,0,
x5_08.500,-4.074357285070279,0.0,obgnme,0,
x5_08.600,-4.031432351479307,0.0,obgnme,0,
x5_08.700,-3.9745483631528535,0.0,obgnme,0,
x5_08.800,-3.905915988372332,0.0,obgnme,0,
x5_08.900,-3.8273733032749697,0.0,obgnme,0,
x5_09.000,-3.740449223342446,0.0,obgnme,0,
x5_09.100,-3.646425139266373,0.0,obgnme,0,
x5_09.200,-3.5463922915745485,0.0,obgnme,0,
x5_09.300,-3.441303185513955,0.0,obgnme,0,
x5_09.400,-3.332015843797451,0.0,obgnme,0,
x5_09.500,-3.219330073824368,0.0,obgnme,0,
x5_09.600,-3.1040153015046807,0.0,obgnme,0,
x5_09.700,-2.986829947883661,0.0,obgnme,0,
x5_09.800,-2.868532782930467,0.0,obgnme,0,
x5_09.900,-2.7498871187574907,0.0,obgnme,0,
x5_10.000,-2.6316590210354622,0.0,obgnme,0,
x5_10.100,-2.514610860710002,0.0,obgnme,0,
x5_10.200,-2.399491480574117,0.0,obgnme,0,
x5_10.300,-2.2870240448919748,0.0,obgnme,0,
x5_10.400,-2.1778923465115487,0.0,obgnme,0,
x5_10.500,-2.0727260565615873,0.0,obgnme,0,
x5_10.600,-1.972085208323343,0.0,obgnme,0,
x5_10.700,-1.8764441798784315,0.0,obgnme,0,
x5_10.800,-1.7861756101222634,0.0,obgnme,0,
x5_10.900,-1.7015350240513398,0.0,obgnme,0,
x5_11.000,-1.6226473683475398,0.0,obgnme,0,
x5_11.100,-1.5494970295741972,0.0,obgnme,0,
x5_11.200,-1.481923069484733,0.0,obgnme,0,
x5_11.300,-1.419621239408177,0.0,obgnme,0,
x5_11.400,-1.3621537800754404,0.0,obgnme,0,
x5_11.500,-1.3089671327002133,0.0,obgnme,0,
x5_11.600,-1.2594166422994775,0.0,obgnme,0,
x5_11.700,-1.2127963484378308,0.0,obgnme,0,
x5_11.800,-1.1683712535877089,0.0,obgnme,0,
x5_11.900,-1.125409189547593,0.0,obgnme,0,
x5_12.000,-1.083209611396395,0.0,obgnme,0,
x5_12.100,-1.0411272625366434,0.0,obgnme,0,
x5_12.200,-0.9985895129010535,0.0,obgnme,0,
x5_12.300,-0.9551070810011761,0.0,obgnme,0,
x5_12.400,-0.9102786359484061,0.0,obgnme,0,
x5_12.500,-0.8637903244871802,0.0,obgnme,0,
x5_12.600,-0.815411540690986,0.0,obgnme,0,
x5_12.700,-0.764988276850566,0.0,obgnme,0,
x5_12.800,-0.7124352287660684,0.0,obgnme,0,
x5_12.900,-0.6577275572208687,0.0,obgnme,0,
x5_13.000,-0.600892903443814,0.0,obgnme,0,
x5_13.100,-0.5420039751141338,0.0,obgnme,0,
x5_13.200,-0.4811717947929302,0.0,obgnme,0,
x5_13.300,-0.4185395497065181,0.0,obgnme,0,
x5_13.400,-0.35427690179499666,0.0,obgnme,0,
x5_13.500,-0.2885746016923263,0.0,obgnme,0,
x5_13.600,-0.22163928538670064,0.0,obgnme,0,
x5_13.700,-0.15368839925337344,0.0,obgnme,0,
x5_13.800,-0.08494527763564623,0.0,obgnme,0,
x5_13.900,-0.015634467758909615,0.0,obgnme,0,
x5_14.000,0.05402255582695041,0.0,obgnme,0,
x5_14.100,0.12381112934316316,0.0,obgnme,0,
x5_14.200,0.19352644874549418,0.0,obgnme,0,
x5_14.300,0.26297582913437784,0.0,obgnme,0,
x5_14.400,0.33198012877574623,0.0,obgnme,0,
x5_14.500,0.40037434724209353,0.0,obgnme,0,
x5_14.600,0.46800745325939713,0.0,obgnme,0,
x5_14.700,0.5347415293856368,0.0,obgnme,0,
x5_14.800,0.6004503376674863,0.0,obgnme,0,
x5_14.900,0.665017417219429,0.0,obgnme,0,
x5_15.000,0.7283338278765263,0.0,obgnme,0,
x5_15.100,0.7902956604600689,0.0,obgnme,0,
x5_15.200,0.8508014487621454,0.0,obgnme,0,
x5_15.300,0.9097496429731751,0.0,obgnme,0,
x5_15.400,0.9670363369469777,0.0,obgnme,0,
x5_15.500,1.0225534763424424,0.0,obgnme,0,
x5_15.600,1.076187801444878,0.0,obgnme,0,
x5_15.700,1.1278207846863708,0.0,obgnme,0,
x5_15.800,1.1773297950147006,0.0,obgnme,0,
x5_15.900,1.2245906481113498,0.0,obgnme,0,
x5_16.000,1.2694815785430478,0.0,obgnme,0,
x5_16.100,1.311888503994811,0.0,obgnme,0,
x5_16.200,1.351711263544307,0.0,obgnme,0,
x5_16.300,1.3888703350766505,0.0,obgnme,0,
x5_16.400,1.4233134112367665,0.0,obgnme,0,
x5_16.500,1.4550211738474068,0.0,obgnme,0,
x5_16.600,1.4840116718890441,0.0,obgnme,0,
x5_16.700,1.5103428718418737,0.0,obgnme,0,
x5_16.800,1.5341131809725803,0.0,obgnme,0,
x5_16.900,1.555459997829643,0.0,obgnme,0,
x5_17.000,1.5745565715735546,0.0,obgnme,0,
x5_17.100,1.5916076157032437,0.0,obgnme,0,
x5_17.200,1.6068442040475233,0.0,obgnme,0,
x5_17.300,1.6205184789198537,0.0,obgnme,0,
x5_17.400,1.63289863888845,0.0,obgnme,0,
x5_17.500,1.6442645693535298,0.0,obgnme,0,
x5_17.600,1.6549043556307723,0.0,obgnme,0,
x5_17.700,1.6651117935652127,0.0,obgnme,0,
x5_17.800,1.6751848987219213,0.0,obgnme,0,
x5_17.900,1.6854253181137961,0.0,obgnme,0,
x5_18.000,1.696138470344684,0.0,obgnme,0,
x5_18.100,1.7076341808489577,0.0,obgnme,0,
x5_18.200,1.7202275378226504,0.0,obgnme,0,
x5_18.300,1.7342396711228765,0.0,obgnme,0,
x5_18.400,1.7499981515227898,0.0,obgnme,0,
x5_18.500,1.7678367230275742,0.0,obgnme,0,
x5_18.600,1.7880941190784059,0.0,obgnme,0,
x5_18.700,1.8111117771178638,0.0,obgnme,0,
x5_18.800,1.8372303569573212,0.0,obgnme,0,
x5_18.900,1.8667850861980015,0.0,obgnme,0,
x5_19.000,1.9001000963784351,0.0,obgnme,0,
x5_19.100,1.937482067185212,0.0,obgnme,0,
x5_19.200,1.9792136475527353,0.0,obgnme,0,
x5_19.300,2.025547250265369,0.0,obgnme,0,
x5_19.400,2.076699894349989,0.0,obgnme,0,
x5_19.500,2.1328497686442556,0.0,obgnme,0,
x5_19.600,2.194135084515096,0.0,obgnme,0,
x5_19.700,2.2606555585209493,0.0,obgnme,0,
x5_19.800,2.332476515262274,0.0,obgnme,0,
x5_19.900,2.4096351474022053,0.0,obgnme,0,
x6_00.000,7.978507242949252,1.0,obgnme,0,1.0
x6_00.100,8.024386653725957,1.0,obgnme,0,1.0
x6_00.200,8.07734981547899,1.0,obgnme,0,1.0
x6_00.300,8.135968928257457,1.0,obgnme,0,1.0
x6_00.400,8.198468952888792,1.0,obgnme,0,1.0
x6_00.500,8.262692294285209,1.0,obgnme,0,1.0
x6_00.600,8.326068781414468,1.0,obgnme,0,1.0
x6_00.700,8.385592600338951,1.0,obgnme,0,1.0
x6_00.800,8.437807820844686,1.0,obgnme,0,1.0
x6_00.900,8.478804085450992,1.0,obgnme,0,1.0
x6_01.000,8.504224083355467,1.0,obgnme,0,1.0
x6_01.100,8.509284847491848,1.0,obgnme,0,1.0
x6_01.200,8.488815909144591,1.0,obgnme,0,1.0
x6_01.300,8.437319027554448,1.0,obgnme,0,1.0
x6_01.400,8.3490564694924,1.0,obgnme,0,1.0
x6_01.500,8.218177213369897,1.0,obgnme,0,1.0
x6_01.600,8.038892173979939,1.0,obgnme,0,1.0
x6_01.700,7.805709414115901,1.0,obgnme,0,1.0
x6_01.800,7.513737028662769,1.0,obgnme,0,1.0
x6_01.900,7.159053998089212,1.0,obgnme,0,1.0
x6_02.000,6.739137813125621,1.0,obgnme,0,1.0
x6_02.100,6.253323514482072,1.0,obgnme,0,1.0
x6_02.200,5.703254840828787,1.0,obgnme,0,1.0
x6_02.300,5.093278021961284,1.0,obgnme,0,1.0
x6_02.400,4.43072551170408,1.0,obgnme,0,1.0
x6_02.500,3.726042213906577,1.0,obgnme,0,1.0
x6_02.600,2.9927201678812843,1.0,obgnme,0,1.0
x6_02.700,2.2470271845354093,1.0,obgnme,0,1.0
x6_02.800,1.5075371005608074,1.0,obgnme,0,1.0
x6_02.900,0.7944891351998846,1.0,obgnme,0,1.0
x6_03.000,0.12901473872482105,1.0,obgnme,0,1.0
x6_03.100,-0.4677342789497524,1.0,obgnme,0,1.0
x6_03.200,-0.9755454916504115,1.0,obgnme,0,1.0
x6_03.300,-1.3762179770332403,1.0,obgnme,0,1.0
x6_03.400,-1.6548010970025147,1.0,obgnme,0,1.0
x6_03.500,-1.8010503652057266,1.0,obgnme,0,1.0
x6_03.600,-1.8110853148996076,1.0,obgnme,0,1.0
x6_03.700,-1.6890975077422752,1.0,obgnme,0,1.0
x6_03.800,-1.448777946223538,1.0,obgnme,0,1.0
x6_03.900,-1.1139871686764828,1.0,obgnme,0,1.0
x6_04.000,-0.7181753393131847,1.0,obgnme,0,1.0
x6_04.100,-0.3022374941838554,1.0,obgnme,0,1.0
x6_04.200,0.08916422790793549,1.0,obgnme,0,1.0
x6_04.300,0.41238370006597513,1.0,obgnme,0,1.0
x6_04.400,0.6299571317281671,1.0,obgnme,0,1.0
x6_04.500,0.715328210985394,1.0,obgnme,0,1.0
x6_04.600,0.6563858935246341,1.0,obgnme,0,1.0
x6_04.700,0.4572516883572376,1.0,obgnme,0,1.0
x6_04.800,0.13798012579030422,1.0,obgnme,0,1.0
x6_04.900,-0.26789591743600843,1.0,obgnme,0,1.0
x6_05.000,-0.7177085871602848,1.0,obgnme,0,1.0
x6_05.100,-1.1652391563917734,1.0,obgnme,0,1.0
x6_05.200,-1.5665765177101816,1.0,obgnme,0,1.0
x6_05.300,-1.8851854838760083,1.0,obgnme,0,1.0
x6_05.400,-2.0953348917749484,1.0,obgnme,0,1.0
x6_05.500,-2.183502916000191,1.0,obgnme,0,1.0
x6_05.600,-2.1479052656179354,1.0,obgnme,0,1.0
x6_05.700,-1.9966752826303775,1.0,obgnme,0,1.0
x6_05.800,-1.7453601573987019,1.0,obgnme,0,1.0
x6_05.900,-1.4143128448623143,1.0,obgnme,0,1.0
x6_06.000,-1.0263592941665127,1.0,obgnme,0,1.0
x6_06.100,-0.6049106070405956,1.0,obgnme,0,1.0
x6_06.200,-0.17253321658469029,1.0,obgnme,0,1.0
x6_06.300,0.2500941012475055,1.0,obgnme,0,1.0
x6_06.400,0.644929252088051,1.0,obgnme,0,1.0
x6_06.500,0.9970953756886674,1.0,obgnme,0,1.0
x6_06.600,1.2952253727798386,1.0,obgnme,0,1.0
x6_06.700,1.531624411379678,1.0,obgnme,0,1.0
x6_06.800,1.7022348228834208,1.0,obgnme,0,1.0
x6_06.900,1.806392879507323,1.0,obgnme,0,1.0
x6_07.000,1.846390987945606,1.0,obgnme,0,1.0
x6_07.100,1.8268904144796894,1.0,obgnme,0,1.0
x6_07.200,1.7542548459058867,1.0,obgnme,0,1.0
x6_07.300,1.6358838283734654,1.0,obgnme,0,1.0
x6_07.400,1.479615238650112,1.0,obgnme,0,1.0
x6_07.500,1.2932427643619486,1.0,obgnme,0,1.0
x6_07.600,1.0841668883978821,1.0,obgnme,0,1.0
x6_07.700,0.8591742008465191,1.0,obgnme,0,1.0
x6_07.800,0.6243244824882151,1.0,obgnme,0,1.0
x6_07.900,0.38491847558747294,1.0,obgnme,0,1.0
x6_08.000,0.1455195587269203,1.0,obgnme,0,1.0
x6_08.100,-0.08999321366558519,1.0,obgnme,0,1.0
x6_08.200,-0.31835757967738554,1.0,obgnme,0,1.0
x6_08.300,-0.5368574667161021,1.0,obgnme,0,1.0
x6_08.400,-0.7432562744516217,1.0,obgnme,0,1.0
x6_08.500,-0.9357377039030856,1.0,obgnme,0,1.0
x6_08.600,-1.112855527818334,1.0,obgnme,0,1.0
x6_08.700,-1.273492234375134,1.0,obgnme,0,1.0
x6_08.800,-1.4168255957249913,1.0,obgnme,0,1.0
x6_08.900,-1.5423017442439826,1.0,obgnme,0,1.0
x6_09.000,-1.649613157552805,1.0,obgnme,0,1.0
x6_09.100,-1.7386799654532274,1.0,obgnme,0,1.0
x6_09.200,-1.8096331268305865,1.0,obgnme,0,1.0
x6_09.300,-1.8627982296627883,1.0,obgnme,0,1.0
x6_09.400,-1.898678908257685,1.0,obgnme,0,1.0
x6_09.500,-1.917939131469921,1.0,obgnme,0,1.0
x6_09.600,-1.9213838887429435,1.0,obgnme,0,1.0
x6_09.700,-1.9099380859356931,1.0,obgnme,0,1.0
x6_09.800,-1.8846237535585098,1.0,obgnme,0,1.0
x6_09.900,-1.8465359494957116,1.0,obgnme,0,1.0
x6_10.000,-1.796817980387093,0.0,obgnme,0,
x6_10.100,-1.7366367417714939,0.0,obgnme,0,
x6_10.200,-1.667159064490743,0.0,obgnme,0,
x6_10.300,-1.5895299448337576,0.0,obgnme,0,
x6_10.400,-1.5048534353388174,0.0,obgnme,0,
x6_10.500,-1.4141768021183638,0.0,obgnme,0,
x6_10.600,-1.3184783407647975,0.0,obgnme,0,
x6_10.700,-1.2186590155167099,0.0,obgnme,0,
x6_10.800,-1.1155378704913121,0.0,obgnme,0,
x6_10.900,-1.0098509744204445,0.0,obgnme,0,
x6_11.000,-0.9022535086875307,0.0,obgnme,0,
x6_11.100,-0.7933244912024361,0.0,obgnme,0,
x6_11.200,-0.6835735399370098,0.0,obgnme,0,
x6_11.300,-0.5734490151681042,0.0,obgnme,0,
x6_11.400,-0.4633468401456746,0.0,obgnme,0,
x6_11.500,-0.3536192950773375,0.0,obgnme,0,
x6_11.600,-0.24458312221750672,0.0,obgnme,0,
x6_11.700,-0.13652638068755824,0.0,obgnme,0,
x6_11.800,-0.029713647982385183,0.0,obgnme,0,
x6_11.900,0.07561063437084654,0.0,obgnme,0,
x6_12.000,0.17922065919078467,0.0,obgnme,0,
x6_12.100,0.2809093900162875,0.0,obgnme,0,
x6_12.200,0.38048998497234954,0.0,obgnme,0,
x6_12.300,0.47779808008659785,0.0,obgnme,0,
x6_12.400,0.572694494686322,0.0,obgnme,0,
x6_12.500,0.6650679678079207,0.0,obgnme,0,
x6_12.600,0.7548376158297068,0.0,obgnme,0,
x6_12.700,0.8419548958274451,0.0,obgnme,0,
x6_12.800,0.9264049485029948,0.0,obgnme,0,
x6_12.900,1.0082072677286202,0.0,obgnme,0,
x6_13.000,1.0874156964365513,0.0,obgnme,0,
x6_13.100,1.164117781753952,0.0,obgnme,0,
x6_13.200,1.238433540074056,0.0,obgnme,0,
x6_13.300,1.3105136904091848,0.0,obgnme,0,
x6_13.400,1.3805374167542748,0.0,obgnme,0,
x6_13.500,1.4487097209258077,0.0,obgnme,0,
x6_13.600,1.515258428496072,0.0,obgnme,0,
x6_13.700,1.580430912592516,0.0,obgnme,0,
x6_13.800,1.644490602896874,0.0,obgnme,0,
x6_13.900,1.7077133489085146,0.0,obgnme,0,
x6_14.000,1.7703837060382013,0.0,obgnme,0,
x6_14.100,1.8327912092969572,0.0,obgnme,0,
x6_14.200,1.8952266917837006,0.0,obgnme,0,
x6_14.300,1.9579786941130815,0.0,obgnme,0,
x6_14.400,2.021329997238231,0.0,obgnme,0,
x6_14.500,2.0855542960834375,0.0,obgnme,0,
x6_14.600,2.1509130164120758,0.0,obgnme,0,
x6_14.700,2.217652263728254,0.0,obgnme,0,
x6_14.800,2.2859998818406106,0.0,obgnme,0,
x6_14.900,2.3561625908551957,0.0,obgnme,0,
x6_15.000,2.4283231704785866,0.0,obgnme,0,
x6_15.100,2.50263765517603,0.0,obgnme,0,
x6_15.200,2.579232513495406,0.0,obgnme,0,
x6_15.300,2.658201795281881,0.0,obgnme,0,
x6_15.400,2.739604248044171,0.0,obgnme,0,
x6_15.500,2.8234604276476896,0.0,obgnme,0,
x6_15.600,2.909749858620659,0.0,obgnme,0,
x6_15.700,2.998408334763954,0.0,obgnme,0,
x6_15.800,3.089325489516841,0.0,obgnme,0,
x6_15.900,3.182342804403237,0.0,obgnme,0,
x6_16.000,3.27725225820005,0.0,obgnme,0,
x6_16.100,3.373795843345655,0.0,obgnme,0,
x6_16.200,3.471666183075756,0.0,obgnme,0,
x6_16.300,3.570508466862226,0.0,obgnme,0,
x6_16.400,3.6699238788025474,0.0,obgnme,0,
x6_16.500,3.7694746226589384,0.0,obgnme,0,
x6_16.600,3.8686905512736915,0.0,obgnme,0,
x6_16.700,3.9670772942535764,0.0,obgnme,0,
x6_16.800,4.064125656826274,0.0,obgnme,0,
x6_16.900,4.159321947576581,0.0,obgnme,0,
x6_17.000,4.252158796844986,0.0,obgnme,0,
x6_17.100,4.342145963043336,0.0,obgnme,0,
x6_17.200,4.428820600007398,0.0,obgnme,0,
x6_17.300,4.511756479154915,0.0,obgnme,0,
x6_17.400,4.59057172450276,0.0,obgnme,0,
x6_17.500,4.66493471968475,0.0,obgnme,0,
x6_17.600,4.734567972300456,0.0,obgnme,0,
x6_17.700,4.7992498574149085,0.0,obgnme,0,
x6_17.800,4.858814293357926,0.0,obgnme,0,
x6_17.900,4.913148515585653,0.0,obgnme,0,
x6_18.000,4.962189198701548,0.0,obgnme,0,
x6_18.100,5.005917228332204,0.0,obgnme,0,
x6_18.200,5.044351444036778,0.0,obgnme,0,
x6_18.300,5.077541666485477,0.0,obgnme,0,
x6_18.400,5.105561293924404,0.0,obgnme,0,
x6_18.500,5.12849971234856,0.0,obgnme,0,
x6_18.600,5.146454718034428,0.0,obgnme,0,
x6_18.700,5.159525105721623,0.0,obgnme,0,
x6_18.800,5.16780353440154,0.0,obgnme,0,
x6_18.900,5.171369747204462,0.0,obgnme,0,
x6_19.000,5.170284192863502,0.0,obgnme,0,
x6_19.100,5.164582073732837,0.0,obgnme,0,
x6_19.200,5.1542678295734445,0.0,obgnme,0,
x6_19.300,5.1393100581703655,0.0,obgnme,0,
x6_19.400,5.119636874986206,0.0,obgnme,0,
x6_19.500,5.095131726689722,0.0,obgnme,0,
x6_19.600,5.065629699626252,0.0,obgnme,0,
x6_19.700,5.030914405280071,0.0,obgnme,0,
x6_19.800,4.990715579954089,0.0,obgnme,0,
x6_19.900,4.944707602498213,0.0,obgnme,0,
x7_00.000,7.623234926646305,0.0,obgnme,0,
x7_00.100,7.59173711650963,0.0,obgnme,0,
x7_00.200,7.550444378233354,0.0,obgnme,0,
x7_00.300,7.4982828744473755,0.0,obgnme,0,
x7_00.400,7.434032746547373,0.0,obgnme,0,
x7_00.500,7.356375703595527,0.0,obgnme,0,
x7_00.600,7.263952493951584,0.0,obgnme,0,
x7_00.700,7.155431718632722,0.0,obgnme,0,
x7_00.800,7.029591303349547,0.0,obgnme,0,
x7_00.900,6.885413467906053,0.0,obgnme,0,
x7_01.000,6.7221930498917,0.0,obgnme,0,
x7_01.100,6.539657426303375,0.0,obgnme,0,
x7_01.200,6.338094009051244,0.0,obgnme,0,
x7_01.300,6.118478506743306,0.0,obgnme,0,
x7_01.400,5.88259415940977,0.0,obgnme,0,
x7_01.500,5.633129400640813,0.0,obgnme,0,
x7_01.600,5.373739325884222,0.0,obgnme,0,
x7_01.700,5.109055266410213,0.0,obgnme,0,
x7_01.800,4.844626810048791,0.0,obgnme,0,
x7_01.900,4.58678174340208,0.0,obgnme,0,
x7_02.000,4.342391594610718,0.0,obgnme,0,
x7_02.100,4.118533939563526,0.0,obgnme,0,
x7_02.200,3.9220480385990193,0.0,obgnme,0,
x7_02.300,3.7589888749308367,0.0,obgnme,0,
x7_02.400,3.63399790000099,0.0,obgnme,0,
x7_02.500,3.5496283724641007,0.0,obgnme,0,
x7_02.600,3.5056896716119885,0.0,obgnme,0,
x7_02.700,3.4987062909609676,0.0,obgnme,0,
x7_02.800,3.5216170666040894,0.0,obgnme,0,
x7_02.900,3.5638575801665704,0.0,obgnme,0,
x7_03.000,3.6119596562324023,0.0,obgnme,0,
x7_03.100,3.650753619958593,0.0,obgnme,0,
x7_03.200,3.6651650889811593,0.0,obgnme,0,
x7_03.300,3.642463441481615,0.0,obgnme,0,
x7_03.400,3.574663170215125,0.0,obgnme,0,
x7_03.500,3.4606371604831647,0.0,obgnme,0,
x7_03.600,3.3074208624206607,0.0,obgnme,0,
x7_03.700,3.130220917829116,0.0,obgnme,0,
x7_03.800,2.9508282309050853,0.0,obgnme,0,
x7_03.900,2.79446759015279,0.0,obgnme,0,
x7_04.000,2.6855227720797377,0.0,obgnme,0,
x7_04.100,2.6429305401056697,0.0,obgnme,0,
x7_04.200,2.6762066622994594,0.0,obgnme,0,
x7_04.300,2.7829832840769546,0.0,obgnme,0,
x7_04.400,2.9486315474598497,0.0,obgnme,0,
x7_04.500,3.1481210306457577,0.0,obgnme,0,
x7_04.600,3.3498378847463326,0.0,obgnme,0,
x7_04.700,3.52071260513486,0.0,obgnme,0,
x7_04.800,3.631728442247856,0.0,obgnme,0,
x7_04.900,3.662735598824046,0.0,obgnme,0,
x7_05.000,3.605559382497022,0.0,obgnme,0,
x7_05.100,3.4647269496149495,0.0,obgnme,0,
x7_05.200,3.2557191291015033,0.0,obgnme,0,
x7_05.300,3.0013134464145805,0.0,obgnme,0,
x7_05.400,2.7270695412133374,0.0,obgnme,0,
x7_05.500,2.457121727949888,0.0,obgnme,0,
x7_05.600,2.2111659440998315,0.0,obgnme,0,
x7_05.700,2.003022234866505,0.0,obgnme,0,
x7_05.800,1.8406523835204043,0.0,obgnme,0,
x7_05.900,1.7271870773666276,0.0,obgnme,0,
x7_06.000,1.662416879067531,0.0,obgnme,0,
x7_06.100,1.6442755110140361,0.0,obgnme,0,
x7_06.200,1.6700042608587287,0.0,obgnme,0,
x7_06.300,1.7368574277369326,0.0,obgnme,0,
x7_06.400,1.8423482498348507,0.0,obgnme,0,
x7_06.500,1.9841289447758639,0.0,obgnme,0,
x7_06.600,2.1596490788689153,0.0,obgnme,0,
x7_06.700,2.3657496136646783,0.0,obgnme,0,
x7_06.800,2.598331711621509,0.0,obgnme,0,
x7_06.900,2.8521966087959782,0.0,obgnme,0,
x7_07.000,3.1210958737375973,0.0,obgnme,0,
x7_07.100,3.397974152031538,0.0,obgnme,0,
x7_07.200,3.6753433006693568,0.0,obgnme,0,
x7_07.300,3.94570694875547,0.0,obgnme,0,
x7_07.400,4.20195889749049,0.0,obgnme,0,
x7_07.500,4.437700568613224,0.0,obgnme,0,
x7_07.600,4.647451399269151,0.0,obgnme,0,
x7_07.700,4.826752143148033,0.0,obgnme,0,
x7_07.800,4.972178881633651,0.0,obgnme,0,
x7_07.900,5.081293902275259,0.0,obgnme,0,
x7_08.000,5.152560174226014,0.0,obgnme,0,
x7_08.100,5.185241846090273,0.0,obgnme,0,
x7_08.200,5.179306765354848,0.0,obgnme,0,
x7_08.300,5.135340436006224,0.0,obgnme,0,
x7_08.400,5.0544751894727264,0.0,obgnme,0,
x7_08.500,4.938334077983183,0.0,obgnme,0,
x7_08.600,4.788986149281556,0.0,obgnme,0,
x7_08.700,4.6089081899366455,0.0,obgnme,0,
x7_08.800,4.400947543695887,0.0,obgnme,0,
x7_08.900,4.168281034262301,0.0,obgnme,0,
x7_09.000,3.9143661623758432,0.0,obgnme,0,
x7_09.100,3.642882400202806,0.0,obgnme,0,
x7_09.200,3.357662331708595,0.0,obgnme,0,
x7_09.300,3.0626143135510846,0.0,obgnme,0,
x7_09.400,2.761639979327846,0.0,obgnme,0,
x7_09.500,2.4585510421457695,0.0,obgnme,0,
x7_09.600,2.156990314174413,0.0,obgnme,0,
x7_09.700,1.8603616232849174,0.0,obgnme,0,
x7_09.800,1.571772455278634,0.0,obgnme,0,
x7_09.900,1.2939918723874169,0.0,obgnme,0,
x7_10.000,1.0294247920796349,0.0,obgnme,0,
x7_10.100,0.7801022891358963,0.0,obgnme,0,
x7_10.200,0.5476863950562598,0.0,obgnme,0,
x7_10.300,0.3334870250302419,0.0,obgnme,0,
x7_10.400,0.13848819880566254,0.0,obgnme,0,
x7_10.500,-0.036619392322630895,0.0,obgnme,0,
x7_10.600,-0.19140225705557418,0.0,obgnme,0,
x7_10.700,-0.3256468490252269,0.0,obgnme,0,
x7_10.800,-0.4393231717952711,0.0,obgnme,0,
x7_10.900,-0.5325507563474332,0.0,obgnme,0,
x7_11.000,-0.6055680730597056,0.0,obgnme,0,
x7_11.100,-0.6587060406637741,0.0,obgnme,0,
x7_11.200,-0.6923659543482563,0.0,obgnme,0,
x7_11.300,-0.7070018703475957,0.0,obgnme,0,
x7_11.400,-0.7031072468219554,0.0,obgnme,0,
x7_11.500,-0.6812054442651164,0.0,obgnme,0,
x7_11.600,-0.6418435323171786,0.0,obgnme,0,
x7_11.700,-0.5855887387496737,0.0,obgnme,0,
x7_11.800,-0.5130268184720478,0.0,obgnme,0,
x7_11.900,-0.4247616218718519,0.0,obgnme,0,
x7_12.000,-0.3214152026947483,0.0,obgnme,0,
x7_12.100,-0.20362791755796428,0.0,obgnme,0,
x7_12.200,-0.07205811575575818,0.0,obgnme,0,
x7_12.300,0.07261882171239745,0.0,obgnme,0,
x7_12.400,0.2297121820603931,0.0,obgnme,0,
x7_12.500,0.3985183191797848,0.0,obgnme,0,
x7_12.600,0.5783236161900294,0.0,obgnme,0,
x7_12.700,0.7684078208931145,0.0,obgnme,0,
x7_12.800,0.968047540230062,0.0,obgnme,0,
x7_12.900,1.1765196838290917,0.0,obgnme,0,
x7_13.000,1.3931046685905029,0.0,obgnme,0,
x7_13.100,1.6170892275112607,0.0,obgnme,0,
x7_13.200,1.8477686997799108,0.0,obgnme,0,
x7_13.300,2.0844487108895575,0.0,obgnme,0,
x7_13.400,2.326446178573544,0.0,obgnme,0,
x7_13.500,2.5730896019824585,0.0,obgnme,0,
x7_13.600,2.823718608149985,0.0,obgnme,0,
x7_13.700,3.0776827425793796,0.0,obgnme,0,
x7_13.800,3.3343395010496883,0.0,obgnme,0,
x7_13.900,3.593051608641995,0.0,obgnme,0,
x7_14.000,3.853183560305755,0.0,obgnme,0,
x7_14.100,4.114097445439683,0.0,obgnme,0,
x7_14.200,4.375148087151392,0.0,obgnme,0,
x7_14.300,4.63567753531442,0.0,obgnme,0,
x7_14.400,4.895008961770281,0.0,obgnme,0,
x7_14.500,5.15244001700313,0.0,obgnme,0,
x7_14.600,5.407235721862568,0.0,obgnme,0,
x7_14.700,5.658620987438322,0.0,obgnme,0,
x7_14.800,5.905772883357725,0.0,obgnme,0,
x7_14.900,6.147812812066858,0.0,obgnme,0,
x7_15.000,6.383798796402173,0.0,obgnme,0,
x7_15.100,6.612718151816792,0.0,obgnme,0,
x7_15.200,6.833480893970146,0.0,obgnme,0,
x7_15.300,7.044914326606965,0.0,obgnme,0,
x7_15.400,7.245759361287006,0.0,obgnme,0,
x7_15.500,7.43466923428573,0.0,obgnme,0,
x7_15.600,7.610211397827054,0.0,obgnme,0,
x7_15.700,7.770873459041452,0.0,obgnme,0,
x7_15.800,7.91507410163883,0.0,obgnme,0,
x7_15.900,8.041179927737678,0.0,obgnme,0,
x7_16.000,8.147529071460037,0.0,obgnme,0,
x7_16.100,8.232462230399374,0.0,obgnme,0,
x7_16.200,8.294361406731799,0.0,obgnme,0,
x7_16.300,8.3316961265413,0.0,obgnme,0,
x7_16.400,8.343076212187242,0.0,obgnme,0,
x7_16.500,8.327309345389537,0.0,obgnme,0,
x7_16.600,8.283460743453448,0.0,obgnme,0,
x7_16.700,8.21091138573656,0.0,obgnme,0,
x7_16.800,8.10941051804111,0.0,obgnme,0,
x7_16.900,7.979117795028241,0.0,obgnme,0,
x7_17.000,7.8206305488937575,0.0,obgnme,0,
x7_17.100,7.634992396614323,0.0,obgnme,0,
x7_17.200,7.423680723707405,0.0,obgnme,0,
x7_17.300,7.188572395253027,0.0,obgnme,0,
x7_17.400,6.931889113922427,0.0,obgnme,0,
x7_17.500,6.65612586055213,0.0,obgnme,0,
x7_17.600,6.363967493712856,0.0,obgnme,0,
x7_17.700,6.058199592085238,0.0,obgnme,0,
x7_17.800,5.741619861936714,0.0,obgnme,0,
x7_17.900,5.416955915552131,0.0,obgnme,0,
x7_18.000,5.086794103455283,0.0,obgnme,0,
x7_18.100,4.7535225890241914,0.0,obgnme,0,
x7_18.200,4.419290249386689,0.0,obgnme,0,
x7_18.300,4.08598150126883,0.0,obgnme,0,
x7_18.400,3.7552059470922847,0.0,obgnme,0,
x7_18.500,3.428300896661563,0.0,obgnme,0,
x7_18.600,3.1063443512575333,0.0,obgnme,0,
x7_18.700,2.7901758938654084,0.0,obgnme,0,
x7_18.800,2.4804230351784415,0.0,obgnme,0,
x7_18.900,2.17753083429363,0.0,obgnme,0,
x7_19.000,1.881792966348753,0.0,obgnme,0,
x7_19.100,1.5933827828563785,0.0,obgnme,0,
x7_19.200,1.3123832592432636,0.0,obgnme,0,
x7_19.300,1.0388150217536518,0.0,obgnme,0,
x7_19.400,0.7726618819946373,0.0,obgnme,0,
x7_19.500,0.513893483839206,0.0,obgnme,0,
x7_19.600,0.2624847944666631,0.0,obgnme,0,
x7_19.700,0.018432264203297993,0.0,obgnme,0,
x7_19.800,-0.21823344460852384,0.0,obgnme,0,
x7_19.900,-0.44743818555944664,0.0,obgnme,0,
x8_00.000,7.187069160420075,1.0,obgnme,0,1.0
x8_00.100,7.111823892425362,1.0,obgnme,0,1.0
x8_00.200,7.038399759870895,1.0,obgnme,0,1.0
x8_00.300,6.966634843745951,1.0,obgnme,0,1.0
x8_00.400,6.896571114348448,1.0,obgnme,0,1.0
x8_00.500,6.828478083580905,1.0,obgnme,0,1.0
x8_00.600,6.762873538147887,1.0,obgnme,0,1.0
x8_00.700,6.7005387856504885,1.0,obgnme,0,1.0
x8_00.800,6.642525535896895,1.0,obgnme,0,1.0
x8_00.900,6.590151436526586,1.0,obgnme,0,1.0
x8_01.000,6.544981487084908,1.0,obgnme,0,1.0
x8_01.100,6.508793169693556,1.0,obgnme,0,1.0
x8_01.200,6.483524244957216,1.0,obgnme,0,1.0
x8_01.300,6.471203827943821,1.0,obgnme,0,1.0
x8_01.400,6.473869591344188,1.0,obgnme,0,1.0
x8_01.500,6.493476673725628,1.0,obgnme,0,1.0
x8_01.600,6.531806913772324,1.0,obgnme,0,1.0
x8_01.700,6.590390025682314,1.0,obgnme,0,1.0
x8_01.800,6.670450673472209,1.0,obgnme,0,1.0
x8_01.900,6.772896188910097,1.0,obgnme,0,1.0
x8_02.000,6.898357708730043,1.0,obgnme,0,1.0
x8_02.100,7.047291442436643,1.0,obgnme,0,1.0
x8_02.200,7.2201355491717685,1.0,obgnme,0,1.0
x8_02.300,7.417501574281647,1.0,obgnme,0,1.0
x8_02.400,7.6403592366543345,1.0,obgnme,0,1.0
x8_02.500,7.890153732348554,1.0,obgnme,0,1.0
x8_02.600,8.16878244058646,1.0,obgnme,0,1.0
x8_02.700,8.47836153872115,1.0,obgnme,0,1.0
x8_02.800,8.820740553205663,1.0,obgnme,0,1.0
x8_02.900,9.19677811217353,1.0,obgnme,0,1.0
x8_03.000,9.605470566450999,1.0,obgnme,0,1.0
x8_03.100,10.043110637898302,1.0,obgnme,0,1.0
x8_03.200,10.502718330865708,1.0,obgnme,0,1.0
x8_03.300,10.973997344207438,1.0,obgnme,0,1.0
x8_03.400,11.443998564788371,1.0,obgnme,0,1.0
x8_03.500,11.89850998330247,1.0,obgnme,0,1.0
x8_03.600,12.323967096353279,1.0,obgnme,0,1.0
x8_03.700,12.709457664559682,1.0,obgnme,0,1.0
x8_03.800,13.048273584556041,1.0,obgnme,0,1.0
x8_03.900,13.338522207555915,1.0,obgnme,0,1.0
x8_04.000,13.582568894411239,1.0,obgnme,0,1.0
x8_04.100,13.78546646596808,1.0,obgnme,0,1.0
x8_04.200,13.952882667097835,1.0,obgnme,0,1.0
x8_04.300,14.089205560930825,1.0,obgnme,0,1.0
x8_04.400,14.196412788912903,1.0,obgnme,0,1.0
x8_04.500,14.273982694601159,1.0,obgnme,0,1.0
x8_04.600,14.319744897866391,1.0,obgnme,0,1.0
x8_04.700,14.331269522917234,1.0,obgnme,0,1.0
x8_04.800,14.307275233335455,1.0,obgnme,0,1.0
x8_04.900,14.248609971358519,1.0,obgnme,0,1.0
x8_05.000,14.158566723392394,1.0,obgnme,0,1.0
x8_05.100,14.042542799113267,1.0,obgnme,0,1.0
x8_05.200,13.907241041762866,1.0,obgnme,0,1.0
x8_05.300,13.759692786518315,1.0,obgnme,0,1.0
x8_05.400,13.606359739512957,1.0,obgnme,0,1.0
x8_05.500,13.452487674626136,1.0,obgnme,0,1.0
x8_05.600,13.301784815614882,1.0,obgnme,0,1.0
x8_05.700,13.156410798046519,1.0,obgnme,0,1.0
x8_05.800,13.017201379737855,1.0,obgnme,0,1.0
x8_05.900,12.884025331041432,1.0,obgnme,0,1.0
x8_06.000,12.75617329049286,1.0,obgnme,0,1.0
x8_06.100,12.632706062332277,1.0,obgnme,0,1.0
x8_06.200,12.51272758538253,1.0,obgnme,0,1.0
x8_06.300,12.395580834817428,1.0,obgnme,0,1.0
x8_06.400,12.28098394789029,1.0,obgnme,0,1.0
x8_06.500,12.169127257664025,1.0,obgnme,0,1.0
x8_06.600,12.060743983159487,1.0,obgnme,0,1.0
x8_06.700,11.957155011118289,1.0,obgnme,0,1.0
x8_06.800,11.860278149961252,1.0,obgnme,0,1.0
x8_06.900,11.772588812525717,1.0,obgnme,0,1.0
x8_07.000,11.697023424638875,1.0,obgnme,0,1.0
x8_07.100,11.636826872143411,1.0,obgnme,0,1.0
x8_07.200,11.595356781731407,1.0,obgnme,0,1.0
x8_07.300,11.575865968255314,1.0,obgnme,0,1.0
x8_07.400,11.581287227320935,1.0,obgnme,0,1.0
x8_07.500,11.614041617041076,1.0,obgnme,0,1.0
x8_07.600,11.675884398441285,1.0,obgnme,0,1.0
x8_07.700,11.767794701493752,1.0,obgnme,0,1.0
x8_07.800,11.8899081671384,1.0,obgnme,0,1.0
x8_07.900,12.041487611714459,1.0,obgnme,0,1.0
x8_08.000,12.220925374440297,1.0,obgnme,0,1.0
x8_08.100,12.42577187874233,1.0,obgnme,0,1.0
x8_08.200,12.652787155792948,1.0,obgnme,0,1.0
x8_08.300,12.898014691362318,1.0,obgnme,0,1.0
x8_08.400,13.15687912268707,1.0,obgnme,0,1.0
x8_08.500,13.424310360238765,1.0,obgnme,0,1.0
x8_08.600,13.694896184366826,1.0,obgnme,0,1.0
x8_08.700,13.963063091470623,1.0,obgnme,0,1.0
x8_08.800,14.22328132020102,1.0,obgnme,0,1.0
x8_08.900,14.470285169997023,1.0,obgnme,0,1.0
x8_09.000,14.69929490805822,1.0,obgnme,0,1.0
x8_09.100,14.906222941083428,1.0,obgnme,0,1.0
x8_09.200,15.08784562878764,1.0,obgnme,0,1.0
x8_09.300,15.241923847880374,1.0,obgnme,0,1.0
x8_09.400,15.367260200697627,1.0,obgnme,0,1.0
x8_09.500,15.463687854832664,1.0,obgnme,0,1.0
x8_09.600,15.531994049691075,1.0,obgnme,0,1.0
x8_09.700,15.573788734470494,1.0,obgnme,0,1.0
x8_09.800,15.591334243662963,1.0,obgnme,0,1.0
x8_09.900,15.587354564941531,1.0,obgnme,0,1.0
x8_10.000,15.56484250466015,0.0,obgnme,0,
x8_10.100,15.526880417138415,0.0,obgnme,0,
x8_10.200,15.476486016952295,0.0,obgnme,0,
x8_10.300,15.416490105736527,0.0,obgnme,0,
x8_10.400,15.349448635626818,0.0,obgnme,0,
x8_10.500,15.277587943031346,0.0,obgnme,0,
x8_10.600,15.202779463114476,0.0,obgnme,0,
x8_10.700,15.126538776101288,0.0,obgnme,0,
x8_10.800,15.050043281596682,0.0,obgnme,0,
x8_10.900,14.974162914542948,0.0,obgnme,0,
x8_11.000,14.89949886799887,0.0,obgnme,0,
x8_11.100,14.826426069291673,0.0,obgnme,0,
x8_11.200,14.755136013891986,0.0,obgnme,0,
x8_11.300,14.685677394031039,0.0,obgnme,0,
x8_11.400,14.617992708757464,0.0,obgnme,0,
x8_11.500,14.551949683189669,0.0,obgnme,0,
x8_11.600,14.487366852563182,0.0,obgnme,0,
x8_11.700,14.424033088644611,0.0,obgnme,0,
x8_11.800,14.361721175014539,0.0,obgnme,0,
x8_11.900,14.300195787879947,0.0,obgnme,0,
x8_12.000,14.23921642394006,0.0,obgnme,0,
x8_12.100,14.178535948041654,0.0,obgnme,0,
x8_12.200,14.117895520383358,0.0,obgnme,0,
x8_12.300,14.057016713194717,0.0,obgnme,0,
x8_12.400,13.995591645613972,0.0,obgnme,0,
x8_12.500,13.933271957011758,0.0,obgnme,0,
x8_12.600,13.869657406462922,0.0,obgnme,0,
x8_12.700,13.8042848322523,0.0,obgnme,0,
x8_12.800,13.73661813294593,0.0,obgnme,0,
x8_12.900,13.666039843506606,0.0,obgnme,0,
x8_13.000,13.591844779135494,0.0,obgnme,0,
x8_13.100,13.513236108959653,0.0,obgnme,0,
x8_13.200,13.429324104272752,0.0,obgnme,0,
x8_13.300,13.339127684601314,0.0,obgnme,0,
x8_13.400,13.24157876224998,0.0,obgnme,0,
x8_13.500,13.135529265230153,0.0,obgnme,0,
x8_13.600,13.019760603139112,0.0,obgnme,0,
x8_13.700,12.892995234929021,0.0,obgnme,0,
x8_13.800,12.753909906820972,0.0,obgnme,0,
x8_13.900,12.601150059060663,0.0,obgnme,0,
x8_14.000,12.433344858696705,0.0,obgnme,0,
x8_14.100,12.249122309272252,0.0,obgnme,0,
x8_14.200,12.047123923991204,0.0,obgnme,0,
x8_14.300,11.82601853194619,0.0,obgnme,0,
x8_14.400,11.584514920454744,0.0,obgnme,0,
x8_14.500,11.321373200272925,0.0,obgnme,0,
x8_14.600,11.03541501026355,0.0,obgnme,0,
x8_14.700,10.725532945299221,0.0,obgnme,0,
x8_14.800,10.390699882358188,0.0,obgnme,0,
x8_14.900,10.029979176784275,0.0,obgnme,0,
x8_15.000,9.642536980785371,0.0,obgnme,0,
x8_15.100,9.227658172148724,0.0,obgnme,0,
x8_15.200,8.784767540914213,0.0,obgnme,0,
x8_15.300,8.313457928515973,0.0,obgnme,0,
x8_15.400,7.81352690574859,0.0,obgnme,0,
x8_15.500,7.285023266314598,0.0,obgnme,0,
x8_15.600,6.728304052585976,0.0,obgnme,0,
x8_15.700,6.144101972715697,0.0,obgnme,0,
x8_15.800,5.533601877629142,0.0,obgnme,0,
x8_15.900,4.898523432192796,0.0,obgnme,0,
x8_16.000,4.241205271403244,0.0,obgnme,0,
x8_16.100,3.564683883137203,0.0,obgnme,0,
x8_16.200,2.87275840069991,0.0,obgnme,0,
x8_16.300,2.1700307288356546,0.0,obgnme,0,
x8_16.400,1.461909383385304,0.0,obgnme,0,
x8_16.500,0.7545655901221245,0.0,obgnme,0,
x8_16.600,0.05483205022081716,0.0,obgnme,0,
x8_16.700,-0.6299613095041449,0.0,obgnme,0,
x8_16.800,-1.2922142735032605,0.0,obgnme,0,
x8_16.900,-1.9243379352674364,0.0,obgnme,0,
x8_17.000,-2.5190745022913212,0.0,obgnme,0,
x8_17.100,-3.069831143589257,0.0,obgnme,0,
x8_17.200,-3.570998398953874,0.0,obgnme,0,
x8_17.300,-4.018222236968558,0.0,obgnme,0,
x8_17.400,-4.40860212579468,0.0,obgnme,0,
x8_17.500,-4.740795276953003,0.0,obgnme,0,
x8_17.600,-5.015018269484103,0.0,obgnme,0,
x8_17.700,-5.232949501828799,0.0,obgnme,0,
x8_17.800,-5.397547057567367,0.0,obgnme,0,
x8_17.900,-5.512804696222474,0.0,obgnme,0,
x8_18.000,-5.583472716564761,0.0,obgnme,0,
x8_18.100,-5.6147703042252655,0.0,obgnme,0,
x8_18.200,-5.612112425404384,0.0,obgnme,0,
x8_18.300,-5.580868613787873,0.0,obgnme,0,
x8_18.400,-5.526164468551128,0.0,obgnme,0,
x8_18.500,-5.452730478540551,0.0,obgnme,0,
x8_18.600,-5.364797676377939,0.0,obgnme,0,
x8_18.700,-5.266035967412929,0.0,obgnme,0,
x8_18.800,-5.159528797459746,0.0,obgnme,0,
x8_18.900,-5.047776921389952,0.0,obgnme,0,
x8_19.000,-4.9327241020306785,0.0,obgnme,0,
x8_19.100,-4.815798273651055,0.0,obgnme,0,
x8_19.200,-4.697962750330187,0.0,obgnme,0,
x8_19.300,-4.579773214090014,0.0,obgnme,0,
x8_19.400,-4.461437318542235,0.0,obgnme,0,
x8_19.500,-4.342874692505865,0.0,obgnme,0,
x8_19.600,-4.223775877593165,0.0,obgnme,0,
x8_19.700,-4.103659274842766,0.0,obgnme,0,
x8_19.800,-3.981925524133895,0.0,obgnme,0,
x8_19.900,-3.8579089276531686,0.0,obgnme,0,
x9_00.000,6.871562108790909,0.0,obgnme,0,
x9_00.100,6.928807165265412,0.0,obgnme,0,
x9_00.200,6.988678960728827,0.0,obgnme,0,
x9_00.300,7.052081889528282,0.0,obgnme,0,
x9_00.400,7.1199510547688725,0.0,obgnme,0,
x9_00.500,7.193258480195789,0.0,obgnme,0,
x9_00.600,7.273015626050831,0.0,obgnme,0,
x9_00.700,7.360272334998289,0.0,obgnme,0,
x9_00.800,7.456112344739041,0.0,obgnme,0,
x9_00.900,7.561645446364748,0.0,obgnme,0,
x9_01.000,7.677996202945447,0.0,obgnme,0,
x9_01.100,7.806288837221387,0.0,obgnme,0,
x9_01.200,7.947627432232144,0.0,obgnme,0,
x9_01.300,8.103069977130158,0.0,obgnme,0,
x9_01.400,8.273594096027166,0.0,obgnme,0,
x9_01.500,8.460051655346296,0.0,obgnme,0,
x9_01.600,8.663109072793368,0.0,obgnme,0,
x9_01.700,8.883170339214669,0.0,obgnme,0,
x9_01.800,9.120280825665368,0.0,obgnme,0,
x9_01.900,9.374012114194361,0.0,obgnme,0,
x9_02.000,9.643331368366786,0.0,obgnme,0,
x9_02.100,9.926462780204469,0.0,obgnme,0,
x9_02.200,10.220752581326662,0.0,obgnme,0,
x9_02.300,10.522551842855147,0.0,obgnme,0,
x9_02.400,10.827131706595845,0.0,obgnme,0,
x9_02.500,11.128643325169469,0.0,obgnme,0,
x9_02.600,11.420130422775092,0.0,obgnme,0,
x9_02.700,11.693598228338697,0.0,obgnme,0,
x9_02.800,11.940141469947733,0.0,obgnme,0,
x9_02.900,12.150137851463587,0.0,obgnme,0,
x9_03.000,12.313520000045608,0.0,obgnme,0,
x9_03.100,12.420141204219778,0.0,obgnme,0,
x9_03.200,12.460237912107486,0.0,obgnme,0,
x9_03.300,12.424957340616093,0.0,obgnme,0,
x9_03.400,12.30686591794901,0.0,obgnme,0,
x9_03.500,12.10030573145776,0.0,obgnme,0,
x9_03.600,11.80145693288724,0.0,obgnme,0,
x9_03.700,11.408023947309351,0.0,obgnme,0,
x9_03.800,10.91859185511713,0.0,obgnme,0,
x9_03.900,10.331853305772638,0.0,obgnme,0,
x9_04.000,9.64601591894532,0.0,obgnme,0,
x9_04.100,8.858707954638064,0.0,obgnme,0,
x9_04.200,7.9675947504376765,0.0,obgnme,0,
x9_04.300,6.971735439277111,0.0,obgnme,0,
x9_04.400,5.8735026720209,0.0,obgnme,0,
x9_04.500,4.680703862733187,0.0,obgnme,0,
x9_04.600,3.4084178625548107,0.0,obgnme,0,
x9_04.700,2.080034008545357,0.0,obgnme,0,
x9_04.800,0.7270854148737553,0.0,obgnme,0,
x9_04.900,-0.6122918724944957,0.0,obgnme,0,
x9_05.000,-1.8961217169492566,0.0,obgnme,0,
x9_05.100,-3.082122682627568,0.0,obgnme,0,
x9_05.200,-4.131395290727001,0.0,obgnme,0,
x9_05.300,-5.011653594644093,0.0,obgnme,0,
x9_05.400,-5.699559132503079,0.0,obgnme,0,
x9_05.500,-6.181954265531534,0.0,obgnme,0,
x9_05.600,-6.456014063645703,0.0,obgnme,0,
x9_05.700,-6.528485808866582,0.0,obgnme,0,
x9_05.800,-6.414254275348925,0.0,obgnme,0,
x9_05.900,-6.134482548117213,0.0,obgnme,0,
x9_06.000,-5.714561607919293,0.0,obgnme,0,
x9_06.100,-5.18207438274189,0.0,obgnme,0,
x9_06.200,-4.5649442622463665,0.0,obgnme,0,
x9_06.300,-3.889891790225192,0.0,obgnme,0,
x9_06.400,-3.1812681935005944,0.0,obgnme,0,
x9_06.500,-2.460278974252195,0.0,obgnme,0,
x9_06.600,-1.7445657331681104,0.0,obgnme,0,
x9_06.700,-1.0480869223521454,0.0,obgnme,0,
x9_06.800,-0.38122901289646305,0.0,obgnme,0,
x9_06.900,0.24891631626289523,0.0,obgnme,0,
x9_07.000,0.8381630092170941,0.0,obgnme,0,
x9_07.100,1.3847727946919473,0.0,obgnme,0,
x9_07.200,1.888963665228363,0.0,obgnme,0,
x9_07.300,2.3524136431244647,0.0,obgnme,0,
x9_07.400,2.777783591849585,0.0,obgnme,0,
x9_07.500,3.1682771480512986,0.0,obgnme,0,
x9_07.600,3.527249506988145,0.0,obgnme,0,
x9_07.700,3.8578706368612568,0.0,obgnme,0,
x9_07.800,4.1628437646464205,0.0,obgnme,0,
x9_07.900,4.444177627904953,0.0,obgnme,0,
x9_08.000,4.703011314496687,0.0,obgnme,0,
x9_08.100,4.939493074272455,0.0,obgnme,0,
x9_08.200,5.1527182541243945,0.0,obgnme,0,
x9_08.300,5.340735077797335,0.0,obgnme,0,
x9_08.400,5.500628820027525,0.0,obgnme,0,
x9_08.500,5.628693584158476,0.0,obgnme,0,
x9_08.600,5.720695398595458,0.0,obgnme,0,
x9_08.700,5.7722205374076445,0.0,obgnme,0,
x9_08.800,5.779089845549405,0.0,obgnme,0,
x9_08.900,5.737805705716068,0.0,obgnme,0,
x9_09.000,5.64598644191898,0.0,obgnme,0,
x9_09.100,5.502737001680695,0.0,obgnme,0,
x9_09.200,5.30890743697141,0.0,obgnme,0,
x9_09.300,5.0672028164947625,0.0,obgnme,0,
x9_09.400,4.782128018314669,0.0,obgnme,0,
x9_09.500,4.459774373830237,0.0,obgnme,0,
x9_09.600,4.10747722112863,0.0,obgnme,0,
x9_09.700,3.733389372854257,0.0,obgnme,0,
x9_09.800,3.3460224380354813,0.0,obgnme,0,
x9_09.900,2.9538054925414503,0.0,obgnme,0,
x9_10.000,2.564700678176794,0.0,obgnme,0,
x9_10.100,2.1859011942709494,0.0,obgnme,0,
x9_10.200,1.8236223125146644,0.0,obgnme,0,
x9_10.300,1.4829832688834517,0.0,obgnme,0,
x9_10.400,1.167968758741171,0.0,obgnme,0,
x9_10.500,0.8814536898568162,0.0,obgnme,0,
x9_10.600,0.6252733564373576,0.0,obgnme,0,
x9_10.700,0.40032233534091277,0.0,obgnme,0,
x9_10.800,0.20666811498614354,0.0,obgnme,0,
x9_10.900,0.04366882486431209,0.0,obgnme,0,
x9_11.000,-0.08991223527242592,0.0,obgnme,0,
x9_11.100,-0.19579967296795403,0.0,obgnme,0,
x9_11.200,-0.2761088249022217,0.0,obgnme,0,
x9_11.300,-0.3332588485358189,0.0,obgnme,0,
x9_11.400,-0.36989558945582063,0.0,obgnme,0,
x9_11.500,-0.38882319195031373,0.0,obgnme,0,
x9_11.600,-0.3929432389166293,0.0,obgnme,0,
x9_11.700,-0.3852002651955191,0.0,obgnme,0,
x9_11.800,-0.3685326851907418,0.0,obgnme,0,
x9_11.900,-0.3458284314365115,0.0,obgnme,0,
x9_12.000,-0.3198848572995503,0.0,obgnme,0,
x9_12.100,-0.29337267611632417,0.0,obgnme,0,
x9_12.200,-0.2688038705596248,0.0,obgnme,0,
x9_12.300,-0.24850360462646154,0.0,obgnme,0,
x9_12.400,-0.23458621242765532,0.0,obgnme,0,
x9_12.500,-0.22893533644484085,0.0,obgnme,0,
x9_12.600,-0.2331882600606302,0.0,obgnme,0,
x9_12.700,-0.2487244417849392,0.0,obgnme,0,
x9_12.800,-0.27665822553496433,0.0,obgnme,0,
x9_12.900,-0.31783568154812275,0.0,obgnme,0,
x9_13.000,-0.37283552923840463,0.0,obgnme,0,
x9_13.100,-0.4419741040592261,0.0,obgnme,0,
x9_13.200,-0.5253143477912529,0.0,obgnme,0,
x9_13.300,-0.6226788146022869,0.0,obgnme,0,
x9_13.400,-0.7336666807662188,0.0,obgnme,0,
x9_13.500,-0.8576747110650209,0.0,obgnme,0,
x9_13.600,-0.9939220585069021,0.0,obgnme,0,
x9_13.700,-1.1414786486962774,0.0,obgnme,0,
x9_13.800,-1.2992967239558408,0.0,obgnme,0,
x9_13.900,-1.4662448995904662,0.0,obgnme,0,
x9_14.000,-1.6411438269325114,0.0,obgnme,0,
x9_14.100,-1.8228022830507702,0.0,obgnme,0,
x9_14.200,-2.0100522385324227,0.0,obgnme,0,
x9_14.300,-2.2017812188485606,0.0,obgnme,0,
x9_14.400,-2.3969600978243504,0.0,obgnme,0,
x9_14.500,-2.5946643668347167,0.0,obgnme,0,
x9_14.600,-2.79408692772743,0.0,obgnme,0,
x9_14.700,-2.994540570560966,0.0,obgnme,0,
x9_14.800,-3.195448520562443,0.0,obgnme,0,
x9_14.900,-3.396321767758216,0.0,obgnme,0,
x9_15.000,-3.5967223207497296,0.0,obgnme,0,
x9_15.100,-3.7962120491996743,0.0,obgnme,0,
x9_15.200,-3.9942874020823806,0.0,obgnme,0,
x9_15.300,-4.190301027353201,0.0,obgnme,0,
x9_15.400,-4.383372203803543,0.0,obgnme,0,
x9_15.500,-4.572289068309093,0.0,obgnme,0,
x9_15.600,-4.755406923357409,0.0,obgnme,0,
x9_15.700,-4.930548467132826,0.0,obgnme,0,
x9_15.800,-5.094913588353766,0.0,obgnme,0,
x9_15.900,-5.245008326321362,0.0,obgnme,0,
x9_16.000,-5.376604522312515,0.0,obgnme,0,
x9_16.100,-5.484743249908153,0.0,obgnme,0,
x9_16.200,-5.563795816584935,0.0,obgnme,0,
x9_16.300,-5.6075953362481235,0.0,obgnme,0,
x9_16.400,-5.609648864594693,0.0,obgnme,0,
x9_16.500,-5.563434226072176,0.0,obgnme,0,
x9_16.600,-5.46277662803062,0.0,obgnme,0,
x9_16.700,-5.302288277835685,0.0,obgnme,0,
x9_16.800,-5.07784074217714,0.0,obgnme,0,
x9_16.900,-4.7870270048498,0.0,obgnme,0,
x9_17.000,-4.429561188429276,0.0,obgnme,0,
x9_17.100,-4.007561935852339,0.0,obgnme,0,
x9_17.200,-3.5256728215214244,0.0,obgnme,0,
x9_17.300,-2.990990217564326,0.0,obgnme,0,
x9_17.400,-2.4127935131574487,0.0,obgnme,0,
x9_17.500,-1.8020998481599304,0.0,obgnme,0,
x9_17.600,-1.17108978600087,0.0,obgnme,0,
x9_17.700,-0.5324664088460829,0.0,obgnme,0,
x9_17.800,0.1011848522992046,0.0,obgnme,0,
x9_17.900,0.7179747924265014,0.0,obgnme,0,
x9_18.000,1.3071816601263633,0.0,obgnme,0,
x9_18.100,1.859588864472339,0.0,obgnme,0,
x9_18.200,2.367682693282158,0.0,obgnme,0,
x9_18.300,2.825720027873998,0.0,obgnme,0,
x9_18.400,3.2296873721941375,0.0,obgnme,0,
x9_18.500,3.5771783450043766,0.0,obgnme,0,
x9_18.600,3.867217821088406,0.0,obgnme,0,
x9_18.700,4.100058433163114,0.0,obgnme,0,
x9_18.800,4.27697056553751,0.0,obgnme,0,
x9_18.900,4.400041514600159,0.0,obgnme,0,
x9_19.000,4.471994077749493,0.0,obgnme,0,
x9_19.100,4.496030045940375,0.0,obgnme,0,
x9_19.200,4.475700215671716,0.0,obgnme,0,
x9_19.300,4.414799695082907,0.0,obgnme,0,
x9_19.400,4.317285412514772,0.0,obgnme,0,
x9_19.500,4.187211726199485,0.0,obgnme,0,
x9_19.600,4.028679728198542,0.0,obgnme,0,
x9_19.700,3.8457960713907133,0.0,obgnme,0,
x9_19.800,3.6426377639417864,0.0,obgnme,0,
x9_19.900,3.423220217684414,0.0,obgnme,0,
x10_00.000,8.248568183656646,1.0,obgnme,0,1.0
x10_00.100,8.262423520445259,1.0,obgnme,0,1.0
x10_00.200,8.280315579643657,1.0,obgnme,0,1.0
x10_00.300,8.302088100631787,1.0,obgnme,0,1.0
x10_00.400,8.32755781238559,1.0,obgnme,0,1.0
x10_00.500,8.356496177797915,1.0,obgnme,0,1.0
x10_00.600,8.388607990199246,1.0,obgnme,0,1.0
x10_00.700,8.423506692399814,1.0,obgnme,0,1.0
x10_00.800,8.460686402895835,1.0,obgnme,0,1.0
x10_00.900,8.499490790203781,1.0,obgnme,0,1.0
x10_01.000,8.539079138130157,1.0,obgnme,0,1.0
x10_01.100,8.578390193339262,1.0,obgnme,0,1.0
x10_01.200,8.616104679493516,1.0,obgnme,0,1.0
x10_01.300,8.650607692368846,1.0,obgnme,0,1.0
x10_01.400,8.679952544625383,1.0,obgnme,0,1.0
x10_01.500,8.701827987352512,1.0,obgnme,0,1.0
x10_01.600,8.713531070172571,1.0,obgnme,0,1.0
x10_01.700,8.71194817561207,1.0,obgnme,0,1.0
x10_01.800,8.693546930705358,1.0,obgnme,0,1.0
x10_01.900,8.65438170989051,1.0,obgnme,0,1.0
x10_02.000,8.590115263792931,1.0,obgnme,0,1.0
x10_02.100,8.496058660106515,1.0,obgnme,0,1.0
x10_02.200,8.367231347616565,1.0,obgnme,0,1.0
x10_02.300,8.19844308160355,1.0,obgnme,0,1.0
x10_02.400,7.984400204163359,1.0,obgnme,0,1.0
x10_02.500,7.719840936074839,1.0,obgnme,0,1.0
x10_02.600,7.39970815295292,1.0,obgnme,0,1.0
x10_02.700,7.019372861453466,1.0,obgnme,0,1.0
x10_02.800,6.5749248871220916,1.0,obgnme,0,1.0
x10_02.900,6.063544889173729,1.0,obgnme,0,1.0
x10_03.000,5.483958528372053,1.0,obgnme,0,1.0
x10_03.100,4.836945832837046,1.0,obgnme,0,1.0
x10_03.200,4.1258384387370235,1.0,obgnme,0,1.0
x10_03.300,3.356895398776465,1.0,obgnme,0,1.0
x10_03.400,2.5394248352355815,1.0,obgnme,0,1.0
x10_03.500,1.685536965791702,1.0,obgnme,0,1.0
x10_03.600,0.8094871755760252,1.0,obgnme,0,1.0
x10_03.700,-0.0733143556944309,1.0,obgnme,0,1.0
x10_03.800,-0.9474250941468706,1.0,obgnme,0,1.0
x10_03.900,-1.798343507799911,1.0,obgnme,0,1.0
x10_04.000,-2.6130583605267383,1.0,obgnme,0,1.0
x10_04.100,-3.3799982692022645,1.0,obgnme,0,1.0
x10_04.200,-4.088368222988946,1.0,obgnme,0,1.0
x10_04.300,-4.727034390999804,1.0,obgnme,0,1.0
x10_04.400,-5.283257265192208,1.0,obgnme,0,1.0
x10_04.500,-5.741646219079173,1.0,obgnme,0,1.0
x10_04.600,-6.083707016867322,1.0,obgnme,0,1.0
x10_04.700,-6.28828247792587,1.0,obgnme,0,1.0
x10_04.800,-6.333054054915309,1.0,obgnme,0,1.0
x10_04.900,-6.197085689810386,1.0,obgnme,0,1.0
x10_05.000,-5.86416111468746,1.0,obgnme,0,1.0
x10_05.100,-5.32641937278966,1.0,obgnme,0,1.0
x10_05.200,-4.587590002344724,1.0,obgnme,0,1.0
x10_05.300,-3.6650544088853745,1.0,obgnme,0,1.0
x10_05.400,-2.5900877414783516,1.0,obgnme,0,1.0
x10_05.500,-1.4059766921885588,1.0,obgnme,0,1.0
x10_05.600,-0.16418224220547528,1.0,obgnme,0,1.0
x10_05.700,1.0808240376822598,1.0,obgnme,0,1.0
x10_05.800,2.277122675787637,1.0,obgnme,0,1.0
x10_05.900,3.380327347736321,1.0,obgnme,0,1.0
x10_06.000,4.357193821618243,1.0,obgnme,0,1.0
x10_06.100,5.1874231228153125,1.0,obgnme,0,1.0
x10_06.200,5.863632602430799,1.0,obgnme,0,1.0
x10_06.300,6.389812677224308,1.0,obgnme,0,1.0
x10_06.400,6.77879192301152,1.0,obgnme,0,1.0
x10_06.500,7.049279386061366,1.0,obgnme,0,1.0
x10_06.600,7.2229716445985765,1.0,obgnme,0,1.0
x10_06.700,7.322061340705028,1.0,obgnme,0,1.0
x10_06.800,7.367320968419128,1.0,obgnme,0,1.0
x10_06.900,7.376799615033501,1.0,obgnme,0,1.0
x10_07.000,7.365077733485314,1.0,obgnme,0,1.0
x10_07.100,7.342975596277124,1.0,obgnme,0,1.0
x10_07.200,7.31759580915755,1.0,obgnme,0,1.0
x10_07.300,7.292587778956833,1.0,obgnme,0,1.0
x10_07.400,7.268542144801031,1.0,obgnme,0,1.0
x10_07.500,7.243448144553356,1.0,obgnme,0,1.0
x10_07.600,7.213171455326367,1.0,obgnme,0,1.0
x10_07.700,7.171931075768103,1.0,obgnme,0,1.0
x10_07.800,7.1127697223530975,1.0,obgnme,0,1.0
x10_07.900,7.028022420069819,1.0,obgnme,0,1.0
x10_08.000,6.909792466950196,1.0,obgnme,0,1.0
x10_08.100,6.750442993144094,1.0,obgnme,0,1.0
x10_08.200,6.5431063474097275,1.0,obgnme,0,1.0
x10_08.300,6.282203257575411,1.0,obgnme,0,1.0
x10_08.400,5.9639504316550145,1.0,obgnme,0,1.0
x10_08.500,5.586821153696905,1.0,obgnme,0,1.0
x10_08.600,5.151911589010677,1.0,obgnme,0,1.0
x10_08.700,4.663159685487258,1.0,obgnme,0,1.0
x10_08.800,4.127367285099743,1.0,obgnme,0,1.0
x10_08.900,3.553991457634078,1.0,obgnme,0,1.0
x10_09.000,2.9546975744114907,1.0,obgnme,0,1.0
x10_09.100,2.3427003377952484,1.0,obgnme,0,1.0
x10_09.200,1.731953037037401,1.0,obgnme,0,1.0
x10_09.300,1.1362716362002077,1.0,obgnme,0,1.0
x10_09.400,0.5684920709654193,1.0,obgnme,0,1.0
x10_09.500,0.03975305249821892,1.0,obgnme,0,1.0
x10_09.600,-0.4410257953167201,1.0,obgnme,0,1.0
x10_09.700,-0.8674338040858991,1.0,obgnme,0,1.0
x10_09.800,-1.2356263498113451,1.0,obgnme,0,1.0
x10_09.900,-1.544179266799996,1.0,obgnme,0,1.0
x10_10.000,-1.7937913082753398,0.0,obgnme,0,
x10_10.100,-1.9868938385195265,0.0,obgnme,0,
x10_10.200,-2.127224499449164,0.0,obgnme,0,
x10_10.300,-2.2194115027907917,0.0,obgnme,0,
x10_10.400,-2.26860134868908,0.0,obgnme,0,
x10_10.500,-2.280148583680723,0.0,obgnme,0,
x10_10.600,-2.2593740352649654,0.0,obgnme,0,
x10_10.700,-2.211388962813817,0.0,obgnme,0,
x10_10.800,-2.140976939578408,0.0,obgnme,0,
x10_10.900,-2.052522595367289,0.0,obgnme,0,
x10_11.000,-1.9499758778268064,0.0,obgnme,0,
x10_11.100,-1.8368414604176746,0.0,obgnme,0,
x10_11.200,-1.716184666576205,0.0,obgnme,0,
x10_11.300,-1.5906472847236068,0.0,obgnme,0,
x10_11.400,-1.4624685791001726,0.0,obgnme,0,
x10_11.500,-1.3335084627951903,0.0,obgnme,0,
x10_11.600,-1.2052711072595366,0.0,obgnme,0,
x10_11.700,-1.078928207249247,0.0,obgnme,0,
x10_11.800,-0.9553417374261634,0.0,obgnme,0,
x10_11.900,-0.8350863861542516,0.0,obgnme,0,
x10_12.000,-0.7184720007913176,0.0,obgnme,0,
x10_12.100,-0.6055663921852733,0.0,obgnme,0,
x10_12.200,-0.4962187809728327,0.0,obgnme,0,
x10_12.300,-0.3900840699164036,0.0,obgnme,0,
x10_12.400,-0.28664802753264007,0.0,obgnme,0,
x10_12.500,-0.18525338905128047,0.0,obgnme,0,
x10_12.600,-0.08512683081867531,0.0,obgnme,0,
x10_12.700,0.014593245743260153,0.0,obgnme,0,
x10_12.800,0.11482818060408664,0.0,obgnme,0,
x10_12.900,0.21652981452739048,0.0,obgnme,0,
x10_13.000,0.3206505653849037,0.0,obgnme,0,
x10_13.100,0.42811283844951425,0.0,obgnme,0,
x10_13.200,0.5397778036015959,0.0,obgnme,0,
x10_13.300,0.6564136191855293,0.0,obgnme,0,
x10_13.400,0.7786632639742871,0.0,obgnme,0,
x10_13.500,0.9070122542718431,0.0,obgnme,0,
x10_13.600,1.041756666007839,0.0,obgnme,0,
x10_13.700,1.1829720396770005,0.0,obgnme,0,
x10_13.800,1.330483902323559,0.0,obgnme,0,
x10_13.900,1.4838407754629324,0.0,obgnme,0,
x10_14.000,1.6422906301189262,0.0,obgnme,0,
x10_14.100,1.804761781740138,0.0,obgnme,0,
x10_14.200,1.9698491764424337,0.0,obgnme,0,
x10_14.300,2.1358069032188527,0.0,obgnme,0,
x10_14.400,2.3005475841771386,0.0,obgnme,0,
x10_14.500,2.4616490696023003,0.0,obgnme,0,
x10_14.600,2.6163686320272843,0.0,obgnme,0,
x10_14.700,2.7616646574381725,0.0,obgnme,0,
x10_14.800,2.8942257187578595,0.0,obgnme,0,
x10_14.900,3.0105069283974406,0.0,obgnme,0,
x10_15.000,3.106773631481955,0.0,obgnme,0,
x10_15.100,3.1791528276363628,0.0,obgnme,0,
x10_15.200,3.2236931796352684,0.0,obgnme,0,
x10_15.300,3.2364350359239444,0.0,obgnme,0,
x10_15.400,3.213492485948687,0.0,obgnme,0,
x10_15.500,3.1511499787208996,0.0,obgnme,0,
x10_15.600,3.045976334326745,0.0,obgnme,0,
x10_15.700,2.8949589049038993,0.0,obgnme,0,
x10_15.800,2.6956600066142995,0.0,obgnme,0,
x10_15.900,2.446396332654773,0.0,obgnme,0,
x10_16.000,2.146439646128645,0.0,obgnme,0,
x10_16.100,1.7962334521021674,0.0,obgnme,0,
x10_16.200,1.3976154900636628,0.0,obgnme,0,
x10_16.300,0.9540299488335464,0.0,obgnme,0,
x10_16.400,0.47070687105697145,0.0,obgnme,0,
x10_16.500,-0.04521958494125661,0.0,obgnme,0,
x10_16.600,-0.5846858213696633,0.0,obgnme,0,
x10_16.700,-1.1367972753600033,0.0,obgnme,0,
x10_16.800,-1.689074315179452,0.0,obgnme,0,
x10_16.900,-2.227854703265845,0.0,obgnme,0,
x10_17.000,-2.7388409266109806,0.0,obgnme,0,
x10_17.100,-3.2077566768405528,0.0,obgnme,0,
x10_17.200,-3.6210547747882433,0.0,obgnme,0,
x10_17.300,-3.9666047890768223,0.0,obgnme,0,
x10_17.400,-4.234287108287705,0.0,obgnme,0,
x10_17.500,-4.416432706216647,0.0,obgnme,0,
x10_17.600,-4.508071666195628,0.0,obgnme,0,
x10_17.700,-4.506982800203357,0.0,obgnme,0,
x10_17.800,-4.413564310571483,0.0,obgnme,0,
x10_17.900,-4.230565534900592,0.0,obgnme,0,
x10_18.000,-3.9627294564542996,0.0,obgnme,0,
x10_18.100,-3.616395185074433,0.0,obgnme,0,
x10_18.200,-3.1991017271174442,0.0,obgnme,0,
x10_18.300,-2.719222701721576,0.0,obgnme,0,
x10_18.400,-2.1856494859360867,0.0,obgnme,0,
x10_18.500,-1.607529748378202,0.0,obgnme,0,
x10_18.600,-0.9940604244560743,0.0,obgnme,0,
x10_18.700,-0.3543289560437073,0.0,obgnme,0,
x10_18.800,0.3028063522833242,0.0,obgnme,0,
x10_18.900,0.9688072557038976,0.0,obgnme,0,
x10_19.000,1.635528137021431,0.0,obgnme,0,
x10_19.100,2.2952795790315372,0.0,obgnme,0,
x10_19.200,2.940890493854989,0.0,obgnme,0,
x10_19.300,3.5657738959859357,0.0,obgnme,0,
x10_19.400,4.163998457415823,0.0,obgnme,0,
x10_19.500,4.730364815677922,0.0,obgnme,0,
x10_19.600,5.260482579574241,0.0,obgnme,0,
x10_19.700,5.750841515037047,0.0,obgnme,0,
x10_19.800,6.198868904731044,0.0,obgnme,0,
x10_19.900,6.602964860688336,0.0,obgnme,0,
x11_00.000,7.39479566605604,0.0,obgnme,0,
x11_00.100,7.3791485796445695,0.0,obgnme,0,
x11_00.200,7.362681943085074,0.0,obgnme,0,
x11_00.300,7.344898991117615,0.0,obgnme,0,
x11_00.400,7.325258360613658,0.0,obgnme,0,
x11_00.500,7.30316979531601,0.0,obgnme,0,
x11_00.600,7.2779903780612685,0.0,obgnme,0,
x11_00.700,7.249021798059378,0.0,obgnme,0,
x11_00.800,7.215509224327225,0.0,obgnme,0,
x11_00.900,7.176642431809014,0.0,obgnme,0,
x11_01.000,7.13155991631448,0.0,obgnme,0,
x11_01.100,7.079356840344626,0.0,obgnme,0,
x11_01.200,7.01909777460568,0.0,obgnme,0,
x11_01.300,6.949835335433131,0.0,obgnme,0,
x11_01.400,6.870635953348045,0.0,obgnme,0,
x11_01.500,6.780614114081173,0.0,obgnme,0,
x11_01.600,6.678976439009612,0.0,obgnme,0,
x11_01.700,6.565076834995101,0.0,obgnme,0,
x11_01.800,6.438483528996092,0.0,obgnme,0,
x11_01.900,6.299057970953471,0.0,obgnme,0,
x11_02.000,6.147044201748373,0.0,obgnme,0,
x11_02.100,5.983165253365708,0.0,obgnme,0,
x11_02.200,5.808720498039183,0.0,obgnme,0,
x11_02.300,5.625674776627787,0.0,obgnme,0,
x11_02.400,5.436726968050487,0.0,obgnme,0,
x11_02.500,5.245342868106379,0.0,obgnme,0,
x11_02.600,5.055735252231635,0.0,obgnme,0,
x11_02.700,4.872773070896682,0.0,obgnme,0,
x11_02.800,4.701802009673352,0.0,obgnme,0,
x11_02.900,4.54836046778159,0.0,obgnme,0,
x11_03.000,4.417779441035605,0.0,obgnme,0,
x11_03.100,4.314664055693889,0.0,obgnme,0,
x11_03.200,4.242271488743177,0.0,obgnme,0,
x11_03.300,4.201826353987149,0.0,obgnme,0,
x11_03.400,4.191847538437685,0.0,obgnme,0,
x11_03.500,4.207590322500387,0.0,obgnme,0,
x11_03.600,4.2407193966332395,0.0,obgnme,0,
x11_03.700,4.279308778702405,0.0,obgnme,0,
x11_03.800,4.308212198721208,0.0,obgnme,0,
x11_03.900,4.309778639184639,0.0,obgnme,0,
x11_04.000,4.264831428095574,0.0,obgnme,0,
x11_04.100,4.153811733635637,0.0,obgnme,0,
x11_04.200,3.9580158293691086,0.0,obgnme,0,
x11_04.300,3.6609130904507534,0.0,obgnme,0,
x11_04.400,3.249584549480468,0.0,obgnme,0,
x11_04.500,2.71633369551367,0.0,obgnme,0,
x11_04.600,2.0604670625176236,0.0,obgnme,0,
x11_04.700,1.2901190605667372,0.0,obgnme,0,
x11_04.800,0.42383015691436354,0.0,obgnme,0,
x11_04.900,-0.5085618963905865,0.0,obgnme,0,
x11_05.000,-1.466212989327298,0.0,obgnme,0,
x11_05.100,-2.3991319793153276,0.0,obgnme,0,
x11_05.200,-3.2517039660678555,0.0,obgnme,0,
x11_05.300,-3.9675659090507214,0.0,obgnme,0,
x11_05.400,-4.495138187190828,0.0,obgnme,0,
x11_05.500,-4.792903423397364,0.0,obgnme,0,
x11_05.600,-4.833562870156368,0.0,obgnme,0,
x11_05.700,-4.606456573588663,0.0,obgnme,0,
x11_05.800,-4.1179936979010305,0.0,obgnme,0,
x11_05.900,-3.39019050951414,0.0,obgnme,0,
x11_06.000,-2.4576924459778335,0.0,obgnme,0,
x11_06.100,-1.3638420902447315,0.0,obgnme,0,
x11_06.200,-0.15643405205074012,0.0,obgnme,0,
x11_06.300,1.1162419484705188,0.0,obgnme,0,
x11_06.400,2.4086188567774793,0.0,obgnme,0,
x11_06.500,3.6800961443977673,0.0,obgnme,0,
x11_06.600,4.896290011506916,0.0,obgnme,0,
x11_06.700,6.029428263153757,0.0,obgnme,0,
x11_06.800,7.058107865755405,0.0,obgnme,0,
x11_06.900,7.966646262021574,0.0,obgnme,0,
x11_07.000,8.744231192437208,0.0,obgnme,0,
x11_07.100,9.384032547482551,0.0,obgnme,0,
x11_07.200,9.88239720940295,0.0,obgnme,0,
x11_07.300,10.238207931427073,0.0,obgnme,0,
x11_07.400,10.452449848927472,0.0,obgnme,0,
x11_07.500,10.527993061644334,0.0,obgnme,0,
x11_07.600,10.469568114767407,0.0,obgnme,0,
x11_07.700,10.28388521716176,0.0,obgnme,0,
x11_07.800,9.97982961507372,0.0,obgnme,0,
x11_07.900,9.568655999739784,0.0,obgnme,0,
x11_08.000,9.06410477873196,0.0,obgnme,0,
x11_08.100,8.482372433289383,0.0,obgnme,0,
x11_08.200,7.841886230740822,0.0,obgnme,0,
x11_08.300,7.162858598052757,0.0,obgnme,0,
x11_08.400,6.4666259003765845,0.0,obgnme,0,
x11_08.500,5.774806837966164,0.0,obgnme,0,
x11_08.600,5.108343338653491,0.0,obgnme,0,
x11_08.700,4.486507787588163,0.0,obgnme,0,
x11_08.800,3.925971251507157,0.0,obgnme,0,
x11_08.900,3.440025638310245,0.0,obgnme,0,
x11_09.000,3.038037863374763,0.0,obgnme,0,
x11_09.100,2.7251877468047696,0.0,obgnme,0,
x11_09.200,2.5025075391344114,0.0,obgnme,0,
x11_09.300,2.3672053028086917,0.0,obgnme,0,
x11_09.400,2.3132228672267,0.0,obgnme,0,
x11_09.500,2.3319566836843637,0.0,obgnme,0,
x11_09.600,2.4130594782508212,0.0,obgnme,0,
x11_09.700,2.5452424493358996,0.0,obgnme,0,
x11_09.800,2.7170099100563996,0.0,obgnme,0,
x11_09.900,2.9172772033298053,0.0,obgnme,0,
x11_10.000,3.135844289847747,0.0,obgnme,0,
x11_10.100,3.3637178294168355,0.0,obgnme,0,
x11_10.200,3.593291078021084,0.0,obgnme,0,
x11_10.300,3.818402094911899,0.0,obgnme,0,
x11_10.400,4.034296479977636,0.0,obgnme,0,
x11_10.500,4.2375219775370345,0.0,obgnme,0,
x11_10.600,4.4257801155727305,0.0,obgnme,0,
x11_10.700,4.597755995730796,0.0,obgnme,0,
x11_10.800,4.752942588094277,0.0,obgnme,0,
x11_10.900,4.891471246886337,0.0,obgnme,0,
x11_11.000,5.01395612747179,0.0,obgnme,0,
x11_11.100,5.121356946201787,0.0,obgnme,0,
x11_11.200,5.214862087910275,0.0,obgnme,0,
x11_11.300,5.295792333371038,0.0,obgnme,0,
x11_11.400,5.365524314479277,0.0,obgnme,0,
x11_11.500,5.425432073378511,0.0,obgnme,0,
x11_11.600,5.476844688825769,0.0,obgnme,0,
x11_11.700,5.521017750221378,0.0,obgnme,0,
x11_11.800,5.5591164416518755,0.0,obgnme,0,
x11_11.900,5.592208097284697,0.0,obgnme,0,
x11_12.000,5.62126226937399,0.0,obgnme,0,
x11_12.100,5.647156581741816,0.0,obgnme,0,
x11_12.200,5.67068689961486,0.0,obgnme,0,
x11_12.300,5.692580608544516,0.0,obgnme,0,
x11_12.400,5.713512040845032,0.0,obgnme,0,
x11_12.500,5.734119300749105,0.0,obgnme,0,
x11_12.600,5.755021906419559,0.0,obgnme,0,
x11_12.700,5.776838779701328,0.0,obgnme,0,
x11_12.800,5.800206169483587,0.0,obgnme,0,
x11_12.900,5.8257950929569535,0.0,obgnme,0,
x11_13.000,5.854327826534407,0.0,obgnme,0,
x11_13.100,5.886592884382568,0.0,obgnme,0,
x11_13.200,5.923457800458416,0.0,obgnme,0,
x11_13.300,5.965878895617243,0.0,obgnme,0,
x11_13.400,6.0149070829377935,0.0,obgnme,0,
x11_13.500,6.071688661551072,0.0,obgnme,0,
x11_13.600,6.137459992102513,0.0,obgnme,0,
x11_13.700,6.21353495495343,0.0,obgnme,0,
x11_13.800,6.301284182673464,0.0,obgnme,0,
x11_13.900,6.402105245121688,0.0,obgnme,0,
x11_14.000,6.517383257562184,0.0,obgnme,0,
x11_14.100,6.648441783378293,0.0,obgnme,0,
x11_14.200,6.796484410801235,0.0,obgnme,0,
x11_14.300,6.962527989764733,0.0,obgnme,0,
x11_14.400,7.147329207151237,0.0,obgnme,0,
x11_14.500,7.35130693685243,0.0,obgnme,0,
x11_14.600,7.574463597564174,0.0,obgnme,0,
x11_14.700,7.8163095458963365,0.0,obgnme,0,
x11_14.800,8.075795266199401,0.0,obgnme,0,
x11_14.900,8.351256706831947,0.0,obgnme,0,
x11_15.000,8.640379440871127,0.0,obgnme,0,
x11_15.100,8.940187256093518,0.0,obgnme,0,
x11_15.200,9.247060151613436,0.0,obgnme,0,
x11_15.300,9.556785404362952,0.0,obgnme,0,
x11_15.400,9.864643303184428,0.0,obgnme,0,
x11_15.500,10.165526391962272,0.0,obgnme,0,
x11_15.600,10.45408785119614,0.0,obgnme,0,
x11_15.700,10.724911411471435,0.0,obgnme,0,
x11_15.800,10.972692529795422,0.0,obgnme,0,
x11_15.900,11.19241913444264,0.0,obgnme,0,
x11_16.000,11.379540620220888,0.0,obgnme,0,
x11_16.100,11.530116214784815,0.0,obgnme,0,
x11_16.200,11.640938105338318,0.0,obgnme,0,
x11_16.300,11.70962998280894,0.0,obgnme,0,
x11_16.400,11.734726546910396,0.0,obgnme,0,
x11_16.500,11.715742341710156,0.0,obgnme,0,
x11_16.600,11.653237535546467,0.0,obgnme,0,
x11_16.700,11.548883146704698,0.0,obgnme,0,
x11_16.800,11.405519286302022,0.0,obgnme,0,
x11_16.900,11.227189395493157,0.0,obgnme,0,
x11_17.000,11.019124729993152,0.0,obgnme,0,
x11_17.100,10.787650486632252,0.0,obgnme,0,
x11_17.200,10.539990951152918,0.0,obgnme,0,
x11_17.300,10.28396630082984,0.0,obgnme,0,
x11_17.400,10.027595276194678,0.0,obgnme,0,
x11_17.500,9.778640049910813,0.0,obgnme,0,
x11_17.600,9.544145528974482,0.0,obgnme,0,
x11_17.700,9.330029896904426,0.0,obgnme,0,
x11_17.800,9.140774916366697,0.0,obgnme,0,
x11_17.900,8.979245955859968,0.0,obgnme,0,
x11_18.000,8.846648380290942,0.0,obgnme,0,
x11_18.100,8.742605097924978,0.0,obgnme,0,
x11_18.200,8.665324568673674,0.0,obgnme,0,
x11_18.300,8.61182177591808,0.0,obgnme,0,
x11_18.400,8.578156245741587,0.0,obgnme,0,
x11_18.500,8.559659000380067,0.0,obgnme,0,
x11_18.600,8.551131396163072,0.0,obgnme,0,
x11_18.700,8.547010282204951,0.0,obgnme,0,
x11_18.800,8.541503661949944,0.0,obgnme,0,
x11_18.900,8.52870773591003,0.0,obgnme,0,
x11_19.000,8.502719315278325,0.0,obgnme,0,
x11_19.100,8.457757173659644,0.0,obgnme,0,
x11_19.200,8.388302404268911,0.0,obgnme,0,
x11_19.300,8.289262016611966,0.0,obgnme,0,
x11_19.400,8.156152816557881,0.0,obgnme,0,
x11_19.500,7.985295241083431,0.0,obgnme,0,
x11_19.600,7.774000561778611,0.0,obgnme,0,
x11_19.700,7.520730994134956,0.0,obgnme,0,
x11_19.800,7.225211741669051,0.0,obgnme,0,
x11_19.900,6.888477304253644,0.0,obgnme,0,
x12_00.000,6.611581296851376,1.0,obgnme,0,1.0
x12_00.100,6.660289105432942,1.0,obgnme,0,1.0
x12_00.200,6.705940529207297,1.0,obgnme,0,1.0
x12_00.300,6.748921320342721,1.0,obgnme,0,1.0
x12_00.400,6.789609593141605,1.0,obgnme,0,1.0
x12_00.500,6.828385481973773,1.0,obgnme,0,1.0
x12_00.600,6.865641748298521,1.0,obgnme,0,1.0
x12_00.700,6.901795419291517,1.0,obgnme,0,1.0
x12_00.800,6.937300474345198,1.0,obgnme,0,1.0
x12_00.900,6.972661499171677,1.0,obgnme,0,1.0
x12_01.000,7.008448096277744,1.0,obgnme,0,1.0
x12_01.100,7.0453096726461295,1.0,obgnme,0,1.0
x12_01.200,7.083990021133038,1.0,obgnme,0,1.0
x12_01.300,7.125340877230726,1.0,obgnme,0,1.0
x12_01.400,7.1703333812654835,1.0,obgnme,0,1.0
x12_01.500,7.220066132802944,1.0,obgnme,0,1.0
x12_01.600,7.275768328612758,1.0,obgnme,0,1.0
x12_01.700,7.338796385165216,1.0,obgnme,0,1.0
x12_01.800,7.410622537158873,1.0,obgnme,0,1.0
x12_01.900,7.4928142664942685,1.0,obgnme,0,1.0
x12_02.000,7.587004147534217,1.0,obgnme,0,1.0
x12_02.100,7.694850871821833,1.0,obgnme,0,1.0
x12_02.200,7.817993858071151,1.0,obgnme,0,1.0
x12_02.300,7.958005868240496,1.0,obgnme,0,1.0
x12_02.400,8.116350172106669,1.0,obgnme,0,1.0
x12_02.500,8.294350545381475,1.0,obgnme,0,1.0
x12_02.600,8.493183037131919,1.0,obgnme,0,1.0
x12_02.700,8.713897117223809,1.0,obgnme,0,1.0
x12_02.800,8.957469593344946,1.0,obgnme,0,1.0
x12_02.900,9.224886835272066,1.0,obgnme,0,1.0
x12_03.000,9.517239151289647,1.0,obgnme,0,1.0
x12_03.100,9.835796457520793,1.0,obgnme,0,1.0
x12_03.200,10.18201924997373,1.0,obgnme,0,1.0
x12_03.300,10.557448374454486,1.0,obgnme,0,1.0
x12_03.400,10.963418698075829,1.0,obgnme,0,1.0
x12_03.500,11.40056371160529,1.0,obgnme,0,1.0
x12_03.600,11.868124977952284,1.0,obgnme,0,1.0
x12_03.700,12.363147698466532,1.0,obgnme,0,1.0
x12_03.800,12.879714507754404,1.0,obgnme,0,1.0
x12_03.900,13.408417545172092,1.0,obgnme,0,1.0
x12_04.000,13.936268624395645,1.0,obgnme,0,1.0
x12_04.100,14.447187820779915,1.0,obgnme,0,1.0
x12_04.200,14.923102459700692,1.0,obgnme,0,1.0
x12_04.300,15.345560120121016,1.0,obgnme,0,1.0
x12_04.400,15.697646449074098,1.0,obgnme,0,1.0
x12_04.500,15.965930648940011,1.0,obgnme,0,1.0
x12_04.600,16.142153001016094,1.0,obgnme,0,1.0
x12_04.700,16.22441694287125,1.0,obgnme,0,1.0
x12_04.800,16.217734531026007,1.0,obgnme,0,1.0
x12_04.900,16.133868939640728,1.0,obgnme,0,1.0
x12_05.000,15.990489524261802,1.0,obgnme,0,1.0
x12_05.100,15.809687084189253,1.0,obgnme,0,1.0
x12_05.200,15.615904676174571,1.0,obgnme,0,1.0
x12_05.300,15.433371033840938,1.0,obgnme,0,1.0
x12_05.400,15.283227861363404,1.0,obgnme,0,1.0
x12_05.500,15.180713018791241,1.0,obgnme,0,1.0
x12_05.600,15.132909883053422,1.0,obgnme,0,1.0
x12_05.700,15.137569835519868,1.0,obgnme,0,1.0
x12_05.800,15.183290559196454,1.0,obgnme,0,1.0
x12_05.900,15.25095477047513,1.0,obgnme,0,1.0
x12_06.000,15.315983135752234,1.0,obgnme,0,1.0
x12_06.100,15.350810181595065,1.0,obgnme,0,1.0
x12_06.200,15.327109403145466,1.0,obgnme,0,1.0
x12_06.300,15.21757649528628,1.0,obgnme,0,1.0
x12_06.400,14.997351769303975,1.0,obgnme,0,1.0
x12_06.500,14.645284381415868,1.0,obgnme,0,1.0
x12_06.600,14.14518060042851,1.0,obgnme,0,1.0
x12_06.700,13.487008761348559,1.0,obgnme,0,1.0
x12_06.800,12.667872317632149,1.0,obgnme,0,1.0
x12_06.900,11.692503021299007,1.0,obgnme,0,1.0
x12_07.000,10.57309581957633,1.0,obgnme,0,1.0
x12_07.100,9.328464082608852,1.0,obgnme,0,1.0
x12_07.200,7.982659867891851,1.0,obgnme,0,1.0
x12_07.300,6.563308251960387,1.0,obgnme,0,1.0
x12_07.400,5.099916519233581,1.0,obgnme,0,1.0
x12_07.500,3.6223530908973887,1.0,obgnme,0,1.0
x12_07.600,2.1595901309646273,1.0,obgnme,0,1.0
x12_07.700,0.7387122430477173,1.0,obgnme,0,1.0
x12_07.800,-0.6158606595586298,1.0,obgnme,0,1.0
x12_07.900,-1.8829994562242283,1.0,obgnme,0,1.0
x12_08.000,-3.045382922053288,1.0,obgnme,0,1.0
x12_08.100,-4.0899125932530875,1.0,obgnme,0,1.0
x12_08.200,-5.008000073854788,1.0,obgnme,0,1.0
x12_08.300,-5.795683906217657,1.0,obgnme,0,1.0
x12_08.400,-6.453533826512711,1.0,obgnme,0,1.0
x12_08.500,-6.9863165562582825,1.0,obgnme,0,1.0
x12_08.600,-7.402423191937408,1.0,obgnme,0,1.0
x12_08.700,-7.713087303858445,1.0,obgnme,0,1.0
x12_08.800,-7.9314499795560645,1.0,obgnme,0,1.0
x12_08.900,-8.07154963797301,1.0,obgnme,0,1.0
x12_09.000,-8.14732747439013,1.0,obgnme,0,1.0
x12_09.100,-8.171740954145077,1.0,obgnme,0,1.0
x12_09.200,-8.156065786339848,1.0,obgnme,0,1.0
x12_09.300,-8.10944164044407,1.0,obgnme,0,1.0
x12_09.400,-8.038682442034368,1.0,obgnme,0,1.0
x12_09.500,-7.948335401105803,1.0,obgnme,0,1.0
x12_09.600,-7.840941911713136,1.0,obgnme,0,1.0
x12_09.700,-7.717434205111307,1.0,obgnme,0,1.0
x12_09.800,-7.577596478375951,1.0,obgnme,0,1.0
x12_09.900,-7.420526511287175,1.0,obgnme,0,1.0
x12_10.000,-7.245049188487334,0.0,obgnme,0,
x12_10.100,-7.050051771319529,0.0,obgnme,0,
x12_10.200,-6.834728010270169,0.0,obgnme,0,
x12_10.300,-6.598731749317188,0.0,obgnme,0,
x12_10.400,-6.342249730891021,0.0,obgnme,0,
x12_10.500,-6.066008234044712,0.0,obgnme,0,
x12_10.600,-5.771229910730487,0.0,obgnme,0,
x12_10.700,-5.459556763716349,0.0,obgnme,0,
x12_10.800,-5.13295350949459,0.0,obgnme,0,
x12_10.900,-4.793603224792345,0.0,obgnme,0,
x12_11.000,-4.443804605647433,0.0,obgnme,0,
x12_11.100,-4.08587763904011,0.0,obgnme,0,
x12_11.200,-3.7220821651248928,0.0,obgnme,0,
x12_11.300,-3.3545517957878213,0.0,obgnme,0,
x12_11.400,-2.985244009593193,0.0,obgnme,0,
x12_11.500,-2.6159059840962047,0.0,obgnme,0,
x12_11.600,-2.248054842331393,0.0,obgnme,0,
x12_11.700,-1.8829704441731356,0.0,obgnme,0,
x12_11.800,-1.5216985910969,0.0,obgnme,0,
x12_11.900,-1.1650624720012477,0.0,obgnme,0,
x12_12.000,-0.8136802950038475,0.0,obgnme,0,
x12_12.100,-0.4679872679970302,0.0,obgnme,0,
x12_12.200,-0.12826036129815677,0.0,obgnme,0,
x12_12.300,0.20535542777703303,0.0,obgnme,0,
x12_12.400,0.532820311812598,0.0,obgnme,0,
x12_12.500,0.8541732038659324,0.0,obgnme,0,
x12_12.600,1.1695059962507417,0.0,obgnme,0,
x12_12.700,1.478938979871721,0.0,obgnme,0,
x12_12.800,1.7825976075152277,0.0,obgnme,0,
x12_12.900,2.0805906839442225,0.0,obgnme,0,
x12_13.000,2.3729899672555987,0.0,obgnme,0,
x12_13.100,2.6598110833591027,0.0,obgnme,0,
x12_13.200,2.9409955832969947,0.0,obgnme,0,
x12_13.300,3.2163939084685094,0.0,obgnme,0,
x12_13.400,3.4857489724902444,0.0,obgnme,0,
x12_13.500,3.7486800265544575,0.0,obgnme,0,
x12_13.600,4.004666460487672,0.0,obgnme,0,
x12_13.700,4.253031224343753,0.0,obgnme,0,
x12_13.800,4.492923662382599,0.0,obgnme,0,
x12_13.900,4.72330176487352,0.0,obgnme,0,
x12_14.000,4.942914196583379,0.0,obgnme,0,
x12_14.100,5.15028298195609,0.0,obgnme,0,
x12_14.200,5.343688429474572,0.0,obgnme,0,
x12_14.300,5.52115874988349,0.0,obgnme,0,
x12_14.400,5.680467815925741,0.0,obgnme,0,
x12_14.500,5.819145527438361,0.0,obgnme,0,
x12_14.600,5.9345061307434435,0.0,obgnme,0,
x12_14.700,6.023700382991087,0.0,obgnme,0,
x12_14.800,6.083797390540817,0.0,obgnme,0,
x12_14.900,6.111901004772769,0.0,obgnme,0,
x12_15.000,6.105303574377324,0.0,obgnme,0,
x12_15.100,6.061676470210126,0.0,obgnme,0,
x12_15.200,5.979292134809952,0.0,obgnme,0,
x12_15.300,5.857266740438543,0.0,obgnme,0,
x12_15.400,5.695806456467772,0.0,obgnme,0,
x12_15.500,5.496434723648773,0.0,obgnme,0,
x12_15.600,5.262173912152738,0.0,obgnme,0,
x12_15.700,4.997653420601541,0.0,obgnme,0,
x12_15.800,4.709118527726069,0.0,obgnme,0,
x12_15.900,4.404320503750119,0.0,obgnme,0,
x12_16.000,4.092278314284754,0.0,obgnme,0,
x12_16.100,3.7829147108428187,0.0,obgnme,0,
x12_16.200,3.4865831016421653,0.0,obgnme,0,
x12_16.300,3.21351464479098,0.0,obgnme,0,
x12_16.400,2.9732259412675903,0.0,obgnme,0,
x12_16.500,2.7739352897423313,0.0,obgnme,0,
x12_16.600,2.6220387943336863,0.0,obgnme,0,
x12_16.700,2.5216959896129056,0.0,obgnme,0,
x12_16.800,2.4745674710508143,0.0,obgnme,0,
x12_16.900,2.4797339357249193,0.0,obgnme,0,
x12_17.000,2.5338073674717565,0.0,obgnme,0,
x12_17.100,2.6312224461091547,0.0,obgnme,0,
x12_17.200,2.7646728824313005,0.0,obgnme,0,
x12_17.300,2.925637885087852,0.0,obgnme,0,
x12_17.400,3.1049331160046596,0.0,obgnme,0,
x12_17.500,3.293221482418323,0.0,obgnme,0,
x12_17.600,3.481432104423918,0.0,obgnme,0,
x12_17.700,3.6610575347102072,0.0,obgnme,0,
x12_17.800,3.824324160564461,0.0,obgnme,0,
x12_17.900,3.9642526648579777,0.0,obgnme,0,
x12_18.000,4.074640040430359,0.0,obgnme,0,
x12_18.100,4.150000244247901,0.0,obgnme,0,
x12_18.200,4.185498110355239,0.0,obgnme,0,
x12_18.300,4.176903282811243,0.0,obgnme,0,
x12_18.400,4.120580795773629,0.0,obgnme,0,
x12_18.500,4.013525067028703,0.0,obgnme,0,
x12_18.600,3.85343597006222,0.0,obgnme,0,
x12_18.700,3.6388297307717106,0.0,obgnme,0,
x12_18.800,3.369173336057187,0.0,obgnme,0,
x12_18.900,3.0450283105191076,0.0,obgnme,0,
x12_19.000,2.668187565164319,0.0,obgnme,0,
x12_19.100,2.2417873470288034,0.0,obgnme,0,
x12_19.200,1.7703753696974367,0.0,obgnme,0,
x12_19.300,1.259916617883702,0.0,obgnme,0,
x12_19.400,0.717720907169017,0.0,obgnme,0,
x12_19.500,0.15228171236587051,0.0,obgnme,0,
x12_19.600,-0.4269757753993314,0.0,obgnme,0,
x12_19.700,-1.0100285587146964,0.0,obgnme,0,
x12_19.800,-1.586651161067541,0.0,obgnme,0,
x12_19.900,-2.146841350126487,0.0,obgnme,0,
x13_00.000,8.741944422304622,0.0,obgnme,0,
x13_00.100,8.71934880332669,0.0,obgnme,0,
x13_00.200,8.705598661833504,0.0,obgnme,0,
x13_00.300,8.700473129782003,0.0,obgnme,0,
x13_00.400,8.703848033318573,0.0,obgnme,0,
x13_00.500,8.715695789563263,0.0,obgnme,0,
x13_00.600,8.736085175620635,0.0,obgnme,0,
x13_00.700,8.765180848913033,0.0,obgnme,0,
x13_00.800,8.803242430956486,0.0,obgnme,0,
x13_00.900,8.850622898620605,0.0,obgnme,0,
x13_01.000,8.907765953964775,0.0,obgnme,0,
x13_01.100,8.9752019606649,0.0,obgnme,0,
x13_01.200,9.053541934337627,0.0,obgnme,0,
x13_01.300,9.14346894534965,0.0,obgnme,0,
x13_01.400,9.24572612245428,0.0,obgnme,0,
x13_01.500,9.361100217801056,0.0,obgnme,0,
x13_01.600,9.490399392171295,0.0,obgnme,0,
x13_01.700,9.634423491679708,0.0,obgnme,0,
x13_01.800,9.793924613934182,0.0,obgnme,0,
x13_01.900,9.969555227196212,0.0,obgnme,0,
x13_02.000,10.161800574190147,0.0,obgnme,0,
x13_02.100,10.370891682020746,0.0,obgnme,0,
x13_02.200,10.596695197432933,0.0,obgnme,0,
x13_02.300,10.838576724683108,0.0,obgnme,0,
x13_02.400,11.095235655580469,0.0,obgnme,0,
x13_02.500,11.364511926831801,0.0,obgnme,0,
x13_02.600,11.643168892588042,0.0,obgnme,0,
x13_02.700,11.926661519516944,0.0,obgnme,0,
x13_02.800,12.208905049757837,0.0,obgnme,0,
x13_02.900,12.482065455484738,0.0,obgnme,0,
x13_03.000,12.736398525895822,0.0,obgnme,0,
x13_03.100,12.960168430488372,0.0,obgnme,0,
x13_03.200,13.139678691785235,0.0,obgnme,0,
x13_03.300,13.259449100319648,0.0,obgnme,0,
x13_03.400,13.302572451880772,0.0,obgnme,0,
x13_03.500,13.251286283323076,0.0,obgnme,0,
x13_03.600,13.087796299409488,0.0,obgnme,0,
x13_03.700,12.795384990791,0.0,obgnme,0,
x13_03.800,12.359821204546918,0.0,obgnme,0,
x13_03.900,11.771042613261443,0.0,obgnme,0,
x13_04.000,11.025007568962488,0.0,obgnme,0,
x13_04.100,10.125514754290698,0.0,obgnme,0,
x13_04.200,9.085695079865138,0.0,obgnme,0,
x13_04.300,7.928827615004071,0.0,obgnme,0,
x13_04.400,6.6881521386866805,0.0,obgnme,0,
x13_04.500,5.405457460679435,0.0,obgnme,0,
x13_04.600,4.128404453262835,0.0,obgnme,0,
x13_04.700,2.9067646167335024,0.0,obgnme,0,
x13_04.800,1.7879789691650405,0.0,obgnme,0,
x13_04.900,0.8126237063915024,0.0,obgnme,0,
x13_05.000,0.010459352898619878,0.0,obgnme,0,
x13_05.100,-0.602308871940317,0.0,obgnme,0,
x13_05.200,-1.0241446290645686,0.0,obgnme,0,
x13_05.300,-1.2675985644344612,0.0,obgnme,0,
x13_05.400,-1.3573349963648123,0.0,obgnme,0,
x13_05.500,-1.3273239215045616,0.0,obgnme,0,
x13_05.600,-1.2177724590476124,0.0,obgnme,0,
x13_05.700,-1.072155057434492,0.0,obgnme,0,
x13_05.800,-0.9343932521174034,0.0,obgnme,0,
x13_05.900,-0.8460277262886035,0.0,obgnme,0,
x13_06.000,-0.8432416400554461,0.0,obgnme,0,
x13_06.100,-0.9538115460474053,0.0,obgnme,0,
x13_06.200,-1.1943398768500173,0.0,obgnme,0,
x13_06.300,-1.5683028750018442,0.0,obgnme,0,
x13_06.400,-2.0654414692300964,0.0,obgnme,0,
x13_06.500,-2.662830655527957,0.0,obgnme,0,
x13_06.600,-3.3276430428580825,0.0,obgnme,0,
x13_06.700,-4.021254950386731,0.0,obgnme,0,
x13_06.800,-4.704021318958748,0.0,obgnme,0,
x13_06.900,-5.339866931349174,0.0,obgnme,0,
x13_07.000,-5.899881439204994,0.0,obgnme,0,
x13_07.100,-6.364371806910021,0.0,obgnme,0,
x13_07.200,-6.723233866813726,0.0,obgnme,0,
x13_07.300,-6.974909249160821,0.0,obgnme,0,
x13_07.400,-7.1244593183891265,0.0,obgnme,0,
x13_07.500,-7.181351570481843,0.0,obgnme,0,
x13_07.600,-7.1574425388966985,0.0,obgnme,0,
x13_07.700,-7.065436597492289,0.0,obgnme,0,
x13_07.800,-6.91789025114033,0.0,obgnme,0,
x13_07.900,-6.726676368290303,0.0,obgnme,0,
x13_08.000,-6.502744944191701,0.0,obgnme,0,
x13_08.100,-6.256010429419548,0.0,obgnme,0,
x13_08.200,-5.995239213274391,0.0,obgnme,0,
x13_08.300,-5.727878476866143,0.0,obgnme,0,
x13_08.400,-5.4598347918257515,0.0,obgnme,0,
x13_08.500,-5.1952585643619535,0.0,obgnme,0,
x13_08.600,-4.9364083108859145,0.0,obgnme,0,
x13_08.700,-4.68365653561718,0.0,obgnme,0,
x13_08.800,-4.4356655478526665,0.0,obgnme,0,
x13_08.900,-4.189721120122847,0.0,obgnme,0,
x13_09.000,-3.942178533310564,0.0,obgnme,0,
x13_09.100,-3.6889583481877164,0.0,obgnme,0,
x13_09.200,-3.4260299002874683,0.0,obgnme,0,
x13_09.300,-3.149834332506846,0.0,obgnme,0,
x13_09.400,-2.8576181548951443,0.0,obgnme,0,
x13_09.500,-2.5476657798325135,0.0,obgnme,0,
x13_09.600,-2.2194313997994377,0.0,obgnme,0,
x13_09.700,-1.873576777804753,0.0,obgnme,0,
x13_09.800,-1.5119241524888813,0.0,obgnme,0,
x13_09.900,-1.1373350772224178,0.0,obgnme,0,
x13_10.000,-0.7535281736965768,0.0,obgnme,0,
x13_10.100,-0.36485162991998227,0.0,obgnme,0,
x13_10.200,0.02397104376860626,0.0,obgnme,0,
x13_10.300,0.4081020724680268,0.0,obgnme,0,
x13_10.400,0.782837949224651,0.0,obgnme,0,
x13_10.500,1.1438287959794782,0.0,obgnme,0,
x13_10.600,1.487256232516839,0.0,obgnme,0,
x13_10.700,1.8099625985613979,0.0,obgnme,0,
x13_10.800,2.109529537642063,0.0,obgnme,0,
x13_10.900,2.3843084265966383,0.0,obgnme,0,
x13_11.000,2.633408492956089,0.0,obgnme,0,
x13_11.100,2.856650544515828,0.0,obgnme,0,
x13_11.200,3.0544951040079407,0.0,obgnme,0,
x13_11.300,3.227953607870084,0.0,obgnme,0,
x13_11.400,3.3784904738670516,0.0,obgnme,0,
x13_11.500,3.5079225570460992,0.0,obgnme,0,
x13_11.600,3.618321049373066,0.0,obgnme,0,
x13_11.700,3.7119194273805105,0.0,obgnme,0,
x13_11.800,3.791029740886952,0.0,obgnme,0,
x13_11.900,3.8579684328650248,0.0,obgnme,0,
x13_12.000,3.914992010011988,0.0,obgnme,0,
x13_12.100,3.964242240352027,0.0,obgnme,0,
x13_12.200,4.007700116877688,0.0,obgnme,0,
x13_12.300,4.0471475667535834,0.0,obgnme,0,
x13_12.400,4.084135775171973,0.0,obgnme,0,
x13_12.500,4.1199590050287265,0.0,obgnme,0,
x13_12.600,4.155632904814007,0.0,obgnme,0,
x13_12.700,4.191876487009083,0.0,obgnme,0,
x13_12.800,4.229097209410022,0.0,obgnme,0,
x13_12.900,4.267378884757625,0.0,obgnme,0,
x13_13.000,4.3064724625965525,0.0,obgnme,0,
x13_13.100,4.345790053736101,0.0,obgnme,0,
x13_13.200,4.384402883706844,0.0,obgnme,0,
x13_13.300,4.4210441483865015,0.0,obgnme,0,
x13_13.400,4.454117983736821,0.0,obgnme,0,
x13_13.500,4.481715934398846,0.0,obgnme,0,
x13_13.600,4.501642396423758,0.0,obgnme,0,
x13_13.700,4.511450503602922,0.0,obgnme,0,
x13_13.800,4.508489812943746,0.0,obgnme,0,
x13_13.900,4.489966912581148,0.0,obgnme,0,
x13_14.000,4.453019714351589,0.0,obgnme,0,
x13_14.100,4.394805690233922,0.0,obgnme,0,
x13_14.200,4.312603648731097,0.0,obgnme,0,
x13_14.300,4.203927800269264,0.0,obgnme,0,
x13_14.400,4.066651803604783,0.0,obgnme,0,
x13_14.500,3.899139198464315,0.0,obgnme,0,
x13_14.600,3.7003751167377827,0.0,obgnme,0,
x13_14.700,3.4700924757264047,0.0,obgnme,0,
x13_14.800,3.2088841163891546,0.0,obgnme,0,
x13_14.900,2.918290778950439,0.0,obgnme,0,
x13_15.000,2.6008537354771364,0.0,obgnme,0,
x13_15.100,2.260120737877655,0.0,obgnme,0,
x13_15.200,1.9005951289925145,0.0,obgnme,0,
x13_15.300,1.5276208627934755,0.0,obgnme,0,
x13_15.400,1.147200929802283,0.0,obgnme,0,
x13_15.500,0.7657530791030241,0.0,obgnme,0,
x13_15.600,0.3898141349264337,0.0,obgnme,0,
x13_15.700,0.02571159326314537,0.0,obgnme,0,
x13_15.800,-0.3207727067290665,0.0,obgnme,0,
x13_15.900,-0.6447184151517898,0.0,obgnme,0,
x13_16.000,-0.9423332761874053,0.0,obgnme,0,
x13_16.100,-1.211145011978458,0.0,obgnme,0,
x13_16.200,-1.4500993614717612,0.0,obgnme,0,
x13_16.300,-1.6595537489728271,0.0,obgnme,0,
x13_16.400,-1.8411657985573964,0.0,obgnme,0,
x13_16.500,-1.9976858077002542,0.0,obgnme,0,
x13_16.600,-2.1326715875450177,0.0,obgnme,0,
x13_16.700,-2.250152148870268,0.0,obgnme,0,
x13_16.800,-2.354272855060088,0.0,obgnme,0,
x13_16.900,-2.4489579019010614,0.0,obgnme,0,
x13_17.000,-2.5376251493053124,0.0,obgnme,0,
x13_17.100,-2.622982474619358,0.0,obgnme,0,
x13_17.200,-2.7069238570066765,0.0,obgnme,0,
x13_17.300,-2.7905286510372425,0.0,obgnme,0,
x13_17.400,-2.874151711781285,0.0,obgnme,0,
x13_17.500,-2.9575787111425194,0.0,obgnme,0,
x13_17.600,-3.0402132509388284,0.0,obgnme,0,
x13_17.700,-3.1212617923888453,0.0,obgnme,0,
x13_17.800,-3.1998884418701397,0.0,obgnme,0,
x13_17.900,-3.2753219405972493,0.0,obgnme,0,
x13_18.000,-3.3469086979487614,0.0,obgnme,0,
x13_18.100,-3.414115626799173,0.0,obgnme,0,
x13_18.200,-3.4764932379326856,0.0,obgnme,0,
x13_18.300,-3.533612577523458,0.0,obgnme,0,
x13_18.400,-3.58498979034864,0.0,obgnme,0,
x13_18.500,-3.6300104867777603,0.0,obgnme,0,
x13_18.600,-3.667863811289475,0.0,obgnme,0,
x13_18.700,-3.6974939755479705,0.0,obgnme,0,
x13_18.800,-3.717575422564025,0.0,obgnme,0,
x13_18.900,-3.7265167122592997,0.0,obgnme,0,
x13_19.000,-3.722497334696154,0.0,obgnme,0,
x13_19.100,-3.703540467720674,0.0,obgnme,0,
x13_19.200,-3.6676226928129827,0.0,obgnme,0,
x13_19.300,-3.6128185129633,0.0,obgnme,0,
x13_19.400,-3.5374731343517185,0.0,obgnme,0,
x13_19.500,-3.4403917570083755,0.0,obgnme,0,
x13_19.600,-3.3210283991040335,0.0,obgnme,0,
x13_19.700,-3.179653241060964,0.0,obgnme,0,
x13_19.800,-3.0174759124958026,0.0,obgnme,0,
x13_19.900,-2.8367040886349204,0.0,obgnme,0,
x14_00.000,7.096881967342026,1.0,obgnme,0,1.0
x14_00.100,7.214972550155904,1.0,obgnme,0,1.0
x14_00.200,7.327591154827565,1.0,obgnme,0,1.0
x14_00.300,7.43590608175054,1.0,obgnme,0,1.0
x14_00.400,7.540974886744334,1.0,obgnme,0,1.0
x14_00.500,7.643748107744566,1.0,obgnme,0,1.0
x14_00.600,7.745068776882764,1.0,obgnme,0,1.0
x14_00.700,7.845667394897979,1.0,obgnme,0,1.0
x14_00.800,7.9461519660619615,1.0,obgnme,0,1.0
x14_00.900,8.046992615704234,1.0,obgnme,0,1.0
x14_01.000,8.148500248714573,1.0,obgnme,0,1.0
x14_01.100,8.250798668889905,1.0,obgnme,0,1.0
x14_01.200,8.353789582928949,1.0,obgnme,0,1.0
x14_01.300,8.457109982287582,1.0,obgnme,0,1.0
x14_01.400,8.560081560993876,1.0,obgnme,0,1.0
x14_01.500,8.661652125673507,1.0,obgnme,0,1.0
x14_01.600,8.760329431052414,1.0,obgnme,0,1.0
x14_01.700,8.85410858213471,1.0,obgnme,0,1.0
x14_01.800,8.940395138027919,1.0,obgnme,0,1.0
x14_01.900,9.015927382859477,1.0,obgnme,0,1.0
x14_02.000,9.076702931343098,1.0,obgnme,0,1.0
x14_02.100,9.117916910784075,1.0,obgnme,0,1.0
x14_02.200,9.133921346534798,1.0,obgnme,0,1.0
x14_02.300,9.118217914769957,1.0,obgnme,0,1.0
x14_02.400,9.063498613152548,1.0,obgnme,0,1.0
x14_02.500,8.961750648754771,1.0,obgnme,0,1.0
x14_02.600,8.804442256040485,1.0,obgnme,0,1.0
x14_02.700,8.582804358053851,1.0,obgnme,0,1.0
x14_02.800,8.288218039976352,1.0,obgnme,0,1.0
x14_02.900,7.912708993458269,1.0,obgnme,0,1.0
x14_03.000,7.449537290476573,1.0,obgnme,0,1.0
x14_03.100,6.893854956226791,1.0,obgnme,0,1.0
x14_03.200,6.243386981579262,1.0,obgnme,0,1.0
x14_03.300,5.49907679789682,1.0,obgnme,0,1.0
x14_03.400,4.665628098834455,1.0,obgnme,0,1.0
x14_03.500,3.7518733658796743,1.0,obgnme,0,1.0
x14_03.600,2.7709057196692553,1.0,obgnme,0,1.0
x14_03.700,1.7399236097749575,1.0,obgnme,0,1.0
x14_03.800,0.6797569241965018,1.0,obgnme,0,1.0
x14_03.900,-0.3859296003155659,1.0,obgnme,0,1.0
x14_04.000,-1.4317211350189345,1.0,obgnme,0,1.0
x14_04.100,-2.431742768060099,1.0,obgnme,0,1.0
x14_04.200,-3.3610265378348294,1.0,obgnme,0,1.0
x14_04.300,-4.1968083323286205,1.0,obgnme,0,1.0
x14_04.400,-4.919635856745093,1.0,obgnme,0,1.0
x14_04.500,-5.5142431452382645,1.0,obgnme,0,1.0
x14_04.600,-5.970232446377857,1.0,obgnme,0,1.0
x14_04.700,-6.282644900247821,1.0,obgnme,0,1.0
x14_04.800,-6.4524557925218,1.0,obgnme,0,1.0
x14_04.900,-6.486908652192421,1.0,obgnme,0,1.0
x14_05.000,-6.399476558881474,1.0,obgnme,0,1.0
x14_05.100,-6.209205373427233,1.0,obgnme,0,1.0
x14_05.200,-5.939306902288417,1.0,obgnme,0,1.0
x14_05.300,-5.615091707532713,1.0,obgnme,0,1.0
x14_05.400,-5.261542768680002,1.0,obgnme,0,1.0
x14_05.500,-4.900914492759222,1.0,obgnme,0,1.0
x14_05.600,-4.550667222343998,1.0,obgnme,0,1.0
x14_05.700,-4.221893874582879,1.0,obgnme,0,1.0
x14_05.800,-3.9182822971578086,1.0,obgnme,0,1.0
x14_05.900,-3.6356516332823428,1.0,obgnme,0,1.0
x14_06.000,-3.362174749313934,1.0,obgnme,0,1.0
x14_06.100,-3.0794587891637457,1.0,obgnme,0,1.0
x14_06.200,-2.7646164336609256,1.0,obgnme,0,1.0
x14_06.300,-2.393296982153683,1.0,obgnme,0,1.0
x14_06.400,-1.9434025236390713,1.0,obgnme,0,1.0
x14_06.500,-1.3989715660118804,1.0,obgnme,0,1.0
x14_06.600,-0.7535536048089786,1.0,obgnme,0,1.0
x14_06.700,-0.012386578213460786,1.0,obgnme,0,1.0
x14_06.800,0.8071428970721292,1.0,obgnme,0,1.0
x14_06.900,1.6769434413611124,1.0,obgnme,0,1.0
x14_07.000,2.561331618594007,1.0,obgnme,0,1.0
x14_07.100,3.4211961808020517,1.0,obgnme,0,1.0
x14_07.200,4.218388926409112,1.0,obgnme,0,1.0
x14_07.300,4.919552954341843,1.0,obgnme,0,1.0
x14_07.400,5.498843469938624,1.0,obgnme,0,1.0
x14_07.500,5.939333706746598,1.0,obgnme,0,1.0
x14_07.600,6.233199838891836,1.0,obgnme,0,1.0
x14_07.700,6.380963546358896,1.0,obgnme,0,1.0
x14_07.800,6.3901280718370055,1.0,obgnme,0,1.0
x14_07.900,6.2735113431782015,1.0,obgnme,0,1.0
x14_08.000,6.047509906822607,1.0,obgnme,0,1.0
x14_08.100,5.730458546470811,1.0,obgnme,0,1.0
x14_08.200,5.341198340820257,1.0,obgnme,0,1.0
x14_08.300,4.897928427362808,1.0,obgnme,0,1.0
x14_08.400,4.417384593424657,1.0,obgnme,0,1.0
x14_08.500,3.9143540190339463,1.0,obgnme,0,1.0
x14_08.600,3.401499792239837,1.0,obgnme,0,1.0
x14_08.700,2.8894367514456327,1.0,obgnme,0,1.0
x14_08.800,2.3869789695314525,1.0,obgnme,0,1.0
x14_08.900,1.9014732767041649,1.0,obgnme,0,1.0
x14_09.000,1.439142251597087,1.0,obgnme,0,1.0
x14_09.100,1.00537949103124,1.0,obgnme,0,1.0
x14_09.200,0.6049633421438129,1.0,obgnme,0,1.0
x14_09.300,0.24217716699443764,1.0,obgnme,0,1.0
x14_09.400,-0.07915852859841993,1.0,obgnme,0,1.0
x14_09.500,-0.3557249642406939,1.0,obgnme,0,1.0
x14_09.600,-0.5847909624526952,1.0,obgnme,0,1.0
x14_09.700,-0.7643191525837847,1.0,obgnme,0,1.0
x14_09.800,-0.893066710753319,1.0,obgnme,0,1.0
x14_09.900,-0.9706588828554075,1.0,obgnme,0,1.0
x14_10.000,-0.9976200811405865,0.0,obgnme,0,
x14_10.100,-0.9753553389864031,0.0,obgnme,0,
x14_10.200,-0.906082982092086,0.0,obgnme,0,
x14_10.300,-0.7927261808176339,0.0,obgnme,0,
x14_10.400,-0.6387756323136083,0.0,obgnme,0,
x14_10.500,-0.4481376228905166,0.0,obgnme,0,
x14_10.600,-0.22498135539870104,0.0,obgnme,0,
x14_10.700,0.02640270683017068,0.0,obgnme,0,
x14_10.800,0.30172488498629213,0.0,obgnme,0,
x14_10.900,0.5967936140307286,0.0,obgnme,0,
x14_11.000,0.9075862430872015,0.0,obgnme,0,
x14_11.100,1.2302942427097976,0.0,obgnme,0,
x14_11.200,1.5613457808753735,0.0,obgnme,0,
x14_11.300,1.8974098810864946,0.0,obgnme,0,
x14_11.400,2.2353868968258634,0.0,obgnme,0,
x14_11.500,2.572389941627244,0.0,obgnme,0,
x14_11.600,2.905721366738371,0.0,obgnme,0,
x14_11.700,3.2328475660577567,0.0,obgnme,0,
x14_11.800,3.551374494082801,0.0,obgnme,0,
x14_11.900,3.859025460292513,0.0,obgnme,0,
x14_12.000,4.153622117439951,0.0,obgnme,0,
x14_12.100,4.43306914085781,0.0,obgnme,0,
x14_12.200,4.695342899202537,0.0,obgnme,0,
x14_12.300,4.938484403511214,0.0,obgnme,0,
x14_12.400,5.1605969273938515,0.0,obgnme,0,
x14_12.500,5.3598488446974,0.0,obgnme,0,
x14_12.600,5.534482363391466,0.0,obgnme,0,
x14_12.700,5.682828888198933,0.0,obgnme,0,
x14_12.800,5.803331677895528,0.0,obgnme,0,
x14_12.900,5.894576252658934,0.0,obgnme,0,
x14_13.000,5.955328647595578,0.0,obgnme,0,
x14_13.100,5.984581113904917,0.0,obgnme,0,
x14_13.200,5.981604268425316,0.0,obgnme,0,
x14_13.300,5.9460040279899244,0.0,obgnme,0,
x14_13.400,5.877780988949747,0.0,obgnme,0,
x14_13.500,5.777389281573836,0.0,obgnme,0,
x14_13.600,5.645791401991634,0.0,obgnme,0,
x14_13.700,5.484505155369532,0.0,obgnme,0,
x14_13.800,5.295638678730769,0.0,obgnme,0,
x14_13.900,5.081909581770752,0.0,obgnme,0,
x14_14.000,4.846644562309661,0.0,obgnme,0,
x14_14.100,4.5937564124179415,0.0,obgnme,0,
x14_14.200,4.327696106008224,0.0,obgnme,0,
x14_14.300,4.053378610914678,0.0,obgnme,0,
x14_14.400,3.7760821582551305,0.0,obgnme,0,
x14_14.500,3.50132189894597,0.0,obgnme,0,
x14_14.600,3.2347001708684457,0.0,obgnme,0,
x14_14.700,2.9817370028942976,0.0,obgnme,0,
x14_14.800,2.747686023082736,0.0,obgnme,0,
x14_14.900,2.537342643815157,0.0,obgnme,0,
x14_15.000,2.354853254009418,0.0,obgnme,0,
x14_15.100,2.203536060323023,0.0,obgnme,0,
x14_15.200,2.085725954861409,0.0,obgnme,0,
x14_15.300,2.002656953450374,0.0,obgnme,0,
x14_15.400,1.9543958074873375,0.0,obgnme,0,
x14_15.500,1.9398387490082334,0.0,obgnme,0,
x14_15.600,1.956779503755375,0.0,obgnme,0,
x14_15.700,2.0020505658821963,0.0,obgnme,0,
x14_15.800,2.071731695219239,0.0,obgnme,0,
x14_15.900,2.1614107575481,0.0,obgnme,0,
x14_16.000,2.2664740127605056,0.0,obgnme,0,
x14_16.100,2.3823975961382398,0.0,obgnme,0,
x14_16.200,2.50501074499012,0.0,obgnme,0,
x14_16.300,2.63070496862916,0.0,obgnme,0,
x14_16.400,2.7565713628877346,0.0,obgnme,0,
x14_16.500,2.8804590325704216,0.0,obgnme,0,
x14_16.600,3.0009587975582317,0.0,obgnme,0,
x14_16.700,3.117325655409544,0.0,obgnme,0,
x14_16.800,3.229359114430383,0.0,obgnme,0,
x14_16.900,3.337261853029919,0.0,obgnme,0,
x14_17.000,3.4414947580801667,0.0,obgnme,0,
x14_17.100,3.5426416919910713,0.0,obgnme,0,
x14_17.200,3.64129207737858,0.0,obgnme,0,
x14_17.300,3.7379449712625803,0.0,obgnme,0,
x14_17.400,3.8329353772287917,0.0,obgnme,0,
x14_17.500,3.926381987721367,0.0,obgnme,0,
x14_17.600,4.018154782607106,0.0,obgnme,0,
x14_17.700,4.10786035865745,0.0,obgnme,0,
x14_17.800,4.194842270046816,0.0,obgnme,0,
x14_17.900,4.278193125581504,0.0,obgnme,0,
x14_18.000,4.356774996659641,0.0,obgnme,0,
x14_18.100,4.429245064442889,0.0,obgnme,0,
x14_18.200,4.49408439626923,0.0,obgnme,0,
x14_18.300,4.549629107617737,0.0,obgnme,0,
x14_18.400,4.594104645461571,0.0,obgnme,0,
x14_18.500,4.625665227708445,0.0,obgnme,0,
x14_18.600,4.64244135825171,0.0,obgnme,0,
x14_18.700,4.6425986436522315,0.0,obgnme,0,
x14_18.800,4.624410747394083,0.0,obgnme,0,
x14_18.900,4.586348137224431,0.0,obgnme,0,
x14_19.000,4.527182246933203,0.0,obgnme,0,
x14_19.100,4.446101797423845,0.0,obgnme,0,
x14_19.200,4.342834464849774,0.0,obgnme,0,
x14_19.300,4.217763239602764,0.0,obgnme,0,
x14_19.400,4.072023360052667,0.0,obgnme,0,
x14_19.500,3.9075635378637816,0.0,obgnme,0,
x14_19.600,3.7271553019354102,0.0,obgnme,0,
x14_19.700,3.5343374533964194,0.0,obgnme,0,
x14_19.800,3.3332890765043315,0.0,obgnme,0,
x14_19.900,3.128633703782926,0.0,obgnme,0,
x15_00.000,7.895209028767763,0.0,obgnme,0,
x15_00.100,7.890887083743071,0.0,obgnme,0,
x15_00.200,7.895490342283175,0.0,obgnme,0,
x15_00.300,7.908440634777464,0.0,obgnme,0,
x15_00.400,7.929119437175231,0.0,obgnme,0,
x15_00.500,7.9568440894355215,0.0,obgnme,0,
x15_00.600,7.990840348273072,0.0,obgnme,0,
x15_00.700,8.030211653503063,0.0,obgnme,0,
x15_00.800,8.073905608091584,0.0,obgnme,0,
x15_00.900,8.12067840169864,0.0,obgnme,0,
x15_01.000,8.169058257346927,0.0,obgnme,0,
x15_01.100,8.21730946127873,0.0,obgnme,0,
x15_01.200,8.263399152538854,0.0,obgnme,0,
x15_01.300,8.304969796291278,0.0,obgnme,0,
x15_01.400,8.339321120590316,0.0,obgnme,0,
x15_01.500,8.363406211200743,0.0,obgnme,0,
x15_01.600,8.37384734825642,0.0,obgnme,0,
x15_01.700,8.3669779026298,0.0,obgnme,0,
x15_01.800,8.33891700884411,0.0,obgnme,0,
x15_01.900,8.285683564723984,0.0,obgnme,0,
x15_02.000,8.203355105080263,0.0,obgnme,0,
x15_02.100,8.088274971463262,0.0,obgnme,0,
x15_02.200,7.937307693869967,0.0,obgnme,0,
x15_02.300,7.748137445255326,0.0,obgnme,0,
x15_02.400,7.519597829118626,0.0,obgnme,0,
x15_02.500,7.252013379499591,0.0,obgnme,0,
x15_02.600,6.947524601762484,0.0,obgnme,0,
x15_02.700,6.6103601650989985,0.0,obgnme,0,
x15_02.800,6.247013343856774,0.0,obgnme,0,
x15_02.900,5.866276586619677,0.0,obgnme,0,
x15_03.000,5.479089694978287,0.0,obgnme,0,
x15_03.100,5.09816457732674,0.0,obgnme,0,
x15_03.200,4.7373631236903035,0.0,obgnme,0,
x15_03.300,4.410823696209034,0.0,obgnme,0,
x15_03.400,4.131854807221269,0.0,obgnme,0,
x15_03.500,3.91164103781842,0.0,obgnme,0,
x15_03.600,3.7578370402528685,0.0,obgnme,0,
x15_03.700,3.673163139188897,0.0,obgnme,0,
x15_03.800,3.6541624024427044,0.0,obgnme,0,
x15_03.900,3.690329927794418,0.0,obgnme,0,
x15_04.000,3.763864743106448,0.0,obgnme,0,
x15_04.100,3.8502949126106967,0.0,obgnme,0,
x15_04.200,3.9201552408944798,0.0,obgnme,0,
x15_04.300,3.941736669677002,0.0,obgnme,0,
x15_04.400,3.8846918038577702,0.0,obgnme,0,
x15_04.500,3.724024630973418,0.0,obgnme,0,
x15_04.600,3.4437914718470495,0.0,obgnme,0,
x15_04.700,3.0397703112383816,0.0,obgnme,0,
x15_04.800,2.520466752066077,0.0,obgnme,0,
x15_04.900,1.9061233081471056,0.0,obgnme,0,
x15_05.000,1.2258345507520412,0.0,obgnme,0,
x15_05.100,0.513332070785955,0.0,obgnme,0,
x15_05.200,-0.19766211201177974,0.0,obgnme,0,
x15_05.300,-0.8775397996030897,0.0,obgnme,0,
x15_05.400,-1.5036152774917162,0.0,obgnme,0,
x15_05.500,-2.061308198176186,0.0,obgnme,0,
x15_05.600,-2.5438198179492413,0.0,obgnme,0,
x15_05.700,-2.950737495681127,0.0,obgnme,0,
x15_05.800,-3.2861162112335247,0.0,obgnme,0,
x15_05.900,-3.5565242810393123,0.0,obgnme,0,
x15_06.000,-3.7693767807399143,0.0,obgnme,0,
x15_06.100,-3.931688610519113,0.0,obgnme,0,
x15_06.200,-4.049218940046926,0.0,obgnme,0,
x15_06.300,-4.125894884243504,0.0,obgnme,0,
x15_06.400,-4.163416987332418,0.0,obgnme,0,
x15_06.500,-4.161043404062833,0.0,obgnme,0,
x15_06.600,-4.115657706893784,0.0,obgnme,0,
x15_06.700,-4.0222627164701,0.0,obgnme,0,
x15_06.800,-3.8749604761157896,0.0,obgnme,0,
x15_06.900,-3.6683035114201696,0.0,obgnme,0,
x15_07.000,-3.3987293033744836,0.0,obgnme,0,
x15_07.100,-3.065720321816179,0.0,obgnme,0,
x15_07.200,-2.6724071362309574,0.0,obgnme,0,
x15_07.300,-2.225509289615962,0.0,obgnme,0,
x15_07.400,-1.7346976436894521,0.0,obgnme,0,
x15_07.500,-1.2115860680319606,0.0,obgnme,0,
x15_07.600,-0.6685936728642072,0.0,obgnme,0,
x15_07.700,-0.1178818622914316,0.0,obgnme,0,
x15_07.800,0.4294978503795961,0.0,obgnme,0,
x15_07.900,0.9641776158723457,0.0,obgnme,0,
x15_08.000,1.4787547192881663,0.0,obgnme,0,
x15_08.100,1.967804793992035,0.0,obgnme,0,
x15_08.200,2.4276767401960018,0.0,obgnme,0,
x15_08.300,2.856136230235091,0.0,obgnme,0,
x15_08.400,3.2519331910086913,0.0,obgnme,0,
x15_08.500,3.6143680912849745,0.0,obgnme,0,
x15_08.600,3.9429222303269564,0.0,obgnme,0,
x15_08.700,4.23700020248231,0.0,obgnme,0,
x15_08.800,4.495811362790788,0.0,obgnme,0,
x15_08.900,4.71839483610751,0.0,obgnme,0,
x15_09.000,4.903772158243019,0.0,obgnme,0,
x15_09.100,5.051194803808169,0.0,obgnme,0,
x15_09.200,5.160441744185924,0.0,obgnme,0,
x15_09.300,5.2321156934044755,0.0,obgnme,0,
x15_09.400,5.26788677098166,0.0,obgnme,0,
x15_09.500,5.270639617551011,0.0,obgnme,0,
x15_09.600,5.244494298062304,0.0,obgnme,0,
x15_09.700,5.19469083386202,0.0,obgnme,0,
x15_09.800,5.127348526230474,0.0,obgnme,0,
x15_09.900,5.049130090918773,0.0,obgnme,0,
x15_10.000,4.966853130033015,0.0,obgnme,0,
x15_10.100,4.887095385333845,0.0,obgnme,0,
x15_10.200,4.815835599394398,0.0,obgnme,0,
x15_10.300,4.758160795714423,0.0,obgnme,0,
x15_10.400,4.718056714497874,0.0,obgnme,0,
x15_10.500,4.698284431125442,0.0,obgnme,0,
x15_10.600,4.70033543647369,0.0,obgnme,0,
x15_10.700,4.724450981492306,0.0,obgnme,0,
x15_10.800,4.769689311279294,0.0,obgnme,0,
x15_10.900,4.8340256200731115,0.0,obgnme,0,
x15_11.000,4.9144727647788935,0.0,obgnme,0,
x15_11.100,5.0072145883073444,0.0,obgnme,0,
x15_11.200,5.107747058505003,0.0,obgnme,0,
x15_11.300,5.2110247489656665,0.0,obgnme,0,
x15_11.400,5.311611387510781,0.0,obgnme,0,
x15_11.500,5.403833540472289,0.0,obgnme,0,
x15_11.600,5.4819363960997505,0.0,obgnme,0,
x15_11.700,5.540240417952195,0.0,obgnme,0,
x15_11.800,5.5732975419268085,0.0,obgnme,0,
x15_11.900,5.576045567313747,0.0,obgnme,0,
x15_12.000,5.543959276587841,0.0,obgnme,0,
x15_12.100,5.473196405799023,0.0,obgnme,0,
x15_12.200,5.36073574274798,0.0,obgnme,0,
x15_12.300,5.204503364918314,0.0,obgnme,0,
x15_12.400,5.003481527461123,0.0,obgnme,0,
x15_12.500,4.7577933071682095,0.0,obgnme,0,
x15_12.600,4.46875521976416,0.0,obgnme,0,
x15_12.700,4.138890063747335,0.0,obgnme,0,
x15_12.800,3.7718934967565376,0.0,obgnme,0,
x15_12.900,3.372550399608724,0.0,obgnme,0,
x15_13.000,2.9466007370140295,0.0,obgnme,0,
x15_13.100,2.5005589240173998,0.0,obgnme,0,
x15_13.200,2.0414950071628035,0.0,obgnme,0,
x15_13.300,1.5767895758623718,0.0,obgnme,0,
x15_13.400,1.113876656010753,0.0,obgnme,0,
x15_13.500,0.6599895802809853,0.0,obgnme,0,
x15_13.600,0.22192396835625455,0.0,obgnme,0,
x15_13.700,-0.19417023577196313,0.0,obgnme,0,
x15_13.800,-0.5829587653287889,0.0,obgnme,0,
x15_13.900,-0.9400495388218548,0.0,obgnme,0,
x15_14.000,-1.2620733708057466,0.0,obgnme,0,
x15_14.100,-1.5467193242807509,0.0,obgnme,0,
x15_14.200,-1.7927272151454678,0.0,obgnme,0,
x15_14.300,-1.9998411419552133,0.0,obgnme,0,
x15_14.400,-2.1687286537190484,0.0,obgnme,0,
x15_14.500,-2.3008704622269,0.0,obgnme,0,
x15_14.600,-2.3984256911698134,0.0,obgnme,0,
x15_14.700,-2.464077791289285,0.0,obgnme,0,
x15_14.800,-2.500866669034187,0.0,obgnme,0,
x15_14.900,-2.5120134143828707,0.0,obgnme,0,
x15_15.000,-2.5007452548722924,0.0,obgnme,0,
x15_15.100,-2.470129789431891,0.0,obgnme,0,
x15_15.200,-2.422928745378361,0.0,obgnme,0,
x15_15.300,-2.3614818915582543,0.0,obgnme,0,
x15_15.400,-2.2876307604748836,0.0,obgnme,0,
x15_15.500,-2.2026890953763067,0.0,obgnme,0,
x15_15.600,-2.1074624343496966,0.0,obgnme,0,
x15_15.700,-2.002313464746785,0.0,obgnme,0,
x15_15.800,-1.8872637085973658,0.0,obgnme,0,
x15_15.900,-1.7621170108253819,0.0,obgnme,0,
x15_16.000,-1.6265874313676392,0.0,obgnme,0,
x15_16.100,-1.480414293060497,0.0,obgnme,0,
x15_16.200,-1.3234503909969189,0.0,obgnme,0,
x15_16.300,-1.1557150161573781,0.0,obgnme,0,
x15_16.400,-0.9774101795413492,0.0,obgnme,0,
x15_16.500,-0.7889047303981416,0.0,obgnme,0,
x15_16.600,-0.5906956660750777,0.0,obgnme,0,
x15_16.700,-0.38335811596342345,0.0,obgnme,0,
x15_16.800,-0.1674952053202151,0.0,obgnme,0,
x15_16.900,0.05630321328739424,0.0,obgnme,0,
x15_17.000,0.2874872992623518,0.0,obgnme,0,
x15_17.100,0.525557336164896,0.0,obgnme,0,
x15_17.200,0.770058221797699,0.0,obgnme,0,
x15_17.300,1.0205615571130306,0.0,obgnme,0,
x15_17.400,1.2766397356476515,0.0,obgnme,0,
x15_17.500,1.5378366544761655,0.0,obgnme,0,
x15_17.600,1.803639141987878,0.0,obgnme,0,
x15_17.700,2.073452208808533,0.0,obgnme,0,
x15_17.800,2.346580058865759,0.0,obgnme,0,
x15_17.900,2.6222136869487302,0.0,obgnme,0,
x15_18.000,2.8994250060160844,0.0,obgnme,0,
x15_18.100,3.177166881502955,0.0,obgnme,0,
x15_18.200,3.4542782157990084,0.0,obgnme,0,
x15_18.300,3.729493278939921,0.0,obgnme,0,
x15_18.400,4.001454737674989,0.0,obgnme,0,
x15_18.500,4.268730194347426,0.0,obgnme,0,
x15_18.600,4.529832411472895,0.0,obgnme,0,
x15_18.700,4.783243682742756,0.0,obgnme,0,
x15_18.800,5.027444947753279,0.0,obgnme,0,
x15_18.900,5.260950180969319,0.0,obgnme,0,
x15_19.000,5.482346270904492,0.0,obgnme,0,
x15_19.100,5.6903380126498835,0.0,obgnme,0,
x15_19.200,5.883796962400546,0.0,obgnme,0,
x15_19.300,6.0618117947489845,0.0,obgnme,0,
x15_19.400,6.223736590478984,0.0,obgnme,0,
x15_19.500,6.369232390937385,0.0,obgnme,0,
x15_19.600,6.498296698248966,0.0,obgnme,0,
x15_19.700,6.611275721350841,0.0,obgnme,0,
x15_19.800,6.70885533211888,0.0,obgnme,0,
x15_19.900,6.792028963325113,0.0,obgnme,0,
x16_00.000,8.600762819328118,1.0,obgnme,0,1.0
x16_00.100,8.707474772196758,1.0,obgnme,0,1.0
x16_00.200,8.812460418866113,1.0,obgnme,0,1.0
x16_00.300,8.915729437687325,1.0,obgnme,0,1.0
x16_00.400,9.016978571723747,1.0,obgnme,0,1.0
x16_00.500,9.115588670815143,1.0,obgnme,0,1.0
x16_00.600,9.210622026908842,1.0,obgnme,0,1.0
x16_00.700,9.30082260176518,1.0,obgnme,0,1.0
x16_00.800,9.384622177774643,1.0,obgnme,0,1.0
x16_00.900,9.460155873526327,1.0,obgnme,0,1.0
x16_01.000,9.525290783997889,1.0,obgnme,0,1.0
x16_01.100,9.577671634215221,1.0,obgnme,0,1.0
x16_01.200,9.614787156193866,1.0,obgnme,0,1.0
x16_01.300,9.634060278866476,1.0,obgnme,0,1.0
x16_01.400,9.632964027305642,1.0,obgnme,0,1.0
x16_01.500,9.609163153032018,1.0,obgnme,0,1.0
x16_01.600,9.56067890977572,1.0,obgnme,0,1.0
x16_01.700,9.486071090378974,1.0,obgnme,0,1.0
x16_01.800,9.384627623419984,1.0,obgnme,0,1.0
x16_01.900,9.256548026562053,1.0,obgnme,0,1.0
x16_02.000,9.103103334421942,1.0,obgnme,0,1.0
x16_02.100,8.926752424476998,1.0,obgnme,0,1.0
x16_02.200,8.731193719331792,1.0,obgnme,0,1.0
x16_02.300,8.521332819517845,1.0,obgnme,0,1.0
x16_02.400,8.303151369457716,1.0,obgnme,0,1.0
x16_02.500,8.083470760616361,1.0,obgnme,0,1.0
x16_02.600,7.869616080904153,1.0,obgnme,0,1.0
x16_02.700,7.66900039555509,1.0,obgnme,0,1.0
x16_02.800,7.488665635103397,1.0,obgnme,0,1.0
x16_02.900,7.334831873448067,1.0,obgnme,0,1.0
x16_03.000,7.212518516519782,1.0,obgnme,0,1.0
x16_03.100,7.125305032893995,1.0,obgnme,0,1.0
x16_03.200,7.0752911704873584,1.0,obgnme,0,1.0
x16_03.300,7.063293597612568,1.0,obgnme,0,1.0
x16_03.400,7.08927622803155,1.0,obgnme,0,1.0
x16_03.500,7.152957765868504,1.0,obgnme,0,1.0
x16_03.600,7.254480361077607,1.0,obgnme,0,1.0
x16_03.700,7.3949717112656215,1.0,obgnme,0,1.0
x16_03.800,7.576807843598434,1.0,obgnme,0,1.0
x16_03.900,7.803403808439879,1.0,obgnme,0,1.0
x16_04.000,8.078436785590347,1.0,obgnme,0,1.0
x16_04.100,8.404537844873397,1.0,obgnme,0,1.0
x16_04.200,8.781650049096001,1.0,obgnme,0,1.0
x16_04.300,9.205395178503323,1.0,obgnme,0,1.0
x16_04.400,9.665863188892216,1.0,obgnme,0,1.0
x16_04.500,10.147195910663187,1.0,obgnme,0,1.0
x16_04.600,10.628175917502094,1.0,obgnme,0,1.0
x16_04.700,11.083796345099737,1.0,obgnme,0,1.0
x16_04.800,11.487553076248933,1.0,obgnme,0,1.0
x16_04.900,11.814042062351326,1.0,obgnme,0,1.0
x16_05.000,12.041404319191175,1.0,obgnme,0,1.0
x16_05.100,12.153235517144143,1.0,obgnme,0,1.0
x16_05.200,12.139724653273406,1.0,obgnme,0,1.0
x16_05.300,11.997952505341614,1.0,obgnme,0,1.0
x16_05.400,11.731423036968316,1.0,obgnme,0,1.0
x16_05.500,11.34900147576531,1.0,obgnme,0,1.0
x16_05.600,10.86349179891888,1.0,obgnme,0,1.0
x16_05.700,10.290107987981223,1.0,obgnme,0,1.0
x16_05.800,9.645076717428825,1.0,obgnme,0,1.0
x16_05.900,8.94455256176222,1.0,obgnme,0,1.0
x16_06.000,8.203938917553419,1.0,obgnme,0,1.0
x16_06.100,7.4376110000779345,1.0,obgnme,0,1.0
x16_06.200,6.658958553763327,1.0,obgnme,0,1.0
x16_06.300,5.880622281304492,1.0,obgnme,0,1.0
x16_06.400,5.114788170374012,1.0,obgnme,0,1.0
x16_06.500,4.373413845064724,1.0,obgnme,0,1.0
x16_06.600,3.668279273497026,1.0,obgnme,0,1.0
x16_06.700,3.01078397350315,1.0,obgnme,0,1.0
x16_06.800,2.411468998258557,1.0,obgnme,0,1.0
x16_06.900,1.8793302638386562,1.0,obgnme,0,1.0
x16_07.000,1.4210871037406176,1.0,obgnme,0,1.0
x16_07.100,1.040627797743215,1.0,obgnme,0,1.0
x16_07.200,0.7388298502102718,1.0,obgnme,0,1.0
x16_07.300,0.5138456037957015,1.0,obgnme,0,1.0
x16_07.400,0.36179914054981155,1.0,obgnme,0,1.0
x16_07.500,0.2777224841378483,1.0,obgnme,0,1.0
x16_07.600,0.2565117008691879,1.0,obgnme,0,1.0
x16_07.700,0.2937109407615246,1.0,obgnme,0,1.0
x16_07.800,0.3860076538096905,1.0,obgnme,0,1.0
x16_07.900,0.5314082653484166,1.0,obgnme,0,1.0
x16_08.000,0.7291320071411557,1.0,obgnme,0,1.0
x16_08.100,0.9792984711279643,1.0,obgnme,0,1.0
x16_08.200,1.2824926385171265,1.0,obgnme,0,1.0
x16_08.300,1.6392786919252629,1.0,obgnme,0,1.0
x16_08.400,2.0497125909332237,1.0,obgnme,0,1.0
x16_08.500,2.5128836479930095,1.0,obgnme,0,1.0
x16_08.600,3.026504016934456,1.0,obgnme,0,1.0
x16_08.700,3.586564314481223,1.0,obgnme,0,1.0
x16_08.800,4.187081239036653,1.0,obgnme,0,1.0
x16_08.900,4.8199732214192395,1.0,obgnme,0,1.0
x16_09.000,5.475105265422821,1.0,obgnme,0,1.0
x16_09.100,6.140537260409683,1.0,obgnme,0,1.0
x16_09.200,6.802987581121797,1.0,obgnme,0,1.0
x16_09.300,7.448487814067634,1.0,obgnme,0,1.0
x16_09.400,8.063163367387645,1.0,obgnme,0,1.0
x16_09.500,8.634041149063474,1.0,obgnme,0,1.0
x16_09.600,9.149771575219182,1.0,obgnme,0,1.0
x16_09.700,9.601164221305128,1.0,obgnme,0,1.0
x16_09.800,9.981471875157855,1.0,obgnme,0,1.0
x16_09.900,10.28640614275537,1.0,obgnme,0,1.0
x16_10.000,10.513915350304899,0.0,obgnme,0,
x16_10.100,10.66379070492923,0.0,obgnme,0,
x16_10.200,10.737183666068086,0.0,obgnme,0,
x16_10.300,10.736116548141387,0.0,obgnme,0,
x16_10.400,10.663054032142577,0.0,obgnme,0,
x16_10.500,10.520581498576794,0.0,obgnme,0,
x16_10.600,10.311212267694668,0.0,obgnme,0,
x16_10.700,10.03732374345028,0.0,obgnme,0,
x16_10.800,9.701204393995566,0.0,obgnme,0,
x16_10.900,9.305180757873242,0.0,obgnme,0,
x16_11.000,8.851786999744808,0.0,obgnme,0,
x16_11.100,8.343939287881113,0.0,obgnme,0,
x16_11.200,7.785083111248628,0.0,obgnme,0,
x16_11.300,7.179292310187487,0.0,obgnme,0,
x16_11.400,6.531311736327773,0.0,obgnme,0,
x16_11.500,5.846548111909554,0.0,obgnme,0,
x16_11.600,5.1310229834353915,0.0,obgnme,0,
x16_11.700,4.391305784742217,0.0,obgnme,0,
x16_11.800,3.6344435496640277,0.0,obgnme,0,
x16_11.900,2.867897826320503,0.0,obgnme,0,
x16_12.000,2.0994909220242883,0.0,obgnme,0,
x16_12.100,1.3373551427766697,0.0,obgnme,0,
x16_12.200,0.5898722825666519,0.0,obgnme,0,
x16_12.300,-0.13441230683555994,0.0,obgnme,0,
x16_12.400,-0.8269155500143128,0.0,obgnme,0,
x16_12.500,-1.4791917290356222,0.0,obgnme,0,
x16_12.600,-2.0831578999302076,0.0,obgnme,0,
x16_12.700,-2.631360786454465,0.0,obgnme,0,
x16_12.800,-3.1172664933323215,0.0,obgnme,0,
x16_12.900,-3.5355467185188387,0.0,obgnme,0,
x16_13.000,-3.882331372338323,0.0,obgnme,0,
x16_13.100,-4.15539869929749,0.0,obgnme,0,
x16_13.200,-4.354280166604652,0.0,obgnme,0,
x16_13.300,-4.480267398996805,0.0,obgnme,0,
x16_13.400,-4.536320266922505,0.0,obgnme,0,
x16_13.500,-4.526886496041739,0.0,obgnme,0,
x16_13.600,-4.457651811521919,0.0,obgnme,0,
x16_13.700,-4.335244471326543,0.0,obgnme,0,
x16_13.800,-4.16691894723646,0.0,obgnme,0,
x16_13.900,-3.9602412408135104,0.0,obgnme,0,
x16_14.000,-3.7227941144262147,0.0,obgnme,0,
x16_14.100,-3.4619156361284444,0.0,obgnme,0,
x16_14.200,-3.1844798258076294,0.0,obgnme,0,
x16_14.300,-2.896724338790908,0.0,obgnme,0,
x16_14.400,-2.6041271150103618,0.0,obgnme,0,
x16_14.500,-2.3113315867778783,0.0,obgnme,0,
x16_14.600,-2.022118127983344,0.0,obgnme,0,
x16_14.700,-1.7394177495236818,0.0,obgnme,0,
x16_14.800,-1.4653625290233216,0.0,obgnme,0,
x16_14.900,-1.201365958993848,0.0,obgnme,0,
x16_15.000,-0.9482254356597681,0.0,obgnme,0,
x16_15.100,-0.7062386309673505,0.0,obgnme,0,
x16_15.200,-0.4753255792774087,0.0,obgnme,0,
x16_15.300,-0.2551489572556529,0.0,obgnme,0,
x16_15.400,-0.04522612470453463,0.0,obgnme,0,
x16_15.500,0.1549721632080495,0.0,obgnme,0,
x16_15.600,0.34594006377831826,0.0,obgnme,0,
x16_15.700,0.5280743493041877,0.0,obgnme,0,
x16_15.800,0.701632673882641,0.0,obgnme,0,
x16_15.900,0.8667124135907243,0.0,obgnme,0,
x16_16.000,1.0232488751620872,0.0,obgnme,0,
x16_16.100,1.1710303657820265,0.0,obgnme,0,
x16_16.200,1.309726324726088,0.0,obgnme,0,
x16_16.300,1.4389236687487554,0.0,obgnme,0,
x16_16.400,1.5581659806647925,0.0,obgnme,0,
x16_16.500,1.6669903808365814,0.0,obgnme,0,
x16_16.600,1.7649578873165128,0.0,obgnme,0,
x16_16.700,1.8516746032836906,0.0,obgnme,0,
x16_16.800,1.9268028324525428,0.0,obgnme,0,
x16_16.900,1.9900628481282245,0.0,obgnme,0,
x16_17.000,2.041227252745954,0.0,obgnme,0,
x16_17.100,2.0801105401415545,0.0,obgnme,0,
x16_17.200,2.1065566419142607,0.0,obgnme,0,
x16_17.300,2.1204270285821973,0.0,obgnme,0,
x16_17.400,2.121591500354458,0.0,obgnme,0,
x16_17.500,2.109923272141466,0.0,obgnme,0,
x16_17.600,2.0852994194650982,0.0,obgnme,0,
x16_17.700,2.0476072532276888,0.0,obgnme,0,
x16_17.800,1.9967567539662907,0.0,obgnme,0,
x16_17.900,1.932698828497776,0.0,obgnme,0,
x16_18.000,1.8554488510172447,0.0,obgnme,0,
x16_18.100,1.7651147014076316,0.0,obgnme,0,
x16_18.200,1.6619282878443649,0.0,obgnme,0,
x16_18.300,1.5462793035341609,0.0,obgnme,0,
x16_18.400,1.4187496860301494,0.0,obgnme,0,
x16_18.500,1.2801469035066573,0.0,obgnme,0,
x16_18.600,1.1315337911432009,0.0,obgnme,0,
x16_18.700,0.9742522385786645,0.0,obgnme,0,
x16_18.800,0.8099376562199769,0.0,obgnme,0,
x16_18.900,0.6405209264414562,0.0,obgnme,0,
x16_19.000,0.46821460295341855,0.0,obgnme,0,
x16_19.100,0.2954805943151857,0.0,obgnme,0,
x16_19.200,0.12497757296841716,0.0,obgnme,0,
x16_19.300,-0.04051205301548824,0.0,obgnme,0,
x16_19.400,-0.19817363085824485,0.0,obgnme,0,
x16_19.500,-0.345265758251878,0.0,obgnme,0,
x16_19.600,-0.47923284774071184,0.0,obgnme,0,
x16_19.700,-0.5978158303317169,0.0,obgnme,0,
x16_19.800,-0.6991510545517036,0.0,obgnme,0,
x16_19.900,-0.7818477884617404,0.0,obgnme,0,
x17_00.000,8.536539967269087,0.0,obgnme,0,
x17_00.100,8.645687297437204,0.0,obgnme,0,
x17_00.200,8.74962373759371,0.0,obgnme,0,
x17_00.300,8.845706892164497,0.0,obgnme,0,
x17_00.400,8.931157381645257,0.0,obgnme,0,
x17_00.500,9.003089659774798,0.0,obgnme,0,
x17_00.600,9.058561310322913,0.0,obgnme,0,
x17_00.700,9.094642738411146,0.0,obgnme,0,
x17_00.800,9.108508059575609,0.0,obgnme,0,
x17_00.900,9.097546424176919,0.0,obgnme,0,
x17_01.000,9.059491002356943,0.0,obgnme,0,
x17_01.100,8.992560478541982,0.0,obgnme,0,
x17_01.200,8.895605340684474,0.0,obgnme,0,
x17_01.300,8.768248773909962,0.0,obgnme,0,
x17_01.400,8.611009945805492,0.0,obgnme,0,
x17_01.500,8.425396321755114,0.0,obgnme,0,
x17_01.600,8.213951792365703,0.0,obgnme,0,
x17_01.700,7.980249170673874,0.0,obgnme,0,
x17_01.800,7.728819196751234,0.0,obgnme,0,
x17_01.900,7.465013494141216,0.0,obgnme,0,
x17_02.000,7.194805571490352,0.0,obgnme,0,
x17_02.100,6.924541247096822,0.0,obgnme,0,
x17_02.200,6.660656807922039,0.0,obgnme,0,
x17_02.300,6.409388638818045,0.0,obgnme,0,
x17_02.400,6.176500807843782,0.0,obgnme,0,
x17_02.500,5.967056219191154,0.0,obgnme,0,
x17_02.600,5.7852519632679265,0.0,obgnme,0,
x17_02.700,5.634330643040097,0.0,obgnme,0,
x17_02.800,5.516567898166537,0.0,obgnme,0,
x17_02.900,5.433324218247042,0.0,obgnme,0,
x17_03.000,5.385139319463596,0.0,obgnme,0,
x17_03.100,5.371842891250263,0.0,obgnme,0,
x17_03.200,5.39265861475386,0.0,obgnme,0,
x17_03.300,5.446289285866603,0.0,obgnme,0,
x17_03.400,5.530987196610547,0.0,obgnme,0,
x17_03.500,5.64463062784742,0.0,obgnme,0,
x17_03.600,5.784838249838023,0.0,obgnme,0,
x17_03.700,5.949153612791387,0.0,obgnme,0,
x17_03.800,6.135320637166261,0.0,obgnme,0,
x17_03.900,6.341651411430429,0.0,obgnme,0,
x17_04.000,6.567465394655614,0.0,obgnme,0,
x17_04.100,6.813558122295753,0.0,obgnme,0,
x17_04.200,7.0826359020571745,0.0,obgnme,0,
x17_04.300,7.379624337764052,0.0,obgnme,0,
x17_04.400,7.711720061988824,0.0,obgnme,0,
x17_04.500,8.088019612074683,0.0,obgnme,0,
x17_04.600,8.518560643009897,0.0,obgnme,0,
x17_04.700,9.012691093208776,0.0,obgnme,0,
x17_04.800,9.576863000039591,0.0,obgnme,0,
x17_04.900,10.212198619962518,0.0,obgnme,0,
x17_05.000,10.912406247507583,0.0,obgnme,0,
x17_05.100,11.66271138003157,0.0,obgnme,0,
x17_05.200,12.44032790165805,0.0,obgnme,0,
x17_05.300,13.21662732741649,0.0,obgnme,0,
x17_05.400,13.960683484658441,0.0,obgnme,0,
x17_05.500,14.643452722726977,0.0,obgnme,0,
x17_05.600,15.24165731543583,0.0,obgnme,0,
x17_05.700,15.74054126740472,0.0,obgnme,0,
x17_05.800,16.135010602225467,0.0,obgnme,0,
x17_05.900,16.429112035544552,0.0,obgnme,0,
x17_06.000,16.634185510591468,0.0,obgnme,0,
x17_06.100,16.76624220375119,0.0,obgnme,0,
x17_06.200,16.84315065404219,0.0,obgnme,0,
x17_06.300,16.882109369791372,0.0,obgnme,0,
x17_06.400,16.89772061157606,0.0,obgnme,0,
x17_06.500,16.90081887971644,0.0,obgnme,0,
x17_06.600,16.898077482340764,0.0,obgnme,0,
x17_06.700,16.89231678865744,0.0,obgnme,0,
x17_06.800,16.883356920762477,0.0,obgnme,0,
x17_06.900,16.869192670240068,0.0,obgnme,0,
x17_07.000,16.84723245808812,0.0,obgnme,0,
x17_07.100,16.815356189743575,0.0,obgnme,0,
x17_07.200,16.772616425094785,0.0,obgnme,0,
x17_07.300,16.719515394102086,0.0,obgnme,0,
x17_07.400,16.657899161260936,0.0,obgnme,0,
x17_07.500,16.590582615246277,0.0,obgnme,0,
x17_07.600,16.520838199078216,0.0,obgnme,0,
x17_07.700,16.451855851259104,0.0,obgnme,0,
x17_07.800,16.38623524799793,0.0,obgnme,0,
x17_07.900,16.325528391420207,0.0,obgnme,0,
x17_08.000,16.269825617227458,0.0,obgnme,0,
x17_08.100,16.21737431645163,0.0,obgnme,0,
x17_08.200,16.164232125573367,0.0,obgnme,0,
x17_08.300,16.1039770984387,0.0,obgnme,0,
x17_08.400,16.02751915086272,0.0,obgnme,0,
x17_08.500,15.923074411638074,0.0,obgnme,0,
x17_08.600,15.776372634711516,0.0,obgnme,0,
x17_08.700,15.571162876166444,0.0,obgnme,0,
x17_08.800,15.290058951316363,0.0,obgnme,0,
x17_08.900,14.915719658551748,0.0,obgnme,0,
x17_09.000,14.432290455676396,0.0,obgnme,0,
x17_09.100,13.826954055897517,0.0,obgnme,0,
x17_09.200,13.09136967546637,0.0,obgnme,0,
x17_09.300,12.222753463804626,0.0,obgnme,0,
x17_09.400,11.224389276102398,0.0,obgnme,0,
x17_09.500,10.105462100697522,0.0,obgnme,0,
x17_09.600,8.880250683667988,0.0,obgnme,0,
x17_09.700,7.566855054969058,0.0,obgnme,0,
x17_09.800,6.185722323395807,0.0,obgnme,0,
x17_09.900,4.758244970382687,0.0,obgnme,0,
x17_10.000,3.305645061077022,0.0,obgnme,0,
x17_10.100,1.8482539558676876,0.0,obgnme,0,
x17_10.200,0.40518621275693456,0.0,obgnme,0,
x17_10.300,-1.005682925787136,0.0,obgnme,0,
x17_10.400,-2.367579823140292,0.0,obgnme,0,
x17_10.500,-3.6646913262646486,0.0,obgnme,0,
x17_10.600,-4.882155606462517,0.0,obgnme,0,
x17_10.700,-6.006271570325511,0.0,obgnme,0,
x17_10.800,-7.024946775870676,0.0,obgnme,0,
x17_10.900,-7.92833128372199,0.0,obgnme,0,
x17_11.000,-8.709521673531093,0.0,obgnme,0,
x17_11.100,-9.365181690507901,0.0,obgnme,0,
x17_11.200,-9.89592582080475,0.0,obgnme,0,
x17_11.300,-10.306352022566571,0.0,obgnme,0,
x17_11.400,-10.604679829862016,0.0,obgnme,0,
x17_11.500,-10.802030116638877,0.0,obgnme,0,
x17_11.600,-10.91145041786547,0.0,obgnme,0,
x17_11.700,-10.946828248601534,0.0,obgnme,0,
x17_11.800,-10.921838907585968,0.0,obgnme,0,
x17_11.900,-10.849049422095717,0.0,obgnme,0,
x17_12.000,-10.739258844778842,0.0,obgnme,0,
x17_12.100,-10.601110199163259,0.0,obgnme,0,
x17_12.200,-10.440970693680793,0.0,obgnme,0,
x17_12.300,-10.263048961792533,0.0,obgnme,0,
x17_12.400,-10.069701147669656,0.0,obgnme,0,
x17_12.500,-9.861869195707605,0.0,obgnme,0,
x17_12.600,-9.639591761078771,0.0,obgnme,0,
x17_12.700,-9.40252871723303,0.0,obgnme,0,
x17_12.800,-9.150443757535164,0.0,obgnme,0,
x17_12.900,-8.883596706394712,0.0,obgnme,0,
x17_13.000,-8.60300878236781,0.0,obgnme,0,
x17_13.100,-8.310580333871329,0.0,obgnme,0,
x17_13.200,-8.009060142959482,0.0,obgnme,0,
x17_13.300,-7.701885370209652,0.0,obgnme,0,
x17_13.400,-7.392927879102904,0.0,obgnme,0,
x17_13.500,-7.0861926948685525,0.0,obgnme,0,
x17_13.600,-6.785515916169331,0.0,obgnme,0,
x17_13.700,-6.49430283031091,0.0,obgnme,0,
x17_13.800,-6.215334534142396,0.0,obgnme,0,
x17_13.900,-5.950656367731558,0.0,obgnme,0,
x17_14.000,-5.701547265862729,0.0,obgnme,0,
x17_14.100,-5.468558192596129,0.0,obgnme,0,
x17_14.200,-5.251601330975173,0.0,obgnme,0,
x17_14.300,-5.05006961415354,0.0,obgnme,0,
x17_14.400,-4.862967615781567,0.0,obgnme,0,
x17_14.500,-4.6890384949231105,0.0,obgnme,0,
x17_14.600,-4.526876357601315,0.0,obgnme,0,
x17_14.700,-4.375018056384748,0.0,obgnme,0,
x17_14.800,-4.232012454787876,0.0,obgnme,0,
x17_14.900,-4.096468218450162,0.0,obgnme,0,
x17_15.000,-3.967083195735841,0.0,obgnme,0,
x17_15.100,-3.8426595110856123,0.0,obgnme,0,
x17_15.200,-3.722108787534307,0.0,obgnme,0,
x17_15.300,-3.6044516331154193,0.0,obgnme,0,
x17_15.400,-3.4888148501540615,0.0,obgnme,0,
x17_15.500,-3.374428913275983,0.0,obgnme,0,
x17_15.600,-3.260627244969857,0.0,obgnme,0,
x17_15.700,-3.1468478142066316,0.0,obgnme,0,
x17_15.800,-3.032636700430525,0.0,obgnme,0,
x17_15.900,-2.917652596277155,0.0,obgnme,0,
x17_16.000,-2.8016708397421906,0.0,obgnme,0,
x17_16.100,-2.6845855052063214,0.0,obgnme,0,
x17_16.200,-2.566408326456564,0.0,obgnme,0,
x17_16.300,-2.4472637012527745,0.0,obgnme,0,
x17_16.400,-2.3273796183175492,0.0,obgnme,0,
x17_16.500,-2.2070749174018145,0.0,obgnme,0,
x17_16.600,-2.0867437212500173,0.0,obgnme,0,
x17_16.700,-1.9668380922371165,0.0,obgnme,0,
x17_16.800,-1.8478499560388226,0.0,obgnme,0,
x17_16.900,-1.7302931465346802,0.0,obgnme,0,
x17_17.000,-1.6146861412738553,0.0,obgnme,0,
x17_17.100,-1.5015357622533254,0.0,obgnme,0,
x17_17.200,-1.391321881608488,0.0,obgnme,0,
x17_17.300,-1.284483034761909,0.0,obgnme,0,
x17_17.400,-1.181402812072041,0.0,obgnme,0,
x17_17.500,-1.082396957888424,0.0,obgnme,0,
x17_17.600,-0.9877012241820973,0.0,obgnme,0,
x17_17.700,-0.8974601727888883,0.0,obgnme,0,
x17_17.800,-0.8117172680283653,0.0,obgnme,0,
x17_17.900,-0.7304067296441938,0.0,obgnme,0,
x17_18.000,-0.6533477119921844,0.0,obgnme,0,
x17_18.100,-0.5802414326719052,0.0,obgnme,0,
x17_18.200,-0.5106718893345146,0.0,obgnme,0,
x17_18.300,-0.44411077470742244,0.0,obgnme,0,
x17_18.400,-0.37992712247123117,0.0,obgnme,0,
x17_18.500,-0.3174020826731533,0.0,obgnme,0,
x17_18.600,-0.2557490240523262,0.0,obgnme,0,
x17_18.700,-0.19413888063275314,0.0,obgnme,0,
x17_18.800,-0.13173029384102009,0.0,obgnme,0,
x17_18.900,-0.06770365211998731,0.0,obgnme,0,
x17_19.000,-0.0012976178683064832,0.0,obgnme,0,
x17_19.100,0.0681537991601157,0.0,obgnme,0,
x17_19.200,0.14118604044469857,0.0,obgnme,0,
x17_19.300,0.21817341616154404,0.0,obgnme,0,
x17_19.400,0.2993059599526217,0.0,obgnme,0,
x17_19.500,0.38457625832738895,0.0,obgnme,0,
x17_19.600,0.47377810666352427,0.0,obgnme,0,
x17_19.700,0.5665177789202528,0.0,obgnme,0,
x17_19.800,0.6622373740027073,0.0,obgnme,0,
x17_19.900,0.7602483260844517,0.0,obgnme,0,
x18_00.000,9.247123252493957,1.0,obgnme,0,1.0
x18_00.100,9.193523091726707,1.0,obgnme,0,1.0
x18_00.200,9.120558186138211,1.0,obgnme,0,1.0
x18_00.300,9.02665982753825,1.0,obgnme,0,1.0
x18_00.400,8.910499038671157,1.0,obgnme,0,1.0
x18_00.500,8.77111015317002,1.0,obgnme,0,1.0
x18_00.600,8.608013712758583,1.0,obgnme,0,1.0
x18_00.700,8.421330908869775,1.0,obgnme,0,1.0
x18_00.800,8.21188040773607,1.0,obgnme,0,1.0
x18_00.900,7.981247721019983,1.0,obgnme,0,1.0
x18_01.000,7.731817601422442,1.0,obgnme,0,1.0
x18_01.100,7.466761466922679,1.0,obgnme,0,1.0
x18_01.200,7.189974668900669,1.0,obgnme,0,1.0
x18_01.300,6.9059624144293394,1.0,obgnme,0,1.0
x18_01.400,6.619678014050962,1.0,obgnme,0,1.0
x18_01.500,6.336322329952554,1.0,obgnme,0,1.0
x18_01.600,6.06111816747118,1.0,obgnme,0,1.0
x18_01.700,5.799077145129299,1.0,obgnme,0,1.0
x18_01.800,5.5547786144065965,1.0,obgnme,0,1.0
x18_01.900,5.332179988974103,1.0,obgnme,0,1.0
x18_02.000,5.134475195281357,1.0,obgnme,0,1.0
x18_02.100,4.964013059200468,1.0,obgnme,0,1.0
x18_02.200,4.822280875817534,1.0,obgnme,0,1.0
x18_02.300,4.709951088738267,1.0,obgnme,0,1.0
x18_02.400,4.626982057896528,1.0,obgnme,0,1.0
x18_02.500,4.572758455031184,1.0,obgnme,0,1.0
x18_02.600,4.546253784748799,1.0,obgnme,0,1.0
x18_02.700,4.546197285412161,1.0,obgnme,0,1.0
x18_02.800,4.571229758313795,1.0,obgnme,0,1.0
x18_02.900,4.620036788996991,1.0,obgnme,0,1.0
x18_03.000,4.6914520065988095,1.0,obgnme,0,1.0
x18_03.100,4.784526090279728,1.0,obgnme,0,1.0
x18_03.200,4.8985582365471005,1.0,obgnme,0,1.0
x18_03.300,5.033085635601093,1.0,obgnme,0,1.0
x18_03.400,5.187824035748459,1.0,obgnme,0,1.0
x18_03.500,5.3625504162328115,1.0,obgnme,0,1.0
x18_03.600,5.556919302318543,1.0,obgnme,0,1.0
x18_03.700,5.770209315329241,1.0,obgnme,0,1.0
x18_03.800,6.001007091650993,1.0,obgnme,0,1.0
x18_03.900,6.246850696603667,1.0,obgnme,0,1.0
x18_04.000,6.503870452659706,1.0,obgnme,0,1.0
x18_04.100,6.766475681610444,1.0,obgnme,0,1.0
x18_04.200,7.027134583928011,1.0,obgnme,0,1.0
x18_04.300,7.276277421923331,1.0,obgnme,0,1.0
x18_04.400,7.502323310606191,1.0,obgnme,0,1.0
x18_04.500,7.691801114603294,1.0,obgnme,0,1.0
x18_04.600,7.829526518877847,1.0,obgnme,0,1.0
x18_04.700,7.898831133016724,1.0,obgnme,0,1.0
x18_04.800,7.881920021745272,1.0,obgnme,0,1.0
x18_04.900,7.760534276664563,1.0,obgnme,0,1.0
x18_05.000,7.5171549311250505,1.0,obgnme,0,1.0
x18_05.100,7.136932274285443,1.0,obgnme,0,1.0
x18_05.200,6.6103201996486565,1.0,obgnme,0,1.0
x18_05.300,5.93607218899548,1.0,obgnme,0,1.0
x18_05.400,5.12393437937742,1.0,obgnme,0,1.0
x18_05.500,4.196219395788337,1.0,obgnme,0,1.0
x18_05.600,3.18758844282753,1.0,obgnme,0,1.0
x18_05.700,2.142803294229328,1.0,obgnme,0,1.0
x18_05.800,1.1127745670297327,1.0,obgnme,0,1.0
x18_05.900,0.14969147255535753,1.0,obgnme,0,1.0
x18_06.000,-0.6978093791564489,1.0,obgnme,0,1.0
x18_06.100,-1.388624049197773,1.0,obgnme,0,1.0
x18_06.200,-1.8918511238974216,1.0,obgnme,0,1.0
x18_06.300,-2.188084374172084,1.0,obgnme,0,1.0
x18_06.400,-2.2695557061754172,1.0,obgnme,0,1.0
x18_06.500,-2.139491362696352,1.0,obgnme,0,1.0
x18_06.600,-1.811030355506976,1.0,obgnme,0,1.0
x18_06.700,-1.3059434550416607,1.0,obgnme,0,1.0
x18_06.800,-0.6532513675258342,1.0,obgnme,0,1.0
x18_06.900,0.11226736773446777,1.0,obgnme,0,1.0
x18_07.000,0.9517276410395246,1.0,obgnme,0,1.0
x18_07.100,1.8239646544359178,1.0,obgnme,0,1.0
x18_07.200,2.6874779075836734,1.0,obgnme,0,1.0
x18_07.300,3.5023613922364105,1.0,obgnme,0,1.0
x18_07.400,4.232056069260732,1.0,obgnme,0,1.0
x18_07.500,4.84477837784908,1.0,obgnme,0,1.0
x18_07.600,5.314533172080843,1.0,obgnme,0,1.0
x18_07.700,5.621686309444859,1.0,obgnme,0,1.0
x18_07.800,5.753130653552188,1.0,obgnme,0,1.0
x18_07.900,5.7021202925543255,1.0,obgnme,0,1.0
x18_08.000,5.4678711712799055,1.0,obgnme,0,1.0
x18_08.100,5.055034991116873,1.0,obgnme,0,1.0
x18_08.200,4.4731486182073095,1.0,obgnme,0,1.0
x18_08.300,3.7361424269378904,1.0,obgnme,0,1.0
x18_08.400,2.8619563139499054,1.0,obgnme,0,1.0
x18_08.500,1.8722617610529229,1.0,obgnme,0,1.0
x18_08.600,0.7922270226843793,1.0,obgnme,0,1.0
x18_08.700,-0.3497983493341712,1.0,obgnme,0,1.0
x18_08.800,-1.5228449177708738,1.0,obgnme,0,1.0
x18_08.900,-2.6942939677497773,1.0,obgnme,0,1.0
x18_09.000,-3.8313537802576807,1.0,obgnme,0,1.0
x18_09.100,-4.903001959703102,1.0,obgnme,0,1.0
x18_09.200,-5.882175245463127,1.0,obgnme,0,1.0
x18_09.300,-6.7478265839469245,1.0,obgnme,0,1.0
x18_09.400,-7.486399723638201,1.0,obgnme,0,1.0
x18_09.500,-8.092345419256981,1.0,obgnme,0,1.0
x18_09.600,-8.567512434941804,1.0,obgnme,0,1.0
x18_09.700,-8.919518779691286,1.0,obgnme,0,1.0
x18_09.800,-9.159442983887283,1.0,obgnme,0,1.0
x18_09.900,-9.299295051485457,1.0,obgnme,0,1.0
x18_10.000,-9.349714315573202,0.0,obgnme,0,
x18_10.100,-9.318234178618066,0.0,obgnme,0,
x18_10.200,-9.208311588644644,0.0,obgnme,0,
x18_10.300,-9.019189811653021,0.0,obgnme,0,
x18_10.400,-8.74656491315852,0.0,obgnme,0,
x18_10.500,-8.383951846984788,0.0,obgnme,0,
x18_10.600,-7.924577672225382,0.0,obgnme,0,
x18_10.700,-7.363556937002543,0.0,obgnme,0,
x18_10.800,-6.7000354583998405,0.0,obgnme,0,
x18_10.900,-5.938949363462791,0.0,obgnme,0,
x18_11.000,-5.092068474930062,0.0,obgnme,0,
x18_11.100,-4.178096319060782,0.0,obgnme,0,
x18_11.200,-3.2217729054779367,0.0,obgnme,0,
x18_11.300,-2.2521276322870465,0.0,obgnme,0,
x18_11.400,-1.3001971748572503,0.0,obgnme,0,
x18_11.500,-0.3966054805530377,0.0,obgnme,0,
x18_11.600,0.43061889093723715,0.0,obgnme,0,
x18_11.700,1.157719424468281,0.0,obgnme,0,
x18_11.800,1.7662602771684042,0.0,obgnme,0,
x18_11.900,2.2435635624055417,0.0,obgnme,0,
x18_12.000,2.5826493191607143,0.0,obgnme,0,
x18_12.100,2.781836083785595,0.0,obgnme,0,
x18_12.200,2.8441564512598583,0.0,obgnme,0,
x18_12.300,2.776707144241951,0.0,obgnme,0,
x18_12.400,2.590005122720924,0.0,obgnme,0,
x18_12.500,2.2973753986478695,0.0,obgnme,0,
x18_12.600,1.9143625546968925,0.0,obgnme,0,
x18_12.700,1.4581412675879952,0.0,obgnme,0,
x18_12.800,0.9469015569008797,0.0,obgnme,0,
x18_12.900,0.39919852066459693,0.0,obgnme,0,
x18_13.000,-0.1667220939208397,0.0,obgnme,0,
x18_13.100,-0.7335893122383644,0.0,obgnme,0,
x18_13.200,-1.285714999132536,0.0,obgnme,0,
x18_13.300,-1.8094924199213955,0.0,obgnme,0,
x18_13.400,-2.2937419852994183,0.0,obgnme,0,
x18_13.500,-2.7298799027117737,0.0,obgnme,0,
x18_13.600,-3.111909450090128,0.0,obgnme,0,
x18_13.700,-3.4362573729564994,0.0,obgnme,0,
x18_13.800,-3.7014943739283344,0.0,obgnme,0,
x18_13.900,-3.90798614132557,0.0,obgnme,0,
x18_14.000,-4.057519944639087,0.0,obgnme,0,
x18_14.100,-4.152943738936424,0.0,obgnme,0,
x18_14.200,-4.197843191777905,0.0,obgnme,0,
x18_14.300,-4.196270170239216,0.0,obgnme,0,
x18_14.400,-4.152526228851122,0.0,obgnme,0,
x18_14.500,-4.070997626766008,0.0,obgnme,0,
x18_14.600,-3.9560344925013635,0.0,obgnme,0,
x18_14.700,-3.811865414345288,0.0,obgnme,0,
x18_14.800,-3.6425391445456983,0.0,obgnme,0,
x18_14.900,-3.451886445955561,0.0,obgnme,0,
x18_15.000,-3.243496729975834,0.0,obgnme,0,
x18_15.100,-3.020705614331165,0.0,obgnme,0,
x18_15.200,-2.786590665717468,0.0,obgnme,0,
x18_15.300,-2.543973347136653,0.0,obgnme,0,
x18_15.400,-2.295425624138649,0.0,obgnme,0,
x18_15.500,-2.0432799025982686,0.0,obgnme,0,
x18_15.600,-1.7896410797857127,0.0,obgnme,0,
x18_15.700,-1.5363995763745433,0.0,obgnme,0,
x18_15.800,-1.2852443363461983,0.0,obgnme,0,
x18_15.900,-1.037674962205539,0.0,obgnme,0,
x18_16.000,-0.7950123975738237,0.0,obgnme,0,
x18_16.100,-0.5584078614674388,0.0,obgnme,0,
x18_16.200,-0.3288500470606206,0.0,obgnme,0,
x18_16.300,-0.10717088231560032,0.0,obgnme,0,
x18_16.400,0.10594963035856558,0.0,obgnme,0,
x18_16.500,0.3099788552381961,0.0,obgnme,0,
x18_16.600,0.5045265930224301,0.0,obgnme,0,
x18_16.700,0.6893392182288525,0.0,obgnme,0,
x18_16.800,0.8642924902662391,0.0,obgnme,0,
x18_16.900,1.029382847893928,0.0,obgnme,0,
x18_17.000,1.1847171977060151,0.0,obgnme,0,
x18_17.100,1.3305013750542276,0.0,obgnme,0,
x18_17.200,1.4670275742828625,0.0,obgnme,0,
x18_17.300,1.5946611123205106,0.0,obgnme,0,
x18_17.400,1.7138269139414672,0.0,obgnme,0,
x18_17.500,1.824996101814898,0.0,obgnme,0,
x18_17.600,1.9286730535639087,0.0,obgnme,0,
x18_17.700,2.0253832624219212,0.0,obgnme,0,
x18_17.800,2.1156623144038327,0.0,obgnme,0,
x18_17.900,2.200046275362052,0.0,obgnme,0,
x18_18.000,2.2790637638291056,0.0,obgnme,0,
x18_18.100,2.3532299645758323,0.0,obgnme,0,
x18_18.200,2.4230428051149797,0.0,obgnme,0,
x18_18.300,2.488981463283265,0.0,obgnme,0,
x18_18.400,2.5515072889734993,0.0,obgnme,0,
x18_18.500,2.6110670995572547,0.0,obgnme,0,
x18_18.600,2.668098643441823,0.0,obgnme,0,
x18_18.700,2.72303782345192,0.0,obgnme,0,
x18_18.800,2.7763270447219273,0.0,obgnme,0,
x18_18.900,2.828423825159264,0.0,obgnme,0,
x18_19.000,2.879808616147596,0.0,obgnme,0,
x18_19.100,2.93099067121074,0.0,obgnme,0,
x18_19.200,2.982510816772208,0.0,obgnme,0,
x18_19.300,3.0349401589981597,0.0,obgnme,0,
x18_19.400,3.088874119151953,0.0,obgnme,0,
x18_19.500,3.1449217077635936,0.0,obgnme,0,
x18_19.600,3.2036905649427307,0.0,obgnme,0,
x18_19.700,3.265768912630793,0.0,obgnme,0,
x18_19.800,3.331706066343718,0.0,obgnme,0,
x18_19.900,3.401993428660405,0.0,obgnme,0,
x19_00.000,8.2258460642138,0.0,obgnme,0,
x19_00.100,8.116759508976363,0.0,obgnme,0,
x19_00.200,7.989796573507755,0.0,obgnme,0,
x19_00.300,7.846656094385666,0.0,obgnme,0,
x19_00.400,7.689659860739717,0.0,obgnme,0,
x19_00.500,7.5217172944450725,0.0,obgnme,0,
x19_00.600,7.346257952146685,0.0,obgnme,0,
x19_00.700,7.1671315100231565,0.0,obgnme,0,
x19_00.800,6.988478052795996,0.0,obgnme,0,
x19_00.900,6.814574881289232,0.0,obgnme,0,
x19_01.000,6.649669264663663,0.0,obgnme,0,
x19_01.100,6.49780912535628,0.0,obgnme,0,
x19_01.200,6.362685100428931,0.0,obgnme,0,
x19_01.300,6.2474974090008155,0.0,obgnme,0,
x19_01.400,6.154859280186153,0.0,obgnme,0,
x19_01.500,6.0867454030145725,0.0,obgnme,0,
x19_01.600,6.044489259946614,0.0,obgnme,0,
x19_01.700,6.028827864685518,0.0,obgnme,0,
x19_01.800,6.039987098156382,0.0,obgnme,0,
x19_01.900,6.07779634748311,0.0,obgnme,0,
x19_02.000,6.141818231497825,0.0,obgnme,0,
x19_02.100,6.231478306661035,0.0,obgnme,0,
x19_02.200,6.346180852638834,0.0,obgnme,0,
x19_02.300,6.485399754662203,0.0,obgnme,0,
x19_02.400,6.6487373787347215,0.0,obgnme,0,
x19_02.500,6.835948249218747,0.0,obgnme,0,
x19_02.600,7.046927443179688,0.0,obgnme,0,
x19_02.700,7.281665390015189,0.0,obgnme,0,
x19_02.800,7.540171138095314,0.0,obgnme,0,
x19_02.900,7.822365479536802,0.0,obgnme,0,
x19_03.000,8.127944228477428,0.0,obgnme,0,
x19_03.100,8.456211074254865,0.0,obgnme,0,
x19_03.200,8.805879259854745,0.0,obgnme,0,
x19_03.300,9.174842124187826,0.0,obgnme,0,
x19_03.400,9.559914444593794,0.0,obgnme,0,
x19_03.500,9.956549820526732,0.0,obgnme,0,
x19_03.600,10.358544732755403,0.0,obgnme,0,
x19_03.700,10.757748451253686,0.0,obgnme,0,
x19_03.800,11.14381058139268,0.0,obgnme,0,
x19_03.900,11.50401447980785,0.0,obgnme,0,
x19_04.000,11.823262305608695,0.0,obgnme,0,
x19_04.100,12.084290199173685,0.0,obgnme,0,
x19_04.200,12.268191964042582,0.0,obgnme,0,
x19_04.300,12.355309808543812,0.0,obgnme,0,
x19_04.400,12.32651003380699,0.0,obgnme,0,
x19_04.500,12.16480731364493,0.0,obgnme,0,
x19_04.600,11.857246498556181,0.0,obgnme,0,
x19_04.700,11.396906019708986,0.0,obgnme,0,
x19_04.800,10.784850068315988,0.0,obgnme,0,
x19_04.900,10.031812883063415,0.0,obgnme,0,
x19_05.000,9.159334509597464,0.0,obgnme,0,
x19_05.100,8.199996793846823,0.0,obgnme,0,
x19_05.200,7.196386648394445,0.0,obgnme,0,
x19_05.300,6.198520506518236,0.0,obgnme,0,
x19_05.400,5.259747245468193,0.0,obgnme,0,
x19_05.500,4.431559753867787,0.0,obgnme,0,
x19_05.600,3.7581330373224318,0.0,obgnme,0,
x19_05.700,3.2715796346979995,0.0,obgnme,0,
x19_05.800,2.988768592080639,0.0,obgnme,0,
x19_05.900,2.9101521539229753,0.0,obgnme,0,
x19_06.000,3.0205671291498275,0.0,obgnme,0,
x19_06.100,3.2916094781801997,0.0,obgnme,0,
x19_06.200,3.685006902984761,0.0,obgnme,0,
x19_06.300,4.156412512656735,0.0,obgnme,0,
x19_06.400,4.659139417275203,0.0,obgnme,0,
x19_06.500,5.147486900548228,0.0,obgnme,0,
x19_06.600,5.579440960382324,0.0,obgnme,0,
x19_06.700,5.918655154612507,0.0,obgnme,0,
x19_06.800,6.135726684539723,0.0,obgnme,0,
x19_06.900,6.20886875065613,0.0,obgnme,0,
x19_07.000,6.124132258337185,0.0,obgnme,0,
x19_07.100,5.8753398168807776,0.0,obgnme,0,
x19_07.200,5.4638625670369905,0.0,obgnme,0,
x19_07.300,4.8983062722673,0.0,obgnme,0,
x19_07.400,4.194098193503087,0.0,obgnme,0,
x19_07.500,3.372907169750761,0.0,obgnme,0,
x19_07.600,2.4618095841384777,0.0,obgnme,0,
x19_07.700,1.4921438097849973,0.0,obgnme,0,
x19_07.800,0.4980664967905506,0.0,obgnme,0,
x19_07.900,-0.48508980679032776,0.0,obgnme,0,
x19_08.000,-1.4224890060240922,0.0,obgnme,0,
x19_08.100,-2.281299686269387,0.0,obgnme,0,
x19_08.200,-3.0318759150434267,0.0,obgnme,0,
x19_08.300,-3.648529101340523,0.0,obgnme,0,
x19_08.400,-4.1099215408269725,0.0,obgnme,0,
x19_08.500,-4.39922400975204,0.0,obgnme,0,
x19_08.600,-4.504256631511435,0.0,obgnme,0,
x19_08.700,-4.41784309932025,0.0,obgnme,0,
x19_08.800,-4.13853360396074,0.0,obgnme,0,
x19_08.900,-3.6716934186942436,0.0,obgnme,0,
x19_09.000,-3.0307453522371954,0.0,obgnme,0,
x19_09.100,-2.2381627237178403,0.0,obgnme,0,
x19_09.200,-1.3257222282964343,0.0,obgnme,0,
x19_09.300,-0.3336125855239551,0.0,obgnme,0,
x19_09.400,0.6917395287037502,0.0,obgnme,0,
x19_09.500,1.700903434474226,0.0,obgnme,0,
x19_09.600,2.6452031670432024,0.0,obgnme,0,
x19_09.700,3.480335091937236,0.0,obgnme,0,
x19_09.800,4.169275749219889,0.0,obgnme,0,
x19_09.900,4.684175176790085,0.0,obgnme,0,
x19_10.000,5.0072355005717775,0.0,obgnme,0,
x19_10.100,5.130800172382273,0.0,obgnme,0,
x19_10.200,5.056964285001578,0.0,obgnme,0,
x19_10.300,4.796966487572375,0.0,obgnme,0,
x19_10.400,4.370488746692478,0.0,obgnme,0,
x19_10.500,3.8048372544261775,0.0,obgnme,0,
x19_10.600,3.1338651788844656,0.0,obgnme,0,
x19_10.700,2.396466140566792,0.0,obgnme,0,
x19_10.800,1.6345311112921586,0.0,obgnme,0,
x19_10.900,0.8904047560365657,0.0,obgnme,0,
x19_11.000,0.20405290834509004,0.0,obgnme,0,
x19_11.100,-0.38970540505753515,0.0,obgnme,0,
x19_11.200,-0.863500149911802,0.0,obgnme,0,
x19_11.300,-1.1989162934620603,0.0,obgnme,0,
x19_11.400,-1.3870381409860078,0.0,obgnme,0,
x19_11.500,-1.4280633970595402,0.0,obgnme,0,
x19_11.600,-1.3301797512586653,0.0,obgnme,0,
x19_11.700,-1.1079808948952696,0.0,obgnme,0,
x19_11.800,-0.7807016610000894,0.0,obgnme,0,
x19_11.900,-0.3704977794754176,0.0,obgnme,0,
x19_12.000,0.09908209420657177,0.0,obgnme,0,
x19_12.100,0.6043592180887025,0.0,obgnme,0,
x19_12.200,1.1225073483880443,0.0,obgnme,0,
x19_12.300,1.6322773141004228,0.0,obgnme,0,
x19_12.400,2.1145054114632122,0.0,obgnme,0,
x19_12.500,2.5524536761788625,0.0,obgnme,0,
x19_12.600,2.932027110909392,0.0,obgnme,0,
x19_12.700,3.2419040705738205,0.0,obgnme,0,
x19_12.800,3.473603908815462,0.0,obgnme,0,
x19_12.900,3.6215030516111772,0.0,obgnme,0,
x19_13.000,3.6827992016607896,0.0,obgnme,0,
x19_13.100,3.657415551028423,0.0,obgnme,0,
x19_13.200,3.5478343161654458,0.0,obgnme,0,
x19_13.300,3.3588521659054433,0.0,obgnme,0,
x19_13.400,3.0972582831707607,0.0,obgnme,0,
x19_13.500,2.7714465704257023,0.0,obgnme,0,
x19_13.600,2.390983775220194,0.0,obgnme,0,
x19_13.700,1.9661621820114836,0.0,obgnme,0,
x19_13.800,1.5075672508928872,0.0,obgnme,0,
x19_13.900,1.025687073398668,0.0,obgnme,0,
x19_14.000,0.5305831107529164,0.0,obgnme,0,
x19_14.100,0.0316325286866766,0.0,obgnme,0,
x19_14.200,-0.46265631397613083,0.0,obgnme,0,
x19_14.300,-0.9447605029664343,0.0,obgnme,0,
x19_14.400,-1.4082008639322077,0.0,obgnme,0,
x19_14.500,-1.8475532133740429,0.0,obgnme,0,
x19_14.600,-2.2584237272578345,0.0,obgnme,0,
x19_14.700,-2.637398301402027,0.0,obgnme,0,
x19_14.800,-2.9819740152974457,0.0,obgnme,0,
x19_14.900,-3.2904790553465446,0.0,obgnme,0,
x19_15.000,-3.561985965317079,0.0,obgnme,0,
x19_15.100,-3.7962219509742336,0.0,obgnme,0,
x19_15.200,-3.993479136603004,0.0,obgnme,0,
x19_15.300,-4.154527065306934,0.0,obgnme,0,
x19_15.400,-4.280529259190438,0.0,obgnme,0,
x19_15.500,-4.372965238435618,0.0,obgnme,0,
x19_15.600,-4.4335590004972065,0.0,obgnme,0,
x19_15.700,-4.464214572764666,0.0,obgnme,0,
x19_15.800,-4.466958886066796,0.0,obgnme,0,
x19_15.900,-4.443891894815078,0.0,obgnme,0,
x19_16.000,-4.397143615131726,0.0,obgnme,0,
x19_16.100,-4.328837580066565,0.0,obgnme,0,
x19_16.200,-4.241060123851168,0.0,obgnme,0,
x19_16.300,-4.135834894944728,0.0,obgnme,0,
x19_16.400,-4.015102039989395,0.0,obgnme,0,
x19_16.500,-3.88070157230463,0.0,obgnme,0,
x19_16.600,-3.7343605149788077,0.0,obgnme,0,
x19_16.700,-3.577683472089563,0.0,obgnme,0,
x19_16.800,-3.412146323289143,0.0,obgnme,0,
x19_16.900,-3.2390927568931107,0.0,obgnme,0,
x19_17.000,-3.0597333608143775,0.0,obgnme,0,
x19_17.100,-2.875146987768602,0.0,obgnme,0,
x19_17.200,-2.6862841089097347,0.0,obgnme,0,
x19_17.300,-2.4939718733896954,0.0,obgnme,0,
x19_17.400,-2.2989206018931867,0.0,obgnme,0,
x19_17.500,-2.1017314588687,0.0,obgnme,0,
x19_17.600,-1.9029050682596007,0.0,obgnme,0,
x19_17.700,-1.7028508578749704,0.0,obgnme,0,
x19_17.800,-1.501896935324329,0.0,obgnme,0,
x19_17.900,-1.300300311648222,0.0,obgnme,0,
x19_18.000,-1.0982572962809471,0.0,obgnme,0,
x19_18.100,-0.8959138885201258,0.0,obgnme,0,
x19_18.200,-0.6933759868056386,0.0,obgnme,0,
x19_18.300,-0.4907192292253978,0.0,obgnme,0,
x19_18.400,-0.28799826911753085,0.0,obgnme,0,
x19_18.500,-0.08525528186621292,0.0,obgnme,0,
x19_18.600,0.11747250243911056,0.0,obgnme,0,
x19_18.700,0.3201464353967512,0.0,obgnme,0,
x19_18.800,0.5227214225622393,0.0,obgnme,0,
x19_18.900,0.7251423475303052,0.0,obgnme,0,
x19_19.000,0.9273419871355965,0.0,obgnme,0,
x19_19.100,1.129240355570401,0.0,obgnme,0,
x19_19.200,1.330745294890711,0.0,obgnme,0,
x19_19.300,1.5317540020768925,0.0,obgnme,0,
x19_19.400,1.732155065405434,0.0,obgnme,0,
x19_19.500,1.9318304949018272,0.0,obgnme,0,
x19_19.600,2.1306571914417582,0.0,obgnme,0,
x19_19.700,2.3285073193609547,0.0,obgnme,0,
x19_19.800,2.5252471314324954,0.0,obgnme,0,
x19_19.900,2.7207339346322867,0.0,obgnme,0,
x20_00.000,7.482360157438042,1.0,obgnme,0,1.0
x20_00.100,7.372100623018095,1.0,obgnme,0,1.0
x20_00.200,7.26408603533536,1.0,obgnme,0,1.0
x20_00.300,7.161370291021521,1.0,obgnme,0,1.0
x20_00.400,7.067021663024185,1.0,obgnme,0,1.0
x20_00.500,6.984026633962661,1.0,obgnme,0,1.0
x20_00.600,6.91519860222936,1.0,obgnme,0,1.0
x20_00.700,6.8630996208261745,1.0,obgnme,0,1.0
x20_00.800,6.829982137339999,1.0,obgnme,0,1.0
x20_00.900,6.817755560149911,1.0,obgnme,0,1.0
x20_01.000,6.827979585394797,1.0,obgnme,0,1.0
x20_01.100,6.86188294216196,1.0,obgnme,0,1.0
x20_01.200,6.9204030218929935,1.0,obgnme,0,1.0
x20_01.300,7.0042392537269045,1.0,obgnme,0,1.0
x20_01.400,7.113911493958938,1.0,obgnme,0,1.0
x20_01.500,7.249814351451038,1.0,obgnme,0,1.0
x20_01.600,7.412259243326897,1.0,obgnme,0,1.0
x20_01.700,7.601497758624599,1.0,obgnme,0,1.0
x20_01.800,7.817722079353261,1.0,obgnme,0,1.0
x20_01.900,8.061040168742517,1.0,obgnme,0,1.0
x20_02.000,8.331424681049448,1.0,obgnme,0,1.0
x20_02.100,8.628634823452275,1.0,obgnme,0,1.0
x20_02.200,8.952109796491401,1.0,obgnme,0,1.0
x20_02.300,9.300831379304318,1.0,obgnme,0,1.0
x20_02.400,9.673152377729576,1.0,obgnme,0,1.0
x20_02.500,10.066587787238225,1.0,obgnme,0,1.0
x20_02.600,10.477567364750058,1.0,obgnme,0,1.0
x20_02.700,10.901152421557002,1.0,obgnme,0,1.0
x20_02.800,11.330726376238028,1.0,obgnme,0,1.0
x20_02.900,11.757677975328637,1.0,obgnme,0,1.0
x20_03.000,12.171107747684925,1.0,obgnme,0,1.0
x20_03.100,12.557601326175797,1.0,obgnme,0,1.0
x20_03.200,12.901126158826768,1.0,obgnme,0,1.0
x20_03.300,13.18311838432675,1.0,obgnme,0,1.0
x20_03.400,13.382830918083226,1.0,obgnme,0,1.0
x20_03.500,13.47800809907353,1.0,obgnme,0,1.0
x20_03.600,13.445932594550975,1.0,obgnme,0,1.0
x20_03.700,13.264853743164622,1.0,obgnme,0,1.0
x20_03.800,12.915752833402534,1.0,obgnme,0,1.0
x20_03.900,12.384333979707415,1.0,obgnme,0,1.0
x20_04.000,11.663058881186945,1.0,obgnme,0,1.0
x20_04.100,10.752984713266928,1.0,obgnme,0,1.0
x20_04.200,9.665133832293963,1.0,obgnme,0,1.0
x20_04.300,8.42113552014107,1.0,obgnme,0,1.0
x20_04.400,7.052937818226057,1.0,obgnme,0,1.0
x20_04.500,5.60148381243553,1.0,obgnme,0,1.0
x20_04.600,4.114365415936569,1.0,obgnme,0,1.0
x20_04.700,2.642592102507631,1.0,obgnme,0,1.0
x20_04.800,1.2367312752680852,1.0,obgnme,0,1.0
x20_04.900,-0.057214337193767895,1.0,obgnme,0,1.0
x20_05.000,-1.2017351893700883,1.0,obgnme,0,1.0
x20_05.100,-2.1710332209087024,1.0,obgnme,0,1.0
x20_05.200,-2.9530149481674948,1.0,obgnme,0,1.0
x20_05.300,-3.54963942963974,1.0,obgnme,0,1.0
x20_05.400,-3.9754163845681934,1.0,obgnme,0,1.0
x20_05.500,-4.254182099165138,1.0,obgnme,0,1.0
x20_05.600,-4.414674617323457,1.0,obgnme,0,1.0
x20_05.700,-4.485768599744046,1.0,obgnme,0,1.0
x20_05.800,-4.492370036141022,1.0,obgnme,0,1.0
x20_05.900,-4.452816586473918,1.0,obgnme,0,1.0
x20_06.000,-4.3782073648087065,1.0,obgnme,0,1.0
x20_06.100,-4.273548643172041,1.0,obgnme,0,1.0
x20_06.200,-4.1401474361440584,1.0,obgnme,0,1.0
x20_06.300,-3.978453306060657,1.0,obgnme,0,1.0
x20_06.400,-3.790567855072308,1.0,obgnme,0,1.0
x20_06.500,-3.581846367466871,1.0,obgnme,0,1.0
x20_06.600,-3.3613080865408427,1.0,obgnme,0,1.0
x20_06.700,-3.1408671543643365,1.0,obgnme,0,1.0
x20_06.800,-2.933643610863346,1.0,obgnme,0,1.0
x20_06.900,-2.7517846047567205,1.0,obgnme,0,1.0
x20_07.000,-2.6043023826126475,1.0,obgnme,0,1.0
x20_07.100,-2.4954082747757718,1.0,obgnme,0,1.0
x20_07.200,-2.4236969643871973,1.0,obgnme,0,1.0
x20_07.300,-2.38234129769731,1.0,obgnme,0,1.0
x20_07.400,-2.3602423215313157,1.0,obgnme,0,1.0
x20_07.500,-2.343894555369816,1.0,obgnme,0,1.0
x20_07.600,-2.3196122532583416,1.0,obgnme,0,1.0
x20_07.700,-2.2757332000037453,1.0,obgnme,0,1.0
x20_07.800,-2.204461203179018,1.0,obgnme,0,1.0
x20_07.900,-2.10309912352242,1.0,obgnme,0,1.0
x20_08.000,-1.9745306088817371,1.0,obgnme,0,1.0
x20_08.100,-1.8269090547192395,1.0,obgnme,0,1.0
x20_08.200,-1.6725980800798241,1.0,obgnme,0,1.0
x20_08.300,-1.5264799822012758,1.0,obgnme,0,1.0
x20_08.400,-1.4038111264209523,1.0,obgnme,0,1.0
x20_08.500,-1.3178577667682894,1.0,obgnme,0,1.0
x20_08.600,-1.27759035582237,1.0,obgnme,0,1.0
x20_08.700,-1.2857432769296249,1.0,obgnme,0,1.0
x20_08.800,-1.337549813015872,1.0,obgnme,0,1.0
x20_08.900,-1.4204231151474778,1.0,obgnme,0,1.0
x20_09.000,-1.5147549563528444,1.0,obgnme,0,1.0
x20_09.100,-1.5958372797007039,1.0,obgnme,0,1.0
x20_09.200,-1.6366961541170333,1.0,obgnme,0,1.0
x20_09.300,-1.6114179803898172,1.0,obgnme,0,1.0
x20_09.400,-1.4984177586045115,1.0,obgnme,0,1.0
x20_09.500,-1.2831058250701635,1.0,obgnme,0,1.0
x20_09.600,-0.9595565482538867,1.0,obgnme,0,1.0
x20_09.700,-0.5310148681983775,1.0,obgnme,0,1.0
x20_09.800,-0.00931050414361112,1.0,obgnme,0,1.0
x20_09.900,0.5865834342953807,1.0,obgnme,0,1.0
x20_10.000,1.232537750993668,0.0,obgnme,0,
x20_10.100,1.9014993289902784,0.0,obgnme,0,
x20_10.200,2.5657250512549177,0.0,obgnme,0,
x20_10.300,3.1988484009916798,0.0,obgnme,0,
x20_10.400,3.77767515351805,0.0,obgnme,0,
x20_10.500,4.283647308106827,0.0,obgnme,0,
x20_10.600,4.703929815371666,0.0,obgnme,0,
x20_10.700,5.03206774423117,0.0,obgnme,0,
x20_10.800,5.2681474137414,0.0,obgnme,0,
x20_10.900,5.418396800901289,0.0,obgnme,0,
x20_11.000,5.4942010231703575,0.0,obgnme,0,
x20_11.100,5.510596259742889,0.0,obgnme,0,
x20_11.200,5.484421838650747,0.0,obgnme,0,
x20_11.300,5.432411646726293,0.0,obgnme,0,
x20_11.400,5.3695430609245545,0.0,obgnme,0,
x20_11.500,5.307907617776996,0.0,obgnme,0,
x20_11.600,5.256236525642484,0.0,obgnme,0,
x20_11.700,5.220053814019078,0.0,obgnme,0,
x20_11.800,5.202296515011721,0.0,obgnme,0,
x20_11.900,5.204172079059825,0.0,obgnme,0,
x20_12.000,5.226024597411429,0.0,obgnme,0,
x20_12.100,5.268034445334854,0.0,obgnme,0,
x20_12.200,5.330651703001757,0.0,obgnme,0,
x20_12.300,5.414737121278125,0.0,obgnme,0,
x20_12.400,5.521441261397331,0.0,obgnme,0,
x20_12.500,5.651889037813136,0.0,obgnme,0,
x20_12.600,5.806755768363871,0.0,obgnme,0,
x20_12.700,5.9858261298902224,0.0,obgnme,0,
x20_12.800,6.187622034347291,0.0,obgnme,0,
x20_12.900,6.409170523117701,0.0,obgnme,0,
x20_13.000,6.645958896672186,0.0,obgnme,0,
x20_13.100,6.892093193959653,0.0,obgnme,0,
x20_13.200,7.140641860192996,0.0,obgnme,0,
x20_13.300,7.384115144872068,0.0,obgnme,0,
x20_13.400,7.61500911384536,0.0,obgnme,0,
x20_13.500,7.826336008641266,0.0,obgnme,0,
x20_13.600,8.01207122239001,0.0,obgnme,0,
x20_13.700,8.16746833489683,0.0,obgnme,0,
x20_13.800,8.289221283424258,0.0,obgnme,0,
x20_13.900,8.375479739135164,0.0,obgnme,0,
x20_14.000,8.42574436213161,0.0,obgnme,0,
x20_14.100,8.440679849957146,0.0,obgnme,0,
x20_14.200,8.421885584811664,0.0,obgnme,0,
x20_14.300,8.371658416453137,0.0,obgnme,0,
x20_14.400,8.292772840435074,0.0,obgnme,0,
x20_14.500,8.188293546611835,0.0,obgnme,0,
x20_14.600,8.061426202706432,0.0,obgnme,0,
x20_14.700,7.915405564655319,0.0,obgnme,0,
x20_14.800,7.753415850185989,0.0,obgnme,0,
x20_14.900,7.578536466567415,0.0,obgnme,0,
x20_15.000,7.393706053047676,0.0,obgnme,0,
x20_15.100,7.201698734194713,0.0,obgnme,0,
x20_15.200,7.0051079192963135,0.0,obgnme,0,
x20_15.300,6.806334509250412,0.0,obgnme,0,
x20_15.400,6.6075777237287685,0.0,obgnme,0,
x20_15.500,6.410827806232759,0.0,obgnme,0,
x20_15.600,6.217860567717551,0.0,obgnme,0,
x20_15.700,6.030234117353818,0.0,obgnme,0,
x20_15.800,5.849288261280874,0.0,obgnme,0,
x20_15.900,5.676146997976828,0.0,obgnme,0,
x20_16.000,5.511724370825188,0.0,obgnme,0,
x20_16.100,5.35673371330077,0.0,obgnme,0,
x20_16.200,5.211700085817085,0.0,obgnme,0,
x20_16.300,5.076975488914189,0.0,obgnme,0,
x20_16.400,4.952756267297929,0.0,obgnme,0,
x20_16.500,4.839102006167731,0.0,obgnme,0,
x20_16.600,4.735955170305898,0.0,obgnme,0,
x20_16.700,4.643160745690026,0.0,obgnme,0,
x20_16.800,4.5604852052061995,0.0,obgnme,0,
x20_16.900,4.48763422218268,0.0,obgnme,0,
x20_17.000,4.4242686831582825,0.0,obgnme,0,
x20_17.100,4.370018689389263,0.0,obgnme,0,
x20_17.200,4.324495371573048,0.0,obgnme,0,
x20_17.300,4.287300463713031,0.0,obgnme,0,
x20_17.400,4.25803368329902,0.0,obgnme,0,
x20_17.500,4.2362980429988575,0.0,obgnme,0,
x20_17.600,4.2217032737944775,0.0,obgnme,0,
x20_17.700,4.21386757297113,0.0,obgnme,0,
x20_17.800,4.212417905767352,0.0,obgnme,0,
x20_17.900,4.21698909040881,0.0,obgnme,0,
x20_18.000,4.22722188614696,0.0,obgnme,0,
x20_18.100,4.24276028583565,0.0,obgnme,0,
x20_18.200,4.263248190999743,0.0,obgnme,0,
x20_18.300,4.288325620294251,0.0,obgnme,0,
x20_18.400,4.317624573426884,0.0,obgnme,0,
x20_18.500,4.350764643655893,0.0,obgnme,0,
x20_18.600,4.387348444685567,0.0,obgnme,0,
x20_18.700,4.426956894336993,0.0,obgnme,0,
x20_18.800,4.4691443803859405,0.0,obgnme,0,
x20_18.900,4.513433826379295,0.0,obgnme,0,
x20_19.000,4.559311679998412,0.0,obgnme,0,
x20_19.100,4.6062228659561155,0.0,obgnme,0,
x20_19.200,4.653565780428597,0.0,obgnme,0,
x20_19.300,4.70068745337023,0.0,obgnme,0,
x20_19.400,4.746879064690612,0.0,obgnme,0,
x20_19.500,4.791372063299324,0.0,obgnme,0,
x20_19.600,4.833335195422734,0.0,obgnme,0,
x20_19.700,4.871872790741455,0.0,obgnme,0,
x20_19.800,4.906024673641958,0.0,obgnme,0,
x20_19.900,4.934768057636953,0.0,obgnme,0,
x21_00.000,7.842248886845896,0.0,obgnme,0,
x21_00.100,7.7653782357393695,0.0,obgnme,0,
x21_00.200,7.703278095786237,0.0,obgnme,0,
x21_00.300,7.657587096980963,0.0,obgnme,0,
x21_00.400,7.62971272606567,0.0,obgnme,0,
x21_00.500,7.6208152850770166,0.0,obgnme,0,
x21_00.600,7.631805584545231,0.0,obgnme,0,
x21_00.700,7.663352610458826,0.0,obgnme,0,
x21_00.800,7.715896462442479,0.0,obgnme,0,
x21_00.900,7.7896614863469145,0.0,obgnme,0,
x21_01.000,7.884664696107472,0.0,obgnme,0,
x21_01.100,8.000715154005208,0.0,obgnme,0,
x21_01.200,8.137400729252722,0.0,obgnme,0,
x21_01.300,8.294059341652154,0.0,obgnme,0,
x21_01.400,8.469732245231734,0.0,obgnme,0,
x21_01.500,8.663097075443655,0.0,obgnme,0,
x21_01.600,8.872378400691014,0.0,obgnme,0,
x21_01.700,9.095233672608135,0.0,obgnme,0,
x21_01.800,9.32861315877138,0.0,obgnme,0,
x21_01.900,9.568594103174716,0.0,obgnme,0,
x21_02.000,9.81019238887067,0.0,obgnme,0,
x21_02.100,10.047159653844066,0.0,obgnme,0,
x21_02.200,10.271780234438351,0.0,obgnme,0,
x21_02.300,10.474690326567076,0.0,obgnme,0,
x21_02.400,10.644750862960104,0.0,obgnme,0,
x21_02.500,10.769014833502805,0.0,obgnme,0,
x21_02.600,10.83283754522325,0.0,obgnme,0,
x21_02.700,10.82018234519944,0.0,obgnme,0,
x21_02.800,10.714171681059705,0.0,obgnme,0,
x21_02.900,10.497920809229221,0.0,obgnme,0,
x21_03.000,10.155666175656984,0.0,obgnme,0,
x21_03.100,9.674161262120865,0.0,obgnme,0,
x21_03.200,9.044261185876023,0.0,obgnme,0,
x21_03.300,8.262559147423675,0.0,obgnme,0,
x21_03.400,7.332882586720819,0.0,obgnme,0,
x21_03.500,6.26741731223035,0.0,obgnme,0,
x21_03.600,5.0872176740538215,0.0,obgnme,0,
x21_03.700,3.8218926184784157,0.0,obgnme,0,
x21_03.800,2.508339941590962,0.0,obgnme,0,
x21_03.900,1.1885351595890676,0.0,obgnme,0,
x21_04.000,-0.09344645733571633,0.0,obgnme,0,
x21_04.100,-1.2948210300619967,0.0,obgnme,0,
x21_04.200,-2.3774244000816234,0.0,obgnme,0,
x21_04.300,-3.3104906908110046,0.0,obgnme,0,
x21_04.400,-4.07252196346682,0.0,obgnme,0,
x21_04.500,-4.652121852749479,0.0,obgnme,0,
x21_04.600,-5.047907013886156,0.0,obgnme,0,
x21_04.700,-5.267749572858004,0.0,obgnme,0,
x21_04.800,-5.327583376352771,0.0,obgnme,0,
x21_04.900,-5.249865225871821,0.0,obgnme,0,
x21_05.000,-5.061640201840042,0.0,obgnme,0,
x21_05.100,-4.792147596132455,0.0,obgnme,0,
x21_05.200,-4.470068531777905,0.0,obgnme,0,
x21_05.300,-4.1207747256370215,0.0,obgnme,0,
x21_05.400,-3.76411584495154,0.0,obgnme,0,
x21_05.500,-3.413232687535266,0.0,obgnme,0,
x21_05.600,-3.074597555985922,0.0,obgnme,0,
x21_05.700,-2.749110124750587,0.0,obgnme,0,
x21_05.800,-2.4338156169941176,0.0,obgnme,0,
x21_05.900,-2.123769597021206,0.0,obgnme,0,
x21_06.000,-1.8137065804267147,0.0,obgnme,0,
x21_06.100,-1.4993457737048554,0.0,obgnme,0,
x21_06.200,-1.178279521230631,0.0,obgnme,0,
x21_06.300,-0.8504216120128365,0.0,obgnme,0,
x21_06.400,-0.5179968943558637,0.0,obgnme,0,
x21_06.500,-0.18508949212222653,0.0,obgnme,0,
x21_06.600,0.1431507760492,0.0,obgnme,0,
x21_06.700,0.46144932412523654,0.0,obgnme,0,
x21_06.800,0.7652468525880602,0.0,obgnme,0,
x21_06.900,1.0512151884713836,0.0,obgnme,0,
x21_07.000,1.3173298721783036,0.0,obgnme,0,
x21_07.100,1.5625290623130084,0.0,obgnme,0,
x21_07.200,1.7861272916914748,0.0,obgnme,0,
x21_07.300,1.9872317495889962,0.0,obgnme,0,
x21_07.400,2.1644003622426387,0.0,obgnme,0,
x21_07.500,2.3156886507019214,0.0,obgnme,0,
x21_07.600,2.4390888556614585,0.0,obgnme,0,
x21_07.700,2.5332200462835632,0.0,obgnme,0,
x21_07.800,2.5980317708497935,0.0,obgnme,0,
x21_07.900,2.6352689693517766,0.0,obgnme,0,
x21_08.000,2.648516656649624,0.0,obgnme,0,
x21_08.100,2.642774316085796,0.0,obgnme,0,
x21_08.200,2.6236576960883213,0.0,obgnme,0,
x21_08.300,2.5964426380211956,0.0,obgnme,0,
x21_08.400,2.5652176059919514,0.0,obgnme,0,
x21_08.500,2.5323865534815333,0.0,obgnme,0,
x21_08.600,2.4986709278421904,0.0,obgnme,0,
x21_08.700,2.4636229752826755,0.0,obgnme,0,
x21_08.800,2.426513471794882,0.0,obgnme,0,
x21_08.900,2.387330726817373,0.0,obgnme,0,
x21_09.000,2.347561808626529,0.0,obgnme,0,
x21_09.100,2.310455998241354,0.0,obgnme,0,
x21_09.200,2.2806103940548272,0.0,obgnme,0,
x21_09.300,2.2629440198215987,0.0,obgnme,0,
x21_09.400,2.2613654416851703,0.0,obgnme,0,
x21_09.500,2.2775874459648873,0.0,obgnme,0,
x21_09.600,2.3105228289051976,0.0,obgnme,0,
x21_09.700,2.3565050166147805,0.0,obgnme,0,
x21_09.800,2.4102966072173095,0.0,obgnme,0,
x21_09.900,2.46659673827368,0.0,obgnme,0,
x21_10.000,2.5216256545480014,0.0,obgnme,0,
x21_10.100,2.57437611755661,0.0,obgnme,0,
x21_10.200,2.6272401968771217,0.0,obgnme,0,
x21_10.300,2.685886464096786,0.0,obgnme,0,
x21_10.400,2.758427136909999,0.0,obgnme,0,
x21_10.500,2.854050998628423,0.0,obgnme,0,
x21_10.600,2.9813952884275245,0.0,obgnme,0,
x21_10.700,3.1469794091912986,0.0,obgnme,0,
x21_10.800,3.3540123115140306,0.0,obgnme,0,
x21_10.900,3.6018039181324726,0.0,obgnme,0,
x21_11.000,3.885866899765769,0.0,obgnme,0,
x21_11.100,4.198623836178868,0.0,obgnme,0,
x21_11.200,4.5304918002599965,0.0,obgnme,0,
x21_11.300,4.871052798955994,0.0,obgnme,0,
x21_11.400,5.210053210379937,0.0,obgnme,0,
x21_11.500,5.538083862954078,0.0,obgnme,0,
x21_11.600,5.8469212153188845,0.0,obgnme,0,
x21_11.700,6.129606767011866,0.0,obgnme,0,
x21_11.800,6.380379945135971,0.0,obgnme,0,
x21_11.900,6.594564721234001,0.0,obgnme,0,
x21_12.000,6.768467525462789,0.0,obgnme,0,
x21_12.100,6.899301208863134,0.0,obgnme,0,
x21_12.200,6.985124078659431,0.0,obgnme,0,
x21_12.300,7.024778082781968,0.0,obgnme,0,
x21_12.400,7.017819925254964,0.0,obgnme,0,
x21_12.500,6.964453349642862,0.0,obgnme,0,
x21_12.600,6.865481266570909,0.0,obgnme,0,
x21_12.700,6.722297772143503,0.0,obgnme,0,
x21_12.800,6.5369316112361195,0.0,obgnme,0,
x21_12.900,6.3121370428509405,0.0,obgnme,0,
x21_13.000,6.051510375350057,0.0,obgnme,0,
x21_13.100,5.759596350813385,0.0,obgnme,0,
x21_13.200,5.441942817878713,0.0,obgnme,0,
x21_13.300,5.105067136071841,0.0,obgnme,0,
x21_13.400,4.756312746210424,0.0,obgnme,0,
x21_13.500,4.403595572988585,0.0,obgnme,0,
x21_13.600,4.055061828023346,0.0,obgnme,0,
x21_13.700,3.7186957762237336,0.0,obgnme,0,
x21_13.800,3.4019242875365494,0.0,obgnme,0,
x21_13.900,3.1112634601717306,0.0,obgnme,0,
x21_14.000,2.852042922437524,0.0,obgnme,0,
x21_14.100,2.6282290023573105,0.0,obgnme,0,
x21_14.200,2.4423526170067715,0.0,obgnme,0,
x21_14.300,2.2955345719341693,0.0,obgnme,0,
x21_14.400,2.1875917470524175,0.0,obgnme,0,
x21_14.500,2.1172028054402534,0.0,obgnme,0,
x21_14.600,2.0821110380950953,0.0,obgnme,0,
x21_14.700,2.079343698000869,0.0,obgnme,0,
x21_14.800,2.1054305506792113,0.0,obgnme,0,
x21_14.900,2.1566084258121943,0.0,obgnme,0,
x21_15.000,2.229002625052929,0.0,obgnme,0,
x21_15.100,2.318779723106951,0.0,obgnme,0,
x21_15.200,2.422269397052451,0.0,obgnme,0,
x21_15.300,2.53605537156537,0.0,obgnme,0,
x21_15.400,2.6570373905989912,0.0,obgnme,0,
x21_15.500,2.782467373247589,0.0,obgnme,0,
x21_15.600,2.909963655242231,0.0,obgnme,0,
x21_15.700,3.037507538349478,0.0,obgnme,0,
x21_15.800,3.163426351965716,0.0,obgnme,0,
x21_15.900,3.2863669586004907,0.0,obgnme,0,
x21_16.000,3.4052631883765216,0.0,obgnme,0,
x21_16.100,3.5193001404656106,0.0,obgnme,0,
x21_16.200,3.6278777041401487,0.0,obgnme,0,
x21_16.300,3.7305750784587426,0.0,obgnme,0,
x21_16.400,3.8271175432906688,0.0,obgnme,0,
x21_16.500,3.9173462779426016,0.0,obgnme,0,
x21_16.600,4.00119164807764,0.0,obgnme,0,
x21_16.700,4.078650088745994,0.0,obgnme,0,
x21_16.800,4.1497644964176965,0.0,obgnme,0,
x21_16.900,4.214607896963712,0.0,obgnme,0,
x21_17.000,4.273270068440482,0.0,obgnme,0,
x21_17.100,4.325846755538622,0.0,obgnme,0,
x21_17.200,4.372431105374565,0.0,obgnme,0,
x21_17.300,4.413106971814868,0.0,obgnme,0,
x21_17.400,4.447943769145255,0.0,obgnme,0,
x21_17.500,4.476992598715427,0.0,obgnme,0,
x21_17.600,4.500283418912091,0.0,obgnme,0,
x21_17.700,4.517823075600419,0.0,obgnme,0,
x21_17.800,4.529594054421278,0.0,obgnme,0,
x21_17.900,4.535553856403558,0.0,obgnme,0,
x21_18.000,4.535634933333392,0.0,obgnme,0,
x21_18.100,4.529745148795137,0.0,obgnme,0,
x21_18.200,4.517768754654216,0.0,obgnme,0,
x21_18.300,4.499567891059452,0.0,obgnme,0,
x21_18.400,4.474984630973094,0.0,obgnme,0,
x21_18.500,4.443843598032573,0.0,obgnme,0,
x21_18.600,4.405955189536565,0.0,obgnme,0,
x21_18.700,4.361119434978339,0.0,obgnme,0,
x21_18.800,4.309130515432311,0.0,obgnme,0,
x21_18.900,4.249781961018985,0.0,obgnme,0,
x21_19.000,4.1828725335437875,0.0,obgnme,0,
x21_19.100,4.108212790154286,0.0,obgnme,0,
x21_19.200,4.0256323122349515,0.0,obgnme,0,
x21_19.300,3.934987572081416,0.0,obgnme,0,
x21_19.400,3.836170397831633,0.0,obgnme,0,
x21_19.500,3.7291169835461604,0.0,obgnme,0,
x21_19.600,3.6138173743343387,0.0,obgnme,0,
x21_19.700,3.4903253336540097,0.0,obgnme,0,
x21_19.800,3.3587684690503368,0.0,obgnme,0,
x21_19.900,3.219358452039528,0.0,obgnme,0,
x22_00.000,7.086688919454359,1.0,obgnme,0,1.0
x22_00.100,7.138432554824403,1.0,obgnme,0,1.0
x22_00.200,7.203489135369266,1.0,obgnme,0,1.0
x22_00.300,7.282214834755416,1.0,obgnme,0,1.0
x22_00.400,7.374648636298529,1.0,obgnme,0,1.0
x22_00.500,7.480518340056097,1.0,obgnme,0,1.0
x22_00.600,7.599238779787773,1.0,obgnme,0,1.0
x22_00.700,7.729900301204421,1.0,obgnme,0,1.0
x22_00.800,7.871245994141668,1.0,obgnme,0,1.0
x22_00.900,8.021636714796506,1.0,obgnme,0,1.0
x22_01.000,8.179003617441607,1.0,obgnme,0,1.0
x22_01.100,8.340788823407168,1.0,obgnme,0,1.0
x22_01.200,8.503876102257559,1.0,obgnme,0,1.0
x22_01.300,8.664515137112469,1.0,obgnme,0,1.0
x22_01.400,8.818245166435368,1.0,obgnme,0,1.0
x22_01.500,8.959826541043864,1.0,obgnme,0,1.0
x22_01.600,9.083191911130042,1.0,obgnme,0,1.0
x22_01.700,9.181432142650774,1.0,obgnme,0,1.0
x22_01.800,9.246835283088371,1.0,obgnme,0,1.0
x22_01.900,9.270999398751716,1.0,obgnme,0,1.0
x22_02.000,9.245041123793598,1.0,obgnme,0,1.0
x22_02.100,9.159920309892327,1.0,obgnme,0,1.0
x22_02.200,9.006896088927167,1.0,obgnme,0,1.0
x22_02.300,8.778119783778315,1.0,obgnme,0,1.0
x22_02.400,8.467354529761415,1.0,obgnme,0,1.0
x22_02.500,8.07079004694913,1.0,obgnme,0,1.0
x22_02.600,7.58789489021632,1.0,obgnme,0,1.0
x22_02.700,7.022220713208466,1.0,obgnme,0,1.0
x22_02.800,6.382048751781287,1.0,obgnme,0,1.0
x22_02.900,5.6807547855962595,1.0,obgnme,0,1.0
x22_03.000,4.936772710074824,1.0,obgnme,0,1.0
x22_03.100,4.173064133240335,1.0,obgnme,0,1.0
x22_03.200,3.4160527517679746,1.0,obgnme,0,1.0
x22_03.300,2.694050770328948,1.0,obgnme,0,1.0
x22_03.400,2.0352758851075743,1.0,obgnme,0,1.0
x22_03.500,1.4656140037002006,1.0,obgnme,0,1.0
x22_03.600,1.0063136276209523,1.0,obgnme,0,1.0
x22_03.700,0.6718063159327122,1.0,obgnme,0,1.0
x22_03.800,0.46785313983930854,1.0,obgnme,0,1.0
x22_03.900,0.3902408964131738,1.0,obgnme,0,1.0
x22_04.000,0.4242938108304862,1.0,obgnme,0,1.0
x22_04.100,0.5454877771736073,1.0,obgnme,0,1.0
x22_04.200,0.7213885426521968,1.0,obgnme,0,1.0
x22_04.300,0.9149321200312103,1.0,obgnme,0,1.0
x22_04.400,1.0887413410140547,1.0,obgnme,0,1.0
x22_04.500,1.209826232285955,1.0,obgnme,0,1.0
x22_04.600,1.2537902450909655,1.0,obgnme,0,1.0
x22_04.700,1.2076716950347783,1.0,obgnme,0,1.0
x22_04.800,1.0708166452021837,1.0,obgnme,0,1.0
x22_04.900,0.8536381572028595,1.0,obgnme,0,1.0
x22_05.000,0.5746335407130156,1.0,obgnme,0,1.0
x22_05.100,0.256446920391861,1.0,obgnme,0,1.0
x22_05.200,-0.07805836418872875,1.0,obgnme,0,1.0
x22_05.300,-0.40887595469967936,1.0,obgnme,0,1.0
x22_05.400,-0.7206078519878348,1.0,obgnme,0,1.0
x22_05.500,-1.0028721993154104,1.0,obgnme,0,1.0
x22_05.600,-1.2497060700309262,1.0,obgnme,0,1.0
x22_05.700,-1.4584515039478547,1.0,obgnme,0,1.0
x22_05.800,-1.6285636416457867,1.0,obgnme,0,1.0
x22_05.900,-1.7606238558036564,1.0,obgnme,0,1.0
x22_06.000,-1.8556779313796081,1.0,obgnme,0,1.0
x22_06.100,-1.9149026872494381,1.0,obgnme,0,1.0
x22_06.200,-1.939537722207093,1.0,obgnme,0,1.0
x22_06.300,-1.930985154928188,1.0,obgnme,0,1.0
x22_06.400,-1.8909673522679276,1.0,obgnme,0,1.0
x22_06.500,-1.8216405006176117,1.0,obgnme,0,1.0
x22_06.600,-1.7255935538683422,1.0,obgnme,0,1.0
x22_06.700,-1.6057129907230072,1.0,obgnme,0,1.0
x22_06.800,-1.4649483181495333,1.0,obgnme,0,1.0
x22_06.900,-1.306051381836466,1.0,obgnme,0,1.0
x22_07.000,-1.1313710381556739,1.0,obgnme,0,1.0
x22_07.100,-0.9427639952339181,1.0,obgnme,0,1.0
x22_07.200,-0.7416445619147136,1.0,obgnme,0,1.0
x22_07.300,-0.5291556764979419,1.0,obgnme,0,1.0
x22_07.400,-0.30641161316513954,1.0,obgnme,0,1.0
x22_07.500,-0.07474411967077399,1.0,obgnme,0,1.0
x22_07.600,0.1641192269130576,1.0,obgnme,0,1.0
x22_07.700,0.4080009320446198,1.0,obgnme,0,1.0
x22_07.800,0.6543681554633503,1.0,obgnme,0,1.0
x22_07.900,0.9005575702001709,1.0,obgnme,0,1.0
x22_08.000,1.1440724414728831,1.0,obgnme,0,1.0
x22_08.100,1.3828726284126498,1.0,obgnme,0,1.0
x22_08.200,1.6155839557012974,1.0,obgnme,0,1.0
x22_08.300,1.841582346527316,1.0,obgnme,0,1.0
x22_08.400,2.0609462752381886,1.0,obgnme,0,1.0
x22_08.500,2.274302665375147,1.0,obgnme,0,1.0
x22_08.600,2.482607507880865,1.0,obgnme,0,1.0
x22_08.700,2.68690469043563,1.0,obgnme,0,1.0
x22_08.800,2.888102401861711,1.0,obgnme,0,1.0
x22_08.900,3.086801515729003,1.0,obgnme,0,1.0
x22_09.000,3.283202543530287,1.0,obgnme,0,1.0
x22_09.100,3.477100098137865,1.0,obgnme,0,1.0
x22_09.200,3.6679441761182194,1.0,obgnme,0,1.0
x22_09.300,3.8549173632739016,1.0,obgnme,0,1.0
x22_09.400,4.036968303387626,1.0,obgnme,0,1.0
x22_09.500,4.212770195568599,1.0,obgnme,0,1.0
x22_09.600,4.38063001079333,1.0,obgnme,0,1.0
x22_09.700,4.5384256329317365,1.0,obgnme,0,1.0
x22_09.800,4.683657141387145,1.0,obgnme,0,1.0
x22_09.900,4.81365287748189,1.0,obgnme,0,1.0
x22_10.000,4.925894076433704,0.0,obgnme,0,
x22_10.100,5.018356822469915,0.0,obgnme,0,
x22_10.200,5.089752067597768,0.0,obgnme,0,
x22_10.300,5.139581309084214,0.0,obgnme,0,
x22_10.400,5.167997059674333,0.0,obgnme,0,
x22_10.500,5.175529039485912,0.0,obgnme,0,
x22_10.600,5.162778167455993,0.0,obgnme,0,
x22_10.700,5.130176586063747,0.0,obgnme,0,
x22_10.800,5.077869712503904,0.0,obgnme,0,
x22_10.900,5.005718669865237,0.0,obgnme,0,
x22_11.000,4.913376384579253,0.0,obgnme,0,
x22_11.100,4.800377330817765,0.0,obgnme,0,
x22_11.200,4.666200408139329,0.0,obgnme,0,
x22_11.300,4.510300444298478,0.0,obgnme,0,
x22_11.400,4.332133542972985,0.0,obgnme,0,
x22_11.500,4.131209520851058,0.0,obgnme,0,
x22_11.600,3.907190375037076,0.0,obgnme,0,
x22_11.700,3.6600284807130787,0.0,obgnme,0,
x22_11.800,3.390116448548393,0.0,obgnme,0,
x22_11.900,3.0984116879538854,0.0,obgnme,0,
x22_12.000,2.786504335529279,0.0,obgnme,0,
x22_12.100,2.456612922069697,0.0,obgnme,0,
x22_12.200,2.11151111327555,0.0,obgnme,0,
x22_12.300,1.754404770253471,0.0,obgnme,0,
x22_12.400,1.388787371688227,0.0,obgnme,0,
x22_12.500,1.0183021772712864,0.0,obgnme,0,
x22_12.600,0.6466324547917875,0.0,obgnme,0,
x22_12.700,0.2774293574452264,0.0,obgnme,0,
x22_12.800,-0.08572590082135645,0.0,obgnme,0,
x22_12.900,-0.4393396575030668,0.0,obgnme,0,
x22_13.000,-0.7800231464161801,0.0,obgnme,0,
x22_13.100,-1.1045290905046623,0.0,obgnme,0,
x22_13.200,-1.4098205133082056,0.0,obgnme,0,
x22_13.300,-1.6931739044830967,0.0,obgnme,0,
x22_13.400,-1.9523068475244387,0.0,obgnme,0,
x22_13.500,-2.1855105203941383,0.0,obgnme,0,
x22_13.600,-2.3917629326928735,0.0,obgnme,0,
x22_13.700,-2.570800530936423,0.0,obgnme,0,
x22_13.800,-2.7231330547576023,0.0,obgnme,0,
x22_13.900,-2.8499968724848843,0.0,obgnme,0,
x22_14.000,-2.9532525026261554,0.0,obgnme,0,
x22_14.100,-3.0352401486000478,0.0,obgnme,0,
x22_14.200,-3.098611485057132,0.0,obgnme,0,
x22_14.300,-3.146156530198722,0.0,obgnme,0,
x22_14.400,-3.180642031727929,0.0,obgnme,0,
x22_14.500,-3.204673605668131,0.0,obgnme,0,
x22_14.600,-3.220589082089091,0.0,obgnme,0,
x22_14.700,-3.2303860177233017,0.0,obgnme,0,
x22_14.800,-3.235682651085035,0.0,obgnme,0,
x22_14.900,-3.2377089019837926,0.0,obgnme,0,
x22_15.000,-3.2373223392086534,0.0,obgnme,0,
x22_15.100,-3.235043225203529,0.0,obgnme,0,
x22_15.200,-3.231102616572992,0.0,obgnme,0,
x22_15.300,-3.2254978723879124,0.0,obgnme,0,
x22_15.400,-3.2180506329114515,0.0,obgnme,0,
x22_15.500,-3.2084632374606437,0.0,obgnme,0,
x22_15.600,-3.196370534638951,0.0,obgnme,0,
x22_15.700,-3.1813850088654028,0.0,obgnme,0,
x22_15.800,-3.163134035703359,0.0,obgnme,0,
x22_15.900,-3.141288839414,0.0,obgnme,0,
x22_16.000,-3.1155853346305507,0.0,obgnme,0,
x22_16.100,-3.0858374831024844,0.0,obgnme,0,
x22_16.200,-3.051944093263865,0.0,obgnme,0,
x22_16.300,-3.0138901521580133,0.0,obgnme,0,
x22_16.400,-2.9717438292664466,0.0,obgnme,0,
x22_16.500,-2.925650255813003,0.0,obgnme,0,
x22_16.600,-2.875823086597597,0.0,obgnme,0,
x22_16.700,-2.8225347174768083,0.0,obgnme,0,
x22_16.800,-2.7661058797819003,0.0,obgnme,0,
x22_16.900,-2.706895178599802,0.0,obgnme,0,
x22_17.000,-2.64528899604249,0.0,obgnme,0,
x22_17.100,-2.5816920505741066,0.0,obgnme,0,
x22_17.200,-2.516518792988232,0.0,obgnme,0,
x22_17.300,-2.450185729937561,0.0,obgnme,0,
x22_17.400,-2.3831046963377958,0.0,obgnme,0,
x22_17.500,-2.315677046621033,0.0,obgnme,0,
x22_17.600,-2.248288699198691,0.0,obgnme,0,
x22_17.700,-2.1813059459144375,0.0,obgnme,0,
x22_17.800,-2.11507192612979,0.0,obgnme,0,
x22_17.900,-2.0499036610718457,0.0,obgnme,0,
x22_18.000,-1.9860895462236514,0.0,obgnme,0,
x22_18.100,-1.9238872062647194,0.0,obgnme,0,
x22_18.200,-1.863521627130347,0.0,obgnme,0,
x22_18.300,-1.805183492214143,0.0,obgnme,0,
x22_18.400,-1.7490276639025342,0.0,obgnme,0,
x22_18.500,-1.6951717670280553,0.0,obgnme,0,
x22_18.600,-1.643694847163428,0.0,obgnme,0,
x22_18.700,-1.5946360938096387,0.0,obgnme,0,
x22_18.800,-1.547993636453294,0.0,obgnme,0,
x22_18.900,-1.5037234402863138,0.0,obgnme,0,
x22_19.000,-1.4617383482634347,0.0,obgnme,0,
x22_19.100,-1.421907337273027,0.0,obgnme,0,
x22_19.200,-1.3840550785275958,0.0,obgnme,0,
x22_19.300,-1.34796191554825,0.0,obgnme,0,
x22_19.400,-1.3133643965274795,0.0,obgnme,0,
x22_19.500,-1.2799565199257112,0.0,obgnme,0,
x22_19.600,-1.2473918705982785,0.0,obgnme,0,
x22_19.700,-1.2152868354533903,0.0,obgnme,0,
x22_19.800,-1.1832250888401745,0.0,obgnme,0,
x22_19.900,-1.1507635244564194,0.0,obgnme,0,
x23_00.000,7.94337478031002,0.0,obgnme,0,
x23_00.100,8.012092638599109,0.0,obgnme,0,
x23_00.200,8.093513506772108,0.0,obgnme,0,
x23_00.300,8.185467723263283,0.0,obgnme,0,
x23_00.400,8.285537572018292,0.0,obgnme,0,
x23_00.500,8.391016663390696,0.0,obgnme,0,
x23_00.600,8.498872075758399,0.0,obgnme,0,
x23_00.700,8.60571258419269,0.0,obgnme,0,
x23_00.800,8.707767400795463,0.0,obgnme,0,
x23_00.900,8.800880986136622,0.0,obgnme,0,
x23_01.000,8.880530558542986,0.0,obgnme,0,
x23_01.100,8.941873768510765,0.0,obgnme,0,
x23_01.200,8.97983440233225,0.0,obgnme,0,
x23_01.300,8.989233661727026,0.0,obgnme,0,
x23_01.400,8.964973224029043,0.0,obgnme,0,
x23_01.500,8.90227359641513,0.0,obgnme,0,
x23_01.600,8.796966949393518,0.0,obgnme,0,
x23_01.700,8.645837472173875,0.0,obgnme,0,
x23_01.800,8.446994372626515,0.0,obgnme,0,
x23_01.900,8.20025331747587,0.0,obgnme,0,
x23_02.000,7.9074921872503445,0.0,obgnme,0,
x23_02.100,7.572937823134093,0.0,obgnme,0,
x23_02.200,7.203333760360411,0.0,obgnme,0,
x23_02.300,6.807936876572296,0.0,obgnme,0,
x23_02.400,6.398295538493459,0.0,obgnme,0,
x23_02.500,5.987774899712902,0.0,obgnme,0,
x23_02.600,5.590817341931212,0.0,obgnme,0,
x23_02.700,5.221957374907772,0.0,obgnme,0,
x23_02.800,4.89464908814623,0.0,obgnme,0,
x23_02.900,4.620007708883437,0.0,obgnme,0,
x23_03.000,4.40561068174841,0.0,obgnme,0,
x23_03.100,4.254541187896787,0.0,obgnme,0,
x23_03.200,4.164877416975022,0.0,obgnme,0,
x23_03.300,4.129818737212998,0.0,obgnme,0,
x23_03.400,4.13857757857342,0.0,obgnme,0,
x23_03.500,4.178041448445022,0.0,obgnme,0,
x23_03.600,4.235028833711402,0.0,obgnme,0,
x23_03.700,4.298759841502531,0.0,obgnme,0,
x23_03.800,4.363000359761775,0.0,obgnme,0,
x23_03.900,4.427294128712473,0.0,obgnme,0,
x23_04.000,4.496830152986183,0.0,obgnme,0,
x23_04.100,4.580809178542348,0.0,obgnme,0,
x23_04.200,4.689600376586956,0.0,obgnme,0,
x23_04.300,4.8313778475090965,0.0,obgnme,0,
x23_04.400,5.009140273902221,0.0,obgnme,0,
x23_04.500,5.218947999328294,0.0,obgnme,0,
x23_04.600,5.449870908202257,0.0,obgnme,0,
x23_04.700,5.685643512922125,0.0,obgnme,0,
x23_04.800,5.907539087923699,0.0,obgnme,0,
x23_04.900,6.097659212822293,0.0,obgnme,0,
x23_05.000,6.24178423024286,0.0,obgnme,0,
x23_05.100,6.331148764010399,0.0,obgnme,0,
x23_05.200,6.362901947934968,0.0,obgnme,0,
x23_05.300,6.33942462075848,0.0,obgnme,0,
x23_05.400,6.26694955681541,0.0,obgnme,0,
x23_05.500,6.153990584198896,0.0,obgnme,0,
x23_05.600,6.00996605304566,0.0,obgnme,0,
x23_05.700,5.844204679333103,0.0,obgnme,0,
x23_05.800,5.665348006853914,0.0,obgnme,0,
x23_05.900,5.4810635884806755,0.0,obgnme,0,
x23_06.000,5.297954159753838,0.0,obgnme,0,
x23_06.100,5.1215631478607815,0.0,obgnme,0,
x23_06.200,4.956409351956683,0.0,obgnme,0,
x23_06.300,4.8060179363737126,0.0,obgnme,0,
x23_06.400,4.672943592753748,0.0,obgnme,0,
x23_06.500,4.558800462931656,0.0,obgnme,0,
x23_06.600,4.464319202650153,0.0,obgnme,0,
x23_06.700,4.389444589672471,0.0,obgnme,0,
x23_06.800,4.333472153680933,0.0,obgnme,0,
x23_06.900,4.295207406672383,0.0,obgnme,0,
x23_07.000,4.273123577165537,0.0,obgnme,0,
x23_07.100,4.265496135406405,0.0,obgnme,0,
x23_07.200,4.270502534918489,0.0,obgnme,0,
x23_07.300,4.286288106569473,0.0,obgnme,0,
x23_07.400,4.311008513641416,0.0,obgnme,0,
x23_07.500,4.3428623581028045,0.0,obgnme,0,
x23_07.600,4.380124082342228,0.0,obgnme,0,
x23_07.700,4.4211795261443685,0.0,obgnme,0,
x23_07.800,4.464558351229547,0.0,obgnme,0,
x23_07.900,4.508953161650837,0.0,obgnme,0,
x23_08.000,4.553216902924973,0.0,obgnme,0,
x23_08.100,4.596337260265764,0.0,obgnme,0,
x23_08.200,4.637395636555028,0.0,obgnme,0,
x23_08.300,4.675524294715099,0.0,obgnme,0,
x23_08.400,4.709875416496619,0.0,obgnme,0,
x23_08.500,4.739610168588977,0.0,obgnme,0,
x23_08.600,4.763906955523712,0.0,obgnme,0,
x23_08.700,4.781979481973367,0.0,obgnme,0,
x23_08.800,4.793090191921289,0.0,obgnme,0,
x23_08.900,4.796545010343799,0.0,obgnme,0,
x23_09.000,4.791661544405037,0.0,obgnme,0,
x23_09.100,4.777713876849456,0.0,obgnme,0,
x23_09.200,4.753869835599112,0.0,obgnme,0,
x23_09.300,4.719146448542701,0.0,obgnme,0,
x23_09.400,4.672411051884402,0.0,obgnme,0,
x23_09.500,4.612446204180592,0.0,obgnme,0,
x23_09.600,4.538077631063268,0.0,obgnme,0,
x23_09.700,4.448341935996107,0.0,obgnme,0,
x23_09.800,4.342652931132549,0.0,obgnme,0,
x23_09.900,4.220919170331825,0.0,obgnme,0,
x23_10.000,4.083574024671729,0.0,obgnme,0,
x23_10.100,3.931502035827719,0.0,obgnme,0,
x23_10.200,3.7658749947991557,0.0,obgnme,0,
x23_10.300,3.5879386075193676,0.0,obgnme,0,
x23_10.400,3.3988063637038395,0.0,obgnme,0,
x23_10.500,3.199316128993039,0.0,obgnme,0,
x23_10.600,2.9899879438955392,0.0,obgnme,0,
x23_10.700,2.771094529058578,0.0,obgnme,0,
x23_10.800,2.5428273227573177,0.0,obgnme,0,
x23_10.900,2.3055183202432263,0.0,obgnme,0,
x23_11.000,2.059867144546982,0.0,obgnme,0,
x23_11.100,1.8071258652259892,0.0,obgnme,0,
x23_11.200,1.5492090582143043,0.0,obgnme,0,
x23_11.300,1.2887174452381258,0.0,obgnme,0,
x23_11.400,1.0288824467519138,0.0,obgnme,0,
x23_11.500,0.7734503057502286,0.0,obgnme,0,
x23_11.600,0.5265267610766421,0.0,obgnme,0,
x23_11.700,0.29239952553663123,0.0,obgnme,0,
x23_11.800,0.07535070839617736,0.0,obgnme,0,
x23_11.900,-0.1205317542312758,0.0,obgnme,0,
x23_12.000,-0.2915348493842411,0.0,obgnme,0,
x23_12.100,-0.43448346314510855,0.0,obgnme,0,
x23_12.200,-0.5468752498015808,0.0,obgnme,0,
x23_12.300,-0.6269788896073808,0.0,obgnme,0,
x23_12.400,-0.6738912838132625,0.0,obgnme,0,
x23_12.500,-0.6875542820420848,0.0,obgnme,0,
x23_12.600,-0.6687358370970662,0.0,obgnme,0,
x23_12.700,-0.6189826425700579,0.0,obgnme,0,
x23_12.800,-0.5405508609932044,0.0,obgnme,0,
x23_12.900,-0.4363190853651905,0.0,obgnme,0,
x23_13.000,-0.3096845651419151,0.0,obgnme,0,
x23_13.100,-0.1644415806401248,0.0,obgnme,0,
x23_13.200,-0.004640911323555069,0.0,obgnme,0,
x23_13.300,0.1655679988782429,0.0,obgnme,0,
x23_13.400,0.34210599416181187,0.0,obgnme,0,
x23_13.500,0.5211331300048598,0.0,obgnme,0,
x23_13.600,0.6992029415252123,0.0,obgnme,0,
x23_13.700,0.8733869045905286,0.0,obgnme,0,
x23_13.800,1.041356849736462,0.0,obgnme,0,
x23_13.900,1.2014187757602652,0.0,obgnme,0,
x23_14.000,1.3524984492466023,0.0,obgnme,0,
x23_14.100,1.494085595694707,0.0,obgnme,0,
x23_14.200,1.6261479817852529,0.0,obgnme,0,
x23_14.300,1.7490285937039558,0.0,obgnme,0,
x23_14.400,1.8633385523020838,0.0,obgnme,0,
x23_14.500,1.9698560478848524,0.0,obgnme,0,
x23_14.600,2.069438324968732,0.0,obgnme,0,
x23_14.700,2.162950429052459,0.0,obgnme,0,
x23_14.800,2.2512116249692324,0.0,obgnme,0,
x23_14.900,2.3349583956437563,0.0,obgnme,0,
x23_15.000,2.4148217644114505,0.0,obgnme,0,
x23_15.100,2.4913162211164264,0.0,obgnme,0,
x23_15.200,2.5648375645865693,0.0,obgnme,0,
x23_15.300,2.6356672902524827,0.0,obgnme,0,
x23_15.400,2.703981578978579,0.0,obgnme,0,
x23_15.500,2.7698633650680775,0.0,obgnme,0,
x23_15.600,2.8333163160237285,0.0,obgnme,0,
x23_15.700,2.8942798248720187,0.0,obgnme,0,
x23_15.800,2.952644305814772,0.0,obgnme,0,
x23_15.900,3.0082662166850382,0.0,obgnme,0,
x23_16.000,3.0609823303673673,0.0,obgnme,0,
x23_16.100,3.110622860969501,0.0,obgnme,0,
x23_16.200,3.157023131184278,0.0,obgnme,0,
x23_16.300,3.2000335501880683,0.0,obgnme,0,
x23_16.400,3.239527756528367,0.0,obgnme,0,
x23_16.500,3.2754088645131416,0.0,obgnme,0,
x23_16.600,3.307613831162012,0.0,obgnme,0,
x23_16.700,3.3361160296077292,0.0,obgnme,0,
x23_16.800,3.3609261708868154,0.0,obgnme,0,
x23_16.900,3.3820917577724767,0.0,obgnme,0,
x23_17.000,3.3996952815796004,0.0,obgnme,0,
x23_17.100,3.4138513867821514,0.0,obgnme,0,
x23_17.200,3.424703230686809,0.0,obgnme,0,
x23_17.300,3.4324182585665697,0.0,obgnme,0,
x23_17.400,3.437183600920291,0.0,obgnme,0,
x23_17.500,3.4392012810855768,0.0,obgnme,0,
x23_17.600,3.4386834001995403,0.0,obgnme,0,
x23_17.700,3.4358474440274196,0.0,obgnme,0,
x23_17.800,3.4309118336555806,0.0,obgnme,0,
x23_17.900,3.4240918203373245,0.0,obgnme,0,
x23_18.000,3.4155958044738224,0.0,obgnme,0,
x23_18.100,3.4056221401752858,0.0,obgnme,0,
x23_18.200,3.39435647028147,0.0,obgnme,0,
x23_18.300,3.381969622211361,0.0,obgnme,0,
x23_18.400,3.3686160825653633,0.0,obgnme,0,
x23_18.500,3.354433057971693,0.0,obgnme,0,
x23_18.600,3.33954012116434,0.0,obgnme,0,
x23_18.700,3.3240394345781694,0.0,obgnme,0,
x23_18.800,3.3080165386777094,0.0,obgnme,0,
x23_18.900,3.291541688567964,0.0,obgnme,0,
x23_19.000,3.274671719849775,0.0,obgnme,0,
x23_19.100,3.2574524227459074,0.0,obgnme,0,
x23_19.200,3.239921401663225,0.0,obgnme,0,
x23_19.300,3.222111394837682,0.0,obgnme,0,
x23_19.400,3.2040540246382387,0.0,obgnme,0,
x23_19.500,3.1857839424530234,0.0,obgnme,0,
x23_19.600,3.1673433217404807,0.0,obgnme,0,
x23_19.700,3.1487866377223357,0.0,obgnme,0,
x23_19.800,3.130185651424873,0.0,obgnme,0,
x23_19.900,3.111634488815046,0.0,obgnme,0,
x24_00.000,8.704858089079563,1.0,obgnme,0,1.0
x24_00.100,8.823497919781397,1.0,obgnme,0,1.0
x24_00.200,8.924957594271175,1.0,obgnme,0,1.0
x24_00.300,9.007347497206238,1.0,obgnme,0,1.0
x24_00.400,9.068521475691773,1.0,obgnme,0,1.0
x24_00.500,9.106168157826785,1.0,obgnme,0,1.0
x24_00.600,9.117919855374863,1.0,obgnme,0,1.0
x24_00.700,9.101481118992078,1.0,obgnme,0,1.0
x24_00.800,9.05477742444899,1.0,obgnme,0,1.0
x24_00.900,8.976122320487079,1.0,obgnme,0,1.0
x24_01.000,8.864398668565979,1.0,obgnme,0,1.0
x24_01.100,8.719246441219006,1.0,obgnme,0,1.0
x24_01.200,8.541246118538808,1.0,obgnme,0,1.0
x24_01.300,8.332083360198839,1.0,obgnme,0,1.0
x24_01.400,8.094677796516127,1.0,obgnme,0,1.0
x24_01.500,7.833257056835223,1.0,obgnme,0,1.0
x24_01.600,7.553357188026755,1.0,obgnme,0,1.0
x24_01.700,7.261733051247193,1.0,obgnme,0,1.0
x24_01.800,6.96616763963268,1.0,obgnme,0,1.0
x24_01.900,6.675177793134992,1.0,obgnme,0,1.0
x24_02.000,6.397625357946462,1.0,obgnme,0,1.0
x24_02.100,6.142256771708951,1.0,obgnme,0,1.0
x24_02.200,5.917209028499082,1.0,obgnme,0,1.0
x24_02.300,5.729533919478537,1.0,obgnme,0,1.0
x24_02.400,5.584802466737128,1.0,obgnme,0,1.0
x24_02.500,5.486853889686686,1.0,obgnme,0,1.0
x24_02.600,5.437744135514232,1.0,obgnme,0,1.0
x24_02.700,5.437924368182127,1.0,obgnme,0,1.0
x24_02.800,5.486638660466385,1.0,obgnme,0,1.0
x24_02.900,5.582476303228742,1.0,obgnme,0,1.0
x24_03.000,5.723958760219735,1.0,obgnme,0,1.0
x24_03.100,5.910002820946808,1.0,obgnme,0,1.0
x24_03.200,6.140101582493028,1.0,obgnme,0,1.0
x24_03.300,6.414119441695013,1.0,obgnme,0,1.0
x24_03.400,6.73170530778215,1.0,obgnme,0,1.0
x24_03.500,7.091463998612496,1.0,obgnme,0,1.0
x24_03.600,7.490140811185705,1.0,obgnme,0,1.0
x24_03.700,7.922112888176641,1.0,obgnme,0,1.0
x24_03.800,8.379406150168714,1.0,obgnme,0,1.0
x24_03.900,8.85227556828932,1.0,obgnme,0,1.0
x24_04.000,9.330162296732446,1.0,obgnme,0,1.0
x24_04.100,9.80267513035962,1.0,obgnme,0,1.0
x24_04.200,10.26022867984967,1.0,obgnme,0,1.0
x24_04.300,10.694132560592653,1.0,obgnme,0,1.0
x24_04.400,11.096194159544481,1.0,obgnme,0,1.0
x24_04.500,11.458135455905193,1.0,obgnme,0,1.0
x24_04.600,11.771209273818362,1.0,obgnme,0,1.0
x24_04.700,12.026297803136433,1.0,obgnme,0,1.0
x24_04.800,12.214553453346811,1.0,obgnme,0,1.0
x24_04.900,12.32841649186352,1.0,obgnme,0,1.0
x24_05.000,12.362711711888705,1.0,obgnme,0,1.0
x24_05.100,12.315520611437602,1.0,obgnme,0,1.0
x24_05.200,12.188619017153796,1.0,obgnme,0,1.0
x24_05.300,11.98740628569784,1.0,obgnme,0,1.0
x24_05.400,11.720378085082983,1.0,obgnme,0,1.0
x24_05.500,11.39827859885998,1.0,obgnme,0,1.0
x24_05.600,11.033101402808814,1.0,obgnme,0,1.0
x24_05.700,10.637099014838183,1.0,obgnme,0,1.0
x24_05.800,10.221924405149217,1.0,obgnme,0,1.0
x24_05.900,9.79797955667494,1.0,obgnme,0,1.0
x24_06.000,9.373999382553876,1.0,obgnme,0,1.0
x24_06.100,8.95686198381678,1.0,obgnme,0,1.0
x24_06.200,8.551591405844668,1.0,obgnme,0,1.0
x24_06.300,8.161505950238727,1.0,obgnme,0,1.0
x24_06.400,7.788461095197414,1.0,obgnme,0,1.0
x24_06.500,7.433138490133652,1.0,obgnme,0,1.0
x24_06.600,7.095339412495851,1.0,obgnme,0,1.0
x24_06.700,6.774251183684131,1.0,obgnme,0,1.0
x24_06.800,6.468666977519337,1.0,obgnme,0,1.0
x24_06.900,6.177151487544132,1.0,obgnme,0,1.0
x24_07.000,5.898155180228627,1.0,obgnme,0,1.0
x24_07.100,5.63008691449309,1.0,obgnme,0,1.0
x24_07.200,5.371357999904621,1.0,obgnme,0,1.0
x24_07.300,5.120410657334776,1.0,obgnme,0,1.0
x24_07.400,4.875741271244933,1.0,obgnme,0,1.0
x24_07.500,4.635924858231923,1.0,obgnme,0,1.0
x24_07.600,4.39964279519494,1.0,obgnme,0,1.0
x24_07.700,4.165711919704658,1.0,obgnme,0,1.0
x24_07.800,3.9331104488484496,1.0,obgnme,0,1.0
x24_07.900,3.7009954062087576,1.0,obgnme,0,1.0
x24_08.000,3.468707575777841,1.0,obgnme,0,1.0
x24_08.100,3.2357628817298356,1.0,obgnme,0,1.0
x24_08.200,3.001832385615396,1.0,obgnme,0,1.0
x24_08.300,2.7667155546406046,1.0,obgnme,0,1.0
x24_08.400,2.5303123391673865,1.0,obgnme,0,1.0
x24_08.500,2.2925989540463725,1.0,obgnme,0,1.0
x24_08.600,2.053610746330895,1.0,obgnme,0,1.0
x24_08.700,1.8134339108816162,1.0,obgnme,0,1.0
x24_08.800,1.5722064890485046,1.0,obgnme,0,1.0
x24_08.900,1.3301280102083155,1.0,obgnme,0,1.0
x24_09.000,1.087476117798763,1.0,obgnme,0,1.0
x24_09.100,0.8446276122545084,1.0,obgnme,0,1.0
x24_09.200,0.6020809256583958,1.0,obgnme,0,1.0
x24_09.300,0.36047744001732474,1.0,obgnme,0,1.0
x24_09.400,0.12061998510198174,1.0,obgnme,0,1.0
x24_09.500,-0.11651268215194877,1.0,obgnme,0,1.0
x24_09.600,-0.3497575677624458,1.0,obgnme,0,1.0
x24_09.700,-0.5777696730757708,1.0,obgnme,0,1.0
x24_09.800,-0.799040935116765,1.0,obgnme,0,1.0
x24_09.900,-1.0119410727985478,1.0,obgnme,0,1.0
x24_10.000,-1.214780657955486,0.0,obgnme,0,
x24_10.100,-1.4058892905080675,0.0,obgnme,0,
x24_10.200,-1.5836952213381814,0.0,obgnme,0,
x24_10.300,-1.7467907215276273,0.0,obgnme,0,
x24_10.400,-1.8939714420801572,0.0,obgnme,0,
x24_10.500,-2.0242464593499903,0.0,obgnme,0,
x24_10.600,-2.1368250829668907,0.0,obgnme,0,
x24_10.700,-2.231093065387265,0.0,obgnme,0,
x24_10.800,-2.3065923825516954,0.0,obgnme,0,
x24_10.900,-2.3630152965219744,0.0,obgnme,0,
x24_11.000,-2.4002169125657837,0.0,obgnme,0,
x24_11.100,-2.4182437021425938,0.0,obgnme,0,
x24_11.200,-2.417370850813976,0.0,obgnme,0,
x24_11.300,-2.3981397916399128,0.0,obgnme,0,
x24_11.400,-2.361388310001927,0.0,obgnme,0,
x24_11.500,-2.3082676593325084,0.0,obgnme,0,
x24_11.600,-2.2402428779770838,0.0,obgnme,0,
x24_11.700,-2.159073524192854,0.0,obgnme,0,
x24_11.800,-2.0667728322903467,0.0,obgnme,0,
x24_11.900,-1.9655446303751103,0.0,obgnme,0,
x24_12.000,-1.8576996776272883,0.0,obgnme,0,
x24_12.100,-1.7455561198425786,0.0,obgnme,0,
x24_12.200,-1.6313317205805653,0.0,obgnme,0,
x24_12.300,-1.5170374734158958,0.0,obgnme,0,
x24_12.400,-1.4043825303250352,0.0,obgnme,0,
x24_12.500,-1.2946990446170021,0.0,obgnme,0,
x24_12.600,-1.1888929936176418,0.0,obgnme,0,
x24_12.700,-1.0874240416551904,0.0,obgnme,0,
x24_12.800,-0.9903146842265327,0.0,obgnme,0,
x24_12.900,-0.8971866381920963,0.0,obgnme,0,
x24_13.000,-0.8073207249188722,0.0,obgnme,0,
x24_13.100,-0.7197351320895572,0.0,obgnme,0,
x24_13.200,-0.6332757358740727,0.0,obgnme,0,
x24_13.300,-0.5467111091637334,0.0,obgnme,0,
x24_13.400,-0.4588241744441589,0.0,obgnme,0,
x24_13.500,-0.3684925674138425,0.0,obgnme,0,
x24_13.600,-0.2747509714966526,0.0,obgnme,0,
x24_13.700,-0.1768309872963718,0.0,obgnme,0,
x24_13.800,-0.0741771623025115,0.0,obgnme,0,
x24_13.900,0.033559009105541146,0.0,obgnme,0,
x24_14.000,0.14654268410460572,0.0,obgnme,0,
x24_14.100,0.2647908761852096,0.0,obgnme,0,
x24_14.200,0.3882129363535769,0.0,obgnme,0,
x24_14.300,0.5166506987154199,0.0,obgnme,0,
x24_14.400,0.649914072523371,0.0,obgnme,0,
x24_14.500,0.787809501315098,0.0,obgnme,0,
x24_14.600,0.9301602365313617,0.0,obgnme,0,
x24_14.700,1.0768185710854927,0.0,obgnme,0,
x24_14.800,1.2276709714912704,0.0,obgnme,0,
x24_14.900,1.3826374629416447,0.0,obgnme,0,
x24_15.000,1.5416667436184441,0.0,obgnme,0,
x24_15.100,1.7047284310430904,0.0,obgnme,0,
x24_15.200,1.8718036621524972,0.0,obgnme,0,
x24_15.300,2.04287504535278,0.0,obgnme,0,
x24_15.400,2.2179167387388317,0.0,obgnme,0,
x24_15.500,2.3968852260808613,0.0,obgnme,0,
x24_15.600,2.5797111895403386,0.0,obgnme,0,
x24_15.700,2.7662927357963696,0.0,obgnme,0,
x24_15.800,2.9564901169733786,0.0,obgnme,0,
x24_15.900,3.1501219951224755,0.0,obgnme,0,
x24_16.000,3.3469632252139774,0.0,obgnme,0,
x24_16.100,3.5467440739125506,0.0,obgnme,0,
x24_16.200,3.749150748098276,0.0,obgnme,0,
x24_16.300,3.953827077065681,0.0,obgnme,0,
x24_16.400,4.160377174665179,0.0,obgnme,0,
x24_16.500,4.368368901264225,0.0,obgnme,0,
x24_16.600,4.57733794884747,0.0,obgnme,0,
x24_16.700,4.786792383997121,0.0,obgnme,0,
x24_16.800,4.996217500755054,0.0,obgnme,0,
x24_16.900,5.205080856216164,0.0,obgnme,0,
x24_17.000,5.412837383982472,0.0,obgnme,0,
x24_17.100,5.618934502437044,0.0,obgnme,0,
x24_17.200,5.822817154691643,0.0,obgnme,0,
x24_17.300,6.023932733996293,0.0,obgnme,0,
x24_17.400,6.221735861806679,0.0,obgnme,0,
x24_17.500,6.415692995433558,0.0,obgnme,0,
x24_17.600,6.605286848430101,0.0,obgnme,0,
x24_17.700,6.7900206100336495,0.0,obgnme,0,
x24_17.800,6.969421950640941,0.0,obgnme,0,
x24_17.900,7.143046799094553,0.0,obgnme,0,
x24_18.000,7.310482875117045,0.0,obgnme,0,
x24_18.100,7.471352957109929,0.0,obgnme,0,
x24_18.200,7.625317862206059,0.0,obgnme,0,
x24_18.300,7.772079112290978,0.0,obgnme,0,
x24_18.400,7.911381256958549,0.0,obgnme,0,
x24_18.500,8.043013822228502,0.0,obgnme,0,
x24_18.600,8.166812852468524,0.0,obgnme,0,
x24_18.700,8.2826620124535,0.0,obgnme,0,
x24_18.800,8.39049321699152,0.0,obgnme,0,
x24_18.900,8.490286757212935,0.0,obgnme,0,
x24_19.000,8.582070895656717,0.0,obgnme,0,
x24_19.100,8.665920906932032,0.0,obgnme,0,
x24_19.200,8.741957547228257,0.0,obgnme,0,
x24_19.300,8.810344944514341,0.0,obgnme,0,
x24_19.400,8.871287912057337,0.0,obgnme,0,
x24_19.500,8.925028700921562,0.0,obgnme,0,
x24_19.600,8.971843222225333,0.0,obgnme,0,
x24_19.700,9.01203678674651,0.0,obgnme,0,
x24_19.800,9.045939427342812,0.0,obgnme,0,
x24_19.900,9.073900887695462,0.0,obgnme,0,
x25_00.000,8.770219663496215,0.0,obgnme,0,
x25_00.100,8.618381768458567,0.0,obgnme,0,
x25_00.200,8.457754607546732,0.0,obgnme,0,
x25_00.300,8.286811124260888,0.0,obgnme,0,
x25_00.400,8.104717661983036,0.0,obgnme,0,
x25_00.500,7.911393791375338,0.0,obgnme,0,
x25_00.600,7.707557546975354,0.0,obgnme,0,
x25_00.700,7.494749530622049,0.0,obgnme,0,
x25_00.800,7.275329225587116,0.0,obgnme,0,
x25_00.900,7.052437482248067,0.0,obgnme,0,
x25_01.000,6.829920605481984,0.0,obgnme,0,
x25_01.100,6.612213862516148,0.0,obgnme,0,
x25_01.200,6.404185514801632,0.0,obgnme,0,
x25_01.300,6.210946513836636,0.0,obgnme,0,
x25_01.400,6.037635497273575,0.0,obgnme,0,
x25_01.500,5.8891932243901,0.0,obgnme,0,
x25_01.600,5.7701444779164985,0.0,obgnme,0,
x25_01.700,5.684407952097464,0.0,obgnme,0,
x25_01.800,5.635154842338102,0.0,obgnme,0,
x25_01.900,5.624733824287901,0.0,obgnme,0,
x25_02.000,5.654673121103627,0.0,obgnme,0,
x25_02.100,5.725759211424857,0.0,obgnme,0,
x25_02.200,5.838177243653782,0.0,obgnme,0,
x25_02.300,5.991682642150134,0.0,obgnme,0,
x25_02.400,6.18576046626157,0.0,obgnme,0,
x25_02.500,6.419723434489883,0.0,obgnme,0,
x25_02.600,6.692705144860204,0.0,obgnme,0,
x25_02.700,7.003523162656652,0.0,obgnme,0,
x25_02.800,7.350413981418424,0.0,obgnme,0,
x25_02.900,7.730670209869517,0.0,obgnme,0,
x25_03.000,8.140229059732283,0.0,obgnme,0,
x25_03.100,8.573262257165178,0.0,obgnme,0,
x25_03.200,9.021801129844759,0.0,obgnme,0,
x25_03.300,9.475408123105602,0.0,obgnme,0,
x25_03.400,9.920895893199626,0.0,obgnme,0,
x25_03.500,10.342112489156806,0.0,obgnme,0,
x25_03.600,10.719855151523829,0.0,obgnme,0,
x25_03.700,11.032024044807315,0.0,obgnme,0,
x25_03.800,11.25414679688596,0.0,obgnme,0,
x25_03.900,11.360369593075875,0.0,obgnme,0,
x25_04.000,11.324923315061676,0.0,obgnme,0,
x25_04.100,11.12396697970485,0.0,obgnme,0,
x25_04.200,10.737629636887352,0.0,obgnme,0,
x25_04.300,10.152041303576802,0.0,obgnme,0,
x25_04.400,9.361153457037041,0.0,obgnme,0,
x25_04.500,8.368166818804966,0.0,obgnme,0,
x25_04.600,7.186385041141806,0.0,obgnme,0,
x25_04.700,5.839309287661671,0.0,obgnme,0,
x25_04.800,4.359821643098553,0.0,obgnme,0,
x25_04.900,2.78840944557114,0.0,obgnme,0,
x25_05.000,1.1705506785554658,0.0,obgnme,0,
x25_05.100,-0.44644165720125795,0.0,obgnme,0,
x25_05.200,-2.016701062260154,0.0,obgnme,0,
x25_05.300,-3.4987875396693893,0.0,obgnme,0,
x25_05.400,-4.858027116521928,0.0,obgnme,0,
x25_05.500,-6.068018091530486,0.0,obgnme,0,
x25_05.600,-7.111262887828194,0.0,obgnme,0,
x25_05.700,-7.979005665576902,0.0,obgnme,0,
x25_05.800,-8.670434184575011,0.0,obgnme,0,
x25_05.900,-9.191442579294204,0.0,obgnme,0,
x25_06.000,-9.553157187315522,0.0,obgnme,0,
x25_06.100,-9.77040763838868,0.0,obgnme,0,
x25_06.200,-9.860287551130343,0.0,obgnme,0,
x25_06.300,-9.84090222436771,0.0,obgnme,0,
x25_06.400,-9.730353970908622,0.0,obgnme,0,
x25_06.500,-9.54597675949673,0.0,obgnme,0,
x25_06.600,-9.303804535601401,0.0,obgnme,0,
x25_06.700,-9.018242093426707,0.0,obgnme,0,
x25_06.800,-8.70190119423593,0.0,obgnme,0,
x25_06.900,-8.365564454944696,0.0,obgnme,0,
x25_07.000,-8.018242556568943,0.0,obgnme,0,
x25_07.100,-7.667294773468886,0.0,obgnme,0,
x25_07.200,-7.318587824678641,0.0,obgnme,0,
x25_07.300,-6.976673195970132,0.0,obgnme,0,
x25_07.400,-6.644968099036582,0.0,obgnme,0,
x25_07.500,-6.325929827506564,0.0,obgnme,0,
x25_07.600,-6.02121714955431,0.0,obgnme,0,
x25_07.700,-5.731835352096497,0.0,obgnme,0,
x25_07.800,-5.4582636021393105,0.0,obgnme,0,
x25_07.900,-5.200564577946473,0.0,obgnme,0,
x25_08.000,-4.958477118839373,0.0,obgnme,0,
x25_08.100,-4.73149320894984,0.0,obgnme,0,
x25_08.200,-4.51892108611257,0.0,obgnme,0,
x25_08.300,-4.319936636072146,0.0,obgnme,0,
x25_08.400,-4.1336253862125405,0.0,obgnme,0,
x25_08.500,-3.9590172634427168,0.0,obgnme,0,
x25_08.600,-3.7951158428201133,0.0,obgnme,0,
x25_08.700,-3.6409232193824095,0.0,obgnme,0,
x25_08.800,-3.495461085076518,0.0,obgnme,0,
x25_08.900,-3.357788273732185,0.0,obgnme,0,
x25_09.000,-3.2270150514022946,0.0,obgnme,0,
x25_09.100,-3.1023147410574805,0.0,obgnme,0,
x25_09.200,-2.9829336944213347,0.0,obgnme,0,
x25_09.300,-2.868200872055076,0.0,obgnme,0,
x25_09.400,-2.7575380884408,0.0,obgnme,0,
x25_09.500,-2.650471204695573,0.0,obgnme,0,
x25_09.600,-2.5466413610411225,0.0,obgnme,0,
x25_09.700,-2.4458141473626704,0.0,obgnme,0,
x25_09.800,-2.347883935468058,0.0,obgnme,0,
x25_09.900,-2.252870845926642,0.0,obgnme,0,
x25_10.000,-2.160909078231063,0.0,obgnme,0,
x25_10.100,-2.0722272582670755,0.0,obgnme,0,
x25_10.200,-1.9871233682296328,0.0,obgnme,0,
x25_10.300,-1.9059379518139918,0.0,obgnme,0,
x25_10.400,-1.829029133669575,0.0,obgnme,0,
x25_10.500,-1.7567515936084261,0.0,obgnme,0,
x25_10.600,-1.6894395679193928,0.0,obgnme,0,
x25_10.700,-1.6273920620656546,0.0,obgnme,0,
x25_10.800,-1.5708575024304487,0.0,obgnme,0,
x25_10.900,-1.5200153908112122,0.0,obgnme,0,
x25_11.000,-1.474954018534111,0.0,obgnme,0,
x25_11.100,-1.4356453978654005,0.0,obgnme,0,
x25_11.200,-1.4019205363015685,0.0,obgnme,0,
x25_11.300,-1.3734493661085325,0.0,obgnme,0,
x25_11.400,-1.349729721178239,0.0,obgnme,0,
x25_11.500,-1.330088790097127,0.0,obgnme,0,
x25_11.600,-1.313698807311582,0.0,obgnme,0,
x25_11.700,-1.2996067858880447,0.0,obgnme,0,
x25_11.800,-1.2867761833123443,0.0,obgnme,0,
x25_11.900,-1.274136761504681,0.0,obgnme,0,
x25_12.000,-1.2606377379773344,0.0,obgnme,0,
x25_12.100,-1.2452987986996509,0.0,obgnme,0,
x25_12.200,-1.2272537871439302,0.0,obgnme,0,
x25_12.300,-1.2057829167264287,0.0,obgnme,0,
x25_12.400,-1.1803310218968568,0.0,obgnme,0,
x25_12.500,-1.150511351455616,0.0,obgnme,0,
x25_12.600,-1.1160963240361956,0.0,obgnme,0,
x25_12.700,-1.0769981569300702,0.0,obgnme,0,
x25_12.800,-1.0332431243958462,0.0,obgnme,0,
x25_12.900,-0.9849433460384817,0.0,obgnme,0,
x25_13.000,-0.9322695404444441,0.0,obgnme,0,
x25_13.100,-0.8754272869400508,0.0,obgnme,0,
x25_13.200,-0.8146382400185688,0.0,obgnme,0,
x25_13.300,-0.7501266546753191,0.0,obgnme,0,
x25_13.400,-0.6821106927160303,0.0,obgnme,0,
x25_13.500,-0.6107974193781691,0.0,obgnme,0,
x25_13.600,-0.5363802164788691,0.0,obgnme,0,
x25_13.700,-0.4590374928767323,0.0,obgnme,0,
x25_13.800,-0.3789319480409114,0.0,obgnme,0,
x25_13.900,-0.29621008426137163,0.0,obgnme,0,
x25_14.000,-0.21100202555026282,0.0,obgnme,0,
x25_14.100,-0.12342190128064183,0.0,obgnme,0,
x25_14.200,-0.033569077255093005,0.0,obgnme,0,
x25_14.300,0.0584695881953087,0.0,obgnme,0,
x25_14.400,0.15261644805001595,0.0,obgnme,0,
x25_14.500,0.2487988685771507,0.0,obgnme,0,
x25_14.600,0.34694436993514244,0.0,obgnme,0,
x25_14.700,0.44697538492932404,0.0,obgnme,0,
x25_14.800,0.5488039011068722,0.0,obgnme,0,
x25_14.900,0.6523262041152019,0.0,obgnme,0,
x25_15.000,0.7574178811491409,0.0,obgnme,0,
x25_15.100,0.8639291880773248,0.0,obgnme,0,
x25_15.200,0.9716808410249291,0.0,obgnme,0,
x25_15.300,1.0804602652185193,0.0,obgnme,0,
x25_15.400,1.1900183192628344,0.0,obgnme,0,
x25_15.500,1.3000665084906167,0.0,obgnme,0,
x25_15.600,1.4102747032417493,0.0,obgnme,0,
x25_15.700,1.5202693842162642,0.0,obgnme,0,
x25_15.800,1.6296324456380538,0.0,obgnme,0,
x25_15.900,1.737900596822925,0.0,obgnme,0,
x25_16.000,1.8445654132281697,0.0,obgnme,0,
x25_16.100,1.9490740986095727,0.0,obgnme,0,
x25_16.200,2.050831029804894,0.0,obgnme,0,
x25_16.300,2.1492001639037897,0.0,obgnme,0,
x25_16.400,2.243508392876895,0.0,obgnme,0,
x25_16.500,2.3330499316504834,0.0,obgnme,0,
x25_16.600,2.4170918206050507,0.0,obgnme,0,
x25_16.700,2.4948806111460575,0.0,obgnme,0,
x25_16.800,2.5656502822461387,0.0,obgnme,0,
x25_16.900,2.6286314060671887,0.0,obgnme,0,
x25_17.000,2.6830615419314405,0.0,obgnme,0,
x25_17.100,2.728196790737634,0.0,obgnme,0,
x25_17.200,2.763324387901849,0.0,obgnme,0,
x25_17.300,2.7877761543036206,0.0,obgnme,0,
x25_17.400,2.8009425644972397,0.0,obgnme,0,
x25_17.500,2.802287133124263,0.0,obgnme,0,
x25_17.600,2.7913607679016232,0.0,obgnme,0,
x25_17.700,2.767815694701318,0.0,obgnme,0,
x25_17.800,2.731418530784544,0.0,obgnme,0,
x25_17.900,2.682062069338128,0.0,obgnme,0,
x25_18.000,2.6197753443343568,0.0,obgnme,0,
x25_18.100,2.5447315705067304,0.0,obgnme,0,
x25_18.200,2.457253598705984,0.0,obgnme,0,
x25_18.300,2.3578165905199127,0.0,obgnme,0,
x25_18.400,2.2470476949838525,0.0,obgnme,0,
x25_18.500,2.1257226005985577,0.0,obgnme,0,
x25_18.600,1.9947589330997446,0.0,obgnme,0,
x25_18.700,1.8552065685407002,0.0,obgnme,0,
x25_18.800,1.7082350273798095,0.0,obgnme,0,
x25_18.900,1.555118203982111,0.0,obgnme,0,
x25_19.000,1.39721676357044,0.0,obgnme,0,
x25_19.100,1.2359586024586444,0.0,obgnme,0,
x25_19.200,1.0728178156366681,0.0,obgnme,0,
x25_19.300,0.9092926476932062,0.0,obgnme,0,
x25_19.400,0.746882918739354,0.0,obgnme,0,
x25_19.500,0.5870674171960633,0.0,obgnme,0,
x25_19.600,0.43128173729119457,0.0,obgnme,0,
x25_19.700,0.28089701249360927,0.0,obgnme,0,
x25_19.800,0.13719995875480687,0.0,obgnme,0,
x25_19.900,0.0013745953822493218,0.0,obgnme,0,
x26_00.000,6.330368849612306,1.0,obgnme,0,1.0
x26_00.100,6.315036835900311,1.0,obgnme,0,1.0
x26_00.200,6.289485121340251,1.0,obgnme,0,1.0
x26_00.300,6.258460163597297,1.0,obgnme,0,1.0
x26_00.400,6.226621033964475,1.0,obgnme,0,1.0
x26_00.500,6.198504687448447,1.0,obgnme,0,1.0
x26_00.600,6.178473271915089,1.0,obgnme,0,1.0
x26_00.700,6.170649394817252,1.0,obgnme,0,1.0
x26_00.800,6.178846431243168,1.0,obgnme,0,1.0
x26_00.900,6.206501744772421,1.0,obgnme,0,1.0
x26_01.000,6.256620826830567,1.0,obgnme,0,1.0
x26_01.100,6.331739532334024,1.0,obgnme,0,1.0
x26_01.200,6.433909508315457,1.0,obgnme,0,1.0
x26_01.300,6.56470838847955,1.0,obgnme,0,1.0
x26_01.400,6.725271389547843,1.0,obgnme,0,1.0
x26_01.500,6.916334971786519,1.0,obgnme,0,1.0
x26_01.600,7.138277035371087,1.0,obgnme,0,1.0
x26_01.700,7.391132970269428,1.0,obgnme,0,1.0
x26_01.800,7.674564274481256,1.0,obgnme,0,1.0
x26_01.900,7.987757810802856,1.0,obgnme,0,1.0
x26_02.000,8.329239883982314,1.0,obgnme,0,1.0
x26_02.100,8.696599910248928,1.0,obgnme,0,1.0
x26_02.200,9.08613198183052,1.0,obgnme,0,1.0
x26_02.300,9.492416630320164,1.0,obgnme,0,1.0
x26_02.400,9.907877049726132,1.0,obgnme,0,1.0
x26_02.500,10.322352559064008,1.0,obgnme,0,1.0
x26_02.600,10.722737724368006,1.0,obgnme,0,1.0
x26_02.700,11.092740625560836,1.0,obgnme,0,1.0
x26_02.800,11.412820738370748,1.0,obgnme,0,1.0
x26_02.900,11.660376124512917,1.0,obgnme,0,1.0
x26_03.000,11.810257440604694,1.0,obgnme,0,1.0
x26_03.100,11.835685302362966,1.0,obgnme,0,1.0
x26_03.200,11.709629172928024,1.0,obgnme,0,1.0
x26_03.300,11.406663815783642,1.0,obgnme,0,1.0
x26_03.400,10.905251726111235,1.0,obgnme,0,1.0
x26_03.500,10.190310457127017,1.0,obgnme,0,1.0
x26_03.600,9.255822006225989,1.0,obgnme,0,1.0
x26_03.700,8.10714511163919,1.0,obgnme,0,1.0
x26_03.800,6.762628005047235,1.0,obgnme,0,1.0
x26_03.900,5.254122567045419,1.0,obgnme,0,1.0
x26_04.000,3.6260979490292415,1.0,obgnme,0,1.0
x26_04.100,1.9332456457782636,1.0,obgnme,0,1.0
x26_04.200,0.23672818540521412,1.0,obgnme,0,1.0
x26_04.300,-1.4005074118877536,1.0,obgnme,0,1.0
x26_04.400,-2.918717733518398,1.0,obgnme,0,1.0
x26_04.500,-4.265918184549792,1.0,obgnme,0,1.0
x26_04.600,-5.401318592589357,1.0,obgnme,0,1.0
x26_04.700,-6.297160424645484,1.0,obgnme,0,1.0
x26_04.800,-6.938816856934951,1.0,obgnme,0,1.0
x26_04.900,-7.323406968395729,1.0,obgnme,0,1.0
x26_05.000,-7.457491960295018,1.0,obgnme,0,1.0
x26_05.100,-7.3545508782324855,1.0,obgnme,0,1.0
x26_05.200,-7.032833741055982,1.0,obgnme,0,1.0
x26_05.300,-6.513916717980186,1.0,obgnme,0,1.0
x26_05.400,-5.821959561271622,1.0,obgnme,0,1.0
x26_05.500,-4.9834157088117665,1.0,obgnme,0,1.0
x26_05.600,-4.026844307474903,1.0,obgnme,0,1.0
x26_05.700,-2.9825232267222166,1.0,obgnme,0,1.0
x26_05.800,-1.8817091705374436,1.0,obgnme,0,1.0
x26_05.900,-0.7555598041540674,1.0,obgnme,0,1.0
x26_06.000,0.36613963761356016,1.0,obgnme,0,1.0
x26_06.100,1.456247062600401,1.0,obgnme,0,1.0
x26_06.200,2.4913461457819333,1.0,obgnme,0,1.0
x26_06.300,3.452512149732477,1.0,obgnme,0,1.0
x26_06.400,4.325703478339229,1.0,obgnme,0,1.0
x26_06.500,5.101785213530079,1.0,obgnme,0,1.0
x26_06.600,5.776236217199797,1.0,obgnme,0,1.0
x26_06.700,6.348616692250887,1.0,obgnme,0,1.0
x26_06.800,6.821881661151227,1.0,obgnme,0,1.0
x26_06.900,7.201622293673251,1.0,obgnme,0,1.0
x26_07.000,7.495305667490342,1.0,obgnme,0,1.0
x26_07.100,7.711567841447967,1.0,obgnme,0,1.0
x26_07.200,7.859597840560073,1.0,obgnme,0,1.0
x26_07.300,7.948633500986345,1.0,obgnme,0,1.0
x26_07.400,7.987575714607195,1.0,obgnme,0,1.0
x26_07.500,7.984716400901774,1.0,obgnme,0,1.0
x26_07.600,7.947567829682015,1.0,obgnme,0,1.0
x26_07.700,7.8827765154056415,1.0,obgnme,0,1.0
x26_07.800,7.796103271562175,1.0,obgnme,0,1.0
x26_07.900,7.692451484334796,1.0,obgnme,0,1.0
x26_08.000,7.57592756461986,1.0,obgnme,0,1.0
x26_08.100,7.4499202541787914,1.0,obgnme,0,1.0
x26_08.200,7.317188473991519,1.0,obgnme,0,1.0
x26_08.300,7.179950301361603,1.0,obgnme,0,1.0
x26_08.400,7.039968170086718,1.0,obgnme,0,1.0
x26_08.500,6.898627370351836,1.0,obgnme,0,1.0
x26_08.600,6.757006373691388,1.0,obgnme,0,1.0
x26_08.700,6.615938499358679,1.0,obgnme,0,1.0
x26_08.800,6.476065078264601,1.0,obgnme,0,1.0
x26_08.900,6.337880653195457,1.0,obgnme,0,1.0
x26_09.000,6.201770942946067,1.0,obgnme,0,1.0
x26_09.100,6.0680443350260225,1.0,obgnme,0,1.0
x26_09.200,5.93695759647302,1.0,obgnme,0,1.0
x26_09.300,5.808736355107479,1.0,obgnme,0,1.0
x26_09.400,5.683590758570454,1.0,obgnme,0,1.0
x26_09.500,5.561726606573645,1.0,obgnme,0,1.0
x26_09.600,5.443352190024976,1.0,obgnme,0,1.0
x26_09.700,5.328681061704372,1.0,obgnme,0,1.0
x26_09.800,5.217931015460145,1.0,obgnme,0,1.0
x26_09.900,5.111319685383807,1.0,obgnme,0,1.0
x26_10.000,5.0090574038129745,0.0,obgnme,0,
x26_10.100,4.911338241774435,0.0,obgnme,0,
x26_10.200,4.8183304041658825,0.0,obgnme,0,
x26_10.300,4.730167249707872,0.0,obgnme,0,
x26_10.400,4.64694008240514,0.0,obgnme,0,
x26_10.500,4.568693539011936,0.0,obgnme,0,
x26_10.600,4.495423981646609,0.0,obgnme,0,
x26_10.700,4.427080927471617,0.0,obgnme,0,
x26_10.800,4.363571296543993,0.0,obgnme,0,
x26_10.900,4.304766142725667,0.0,obgnme,0,
x26_11.000,4.250509488671602,0.0,obgnme,0,
x26_11.100,4.200628826340077,0.0,obgnme,0,
x26_11.200,4.154946708352548,0.0,obgnme,0,
x26_11.300,4.113292644134589,0.0,obgnme,0,
x26_11.400,4.075514292894749,0.0,obgnme,0,
x26_11.500,4.041486811430209,0.0,obgnme,0,
x26_11.600,4.011119256183787,0.0,obgnme,0,
x26_11.700,3.984357196690364,0.0,obgnme,0,
x26_11.800,3.961181150000058,0.0,obgnme,0,
x26_11.900,3.941601014949514,0.0,obgnme,0,
x26_12.000,3.9256472575805996,0.0,obgnme,0,
x26_12.100,3.913360053479721,0.0,obgnme,0,
x26_12.200,3.9047778316035866,0.0,obgnme,0,
x26_12.300,3.8999266393858436,0.0,obgnme,0,
x26_12.400,3.8988114761550206,0.0,obgnme,0,
x26_12.500,3.9014102945719724,0.0,obgnme,0,
x26_12.600,3.9076708554987367,0.0,obgnme,0,
x26_12.700,3.9175101497620988,0.0,obgnme,0,
x26_12.800,3.9308157535391923,0.0,obgnme,0,
x26_12.900,3.9474483043621857,0.0,obgnme,0,
x26_13.000,3.9672442733246265,0.0,obgnme,0,
x26_13.100,3.9900183374650626,0.0,obgnme,0,
x26_13.200,4.015564879512132,0.0,obgnme,0,
x26_13.300,4.043658409503639,0.0,obgnme,0,
x26_13.400,4.074052964878686,0.0,obgnme,0,
x26_13.500,4.106480759494786,0.0,obgnme,0,
x26_13.600,4.14065048606281,0.0,obgnme,0,
x26_13.700,4.176245715720827,0.0,obgnme,0,
x26_13.800,4.2129237876748595,0.0,obgnme,0,
x26_13.900,4.250315464286576,0.0,obgnme,0,
x26_14.000,4.288025477716655,0.0,obgnme,0,
x26_14.100,4.325633949890319,0.0,obgnme,0,
x26_14.200,4.362698556670157,0.0,obgnme,0,
x26_14.300,4.398757244327495,0.0,obgnme,0,
x26_14.400,4.433331292002922,0.0,obgnme,0,
x26_14.500,4.465928537710312,0.0,obgnme,0,
x26_14.600,4.496046632696131,0.0,obgnme,0,
x26_14.700,4.523176245082674,0.0,obgnme,0,
x26_14.800,4.546804187603489,0.0,obgnme,0,
x26_14.900,4.566416489194862,0.0,obgnme,0,
x26_15.000,4.581501463425395,0.0,obgnme,0,
x26_15.100,4.591552848071589,0.0,obgnme,0,
x26_15.200,4.596073100841694,0.0,obgnme,0,
x26_15.300,4.594576938058826,0.0,obgnme,0,
x26_15.400,4.586595197726164,0.0,obgnme,0,
x26_15.500,4.571679097217711,0.0,obgnme,0,
x26_15.600,4.549404939960704,0.0,obgnme,0,
x26_15.700,4.519379305742285,0.0,obgnme,0,
x26_15.800,4.481244736358314,0.0,obgnme,0,
x26_15.900,4.434685902805901,0.0,obgnme,0,
x26_16.000,4.379436212639463,0.0,obgnme,0,
x26_16.100,4.31528478699167,0.0,obgnme,0,
x26_16.200,4.242083706656944,0.0,obgnme,0,
x26_16.300,4.15975539615458,0.0,obgnme,0,
x26_16.400,4.068299984540053,0.0,obgnme,0,
x26_16.500,3.9678024527782343,0.0,obgnme,0,
x26_16.600,3.858439350800171,0.0,obgnme,0,
x26_16.700,3.74048484425576,0.0,obgnme,0,
x26_16.800,3.6143158330361316,0.0,obgnme,0,
x26_16.900,3.4804158727009162,0.0,obgnme,0,
x26_17.000,3.3393776279922327,0.0,obgnme,0,
x26_17.100,3.19190359664058,0.0,obgnme,0,
x26_17.200,3.0388048634516442,0.0,obgnme,0,
x26_17.300,2.8809976805209065,0.0,obgnme,0,
x26_17.400,2.7194977199132713,0.0,obgnme,0,
x26_17.500,2.555411909802688,0.0,obgnme,0,
x26_17.600,2.3899278421976127,0.0,obgnme,0,
x26_17.700,2.2243008269636637,0.0,obgnme,0,
x26_17.800,2.059838758609254,0.0,obgnme,0,
x26_17.900,1.8978850539047678,0.0,obgnme,0,
x26_18.000,1.7398000039224841,0.0,obgnme,0,
x26_18.100,1.5869409575161435,0.0,obgnme,0,
x26_18.200,1.440641809201332,0.0,obgnme,0,
x26_18.300,1.3021922986911532,0.0,obgnme,0,
x26_18.400,1.1728176396260295,0.0,obgnme,0,
x26_18.500,1.0536589811107198,0.0,obgnme,0,
x26_18.600,0.9457551695812658,0.0,obgnme,0,
x26_18.700,0.8500262243420024,0.0,obgnme,0,
x26_18.800,0.7672588734232254,0.0,obgnme,0,
x26_18.900,0.6980944235688776,0.0,obgnme,0,
x26_19.000,0.6430191654336745,0.0,obgnme,0,
x26_19.100,0.6023574477739192,0.0,obgnme,0,
x26_19.200,0.5762674962443726,0.0,obgnme,0,
x26_19.300,0.5647400049884052,0.0,obgnme,0,
x26_19.400,0.5675994919933671,0.0,obgnme,0,
x26_19.500,0.5845083797334308,0.0,obgnme,0,
x26_19.600,0.6149737371423248,0.0,obgnme,0,
x26_19.700,0.658356593065159,0.0,obgnme,0,
x26_19.800,0.7138837009061774,0.0,obgnme,0,
x26_19.900,0.7806615961382701,0.0,obgnme,0,
x27_00.000,8.416185234568633,0.0,obgnme,0,
x27_00.100,8.381553866333626,0.0,obgnme,0,
x27_00.200,8.378975997477633,0.0,obgnme,0,
x27_00.300,8.408624088439918,0.0,obgnme,0,
x27_00.400,8.470659201332484,0.0,obgnme,0,
x27_00.500,8.565198395592423,0.0,obgnme,0,
x27_00.600,8.692275583756505,0.0,obgnme,0,
x27_00.700,8.851791527644835,0.0,obgnme,0,
x27_00.800,9.043446050489184,0.0,obgnme,0,
x27_00.900,9.266643671860464,0.0,obgnme,0,
x27_01.000,9.520363207875773,0.0,obgnme,0,
x27_01.100,9.802982911824998,0.0,obgnme,0,
x27_01.200,10.112055854491102,0.0,obgnme,0,
x27_01.300,10.444035617038953,0.0,obgnme,0,
x27_01.400,10.793959801288402,0.0,obgnme,0,
x27_01.500,11.155107778068945,0.0,obgnme,0,
x27_01.600,11.518658625196709,0.0,obgnme,0,
x27_01.700,11.873384403190421,0.0,obgnme,0,
x27_01.800,12.205422017158332,0.0,obgnme,0,
x27_01.900,12.498173504998539,0.0,obgnme,0,
x27_02.000,12.732389470895317,0.0,obgnme,0,
x27_02.100,12.886492988685479,0.0,obgnme,0,
x27_02.200,12.93719986086282,0.0,obgnme,0,
x27_02.300,12.860482010480899,0.0,obgnme,0,
x27_02.400,12.632898874512048,0.0,obgnme,0,
x27_02.500,12.23328230761996,0.0,obgnme,0,
x27_02.600,11.64470297989145,0.0,obgnme,0,
x27_02.700,10.856577191391379,0.0,obgnme,0,
x27_02.800,9.866707135420082,0.0,obgnme,0,
x27_02.900,8.683003550354803,0.0,obgnme,0,
x27_03.000,7.324631648360811,0.0,obgnme,0,
x27_03.100,5.822351598043833,0.0,obgnme,0,
x27_03.200,4.217884518041846,0.0,obgnme,0,
x27_03.300,2.562213545821292,0.0,obgnme,0,
x27_03.400,0.9128281819449875,0.0,obgnme,0,
x27_03.500,-0.6699482323042145,0.0,obgnme,0,
x27_03.600,-2.1272386825204217,0.0,obgnme,0,
x27_03.700,-3.406016955032106,0.0,obgnme,0,
x27_03.800,-4.463053027723652,0.0,obgnme,0,
x27_03.900,-5.267876481759165,0.0,obgnme,0,
x27_04.000,-5.804477638881062,0.0,obgnme,0,
x27_04.100,-6.071797553612241,0.0,obgnme,0,
x27_04.200,-6.08330260998076,0.0,obgnme,0,
x27_04.300,-5.865952853839707,0.0,obgnme,0,
x27_04.400,-5.458657068699553,0.0,obgnme,0,
x27_04.500,-4.910029617551868,0.0,obgnme,0,
x27_04.600,-4.275153485575849,0.0,obgnme,0,
x27_04.700,-3.611241619799426,0.0,obgnme,0,
x27_04.800,-2.9725077455336764,0.0,obgnme,0,
x27_04.900,-2.404982216201791,0.0,obgnme,0,
x27_05.000,-1.942202230740587,0.0,obgnme,0,
x27_05.100,-1.6025702612311794,0.0,obgnme,0,
x27_05.200,-1.3887870709821009,0.0,obgnme,0,
x27_05.300,-1.2893016209505812,0.0,obgnme,0,
x27_05.400,-1.2813399376964705,0.0,obgnme,0,
x27_05.500,-1.3348603048690357,0.0,obgnme,0,
x27_05.600,-1.4167392578118596,0.0,obgnme,0,
x27_05.700,-1.4945871433644413,0.0,obgnme,0,
x27_05.800,-1.5397744938661155,0.0,obgnme,0,
x27_05.900,-1.5294680204079536,0.0,obgnme,0,
x27_06.000,-1.4476759225435247,0.0,obgnme,0,
x27_06.100,-1.2854463554142215,0.0,obgnme,0,
x27_06.200,-1.0404329796629979,0.0,obgnme,0,
x27_06.300,-0.7160458622485615,0.0,obgnme,0,
x27_06.400,-0.3203700048324405,0.0,obgnme,0,
x27_06.500,0.13501436354234136,0.0,obgnme,0,
x27_06.600,0.636216450821063,0.0,obgnme,0,
x27_06.700,1.1681580324820882,0.0,obgnme,0,
x27_06.800,1.715584117703297,0.0,obgnme,0,
x27_06.900,2.263921115730976,0.0,obgnme,0,
x27_07.000,2.799954031427579,0.0,obgnme,0,
x27_07.100,3.312308392485054,0.0,obgnme,0,
x27_07.200,3.7917382996594577,0.0,obgnme,0,
x27_07.300,4.2312366686358525,0.0,obgnme,0,
x27_07.400,4.6259950245715595,0.0,obgnme,0,
x27_07.500,4.973246807548651,0.0,obgnme,0,
x27_07.600,5.272029966814849,0.0,obgnme,0,
x27_07.700,5.522902497360115,0.0,obgnme,0,
x27_07.800,5.727639783300109,0.0,obgnme,0,
x27_07.900,5.888936475072865,0.0,obgnme,0,
x27_08.000,6.01012923732568,0.0,obgnme,0,
x27_08.100,6.0949508274184225,0.0,obgnme,0,
x27_08.200,6.1473210339208775,0.0,obgnme,0,
x27_08.300,6.171176178702147,0.0,obgnme,0,
x27_08.400,6.170336131197635,0.0,obgnme,0,
x27_08.500,6.148405955575219,0.0,obgnme,0,
x27_08.600,6.108708225249283,0.0,obgnme,0,
x27_08.700,6.054241512494915,0.0,obgnme,0,
x27_08.800,5.98766043894056,0.0,obgnme,0,
x27_08.900,5.911272834737842,0.0,obgnme,0,
x27_09.000,5.827049910318859,0.0,obgnme,0,
x27_09.100,5.736645827253719,0.0,obgnme,0,
x27_09.200,5.641423608371625,0.0,obgnme,0,
x27_09.300,5.542484900318839,0.0,obgnme,0,
x27_09.400,5.440701643147104,0.0,obgnme,0,
x27_09.500,5.3367481658964175,0.0,obgnme,0,
x27_09.600,5.231132585371263,0.0,obgnme,0,
x27_09.700,5.124226635287798,0.0,obgnme,0,
x27_09.800,5.016293221985503,0.0,obgnme,0,
x27_09.900,4.907511138168489,0.0,obgnme,0,
x27_10.000,4.797996516153721,0.0,obgnme,0,
x27_10.100,4.687820796227327,0.0,obgnme,0,
x27_10.200,4.5770252206412545,0.0,obgnme,0,
x27_10.300,4.465632103398031,0.0,obgnme,0,
x27_10.400,4.353653316178174,0.0,obgnme,0,
x27_10.500,4.241096523528975,0.0,obgnme,0,
x27_10.600,4.127969675580585,0.0,obgnme,0,
x27_10.700,4.014284140905485,0.0,obgnme,0,
x27_10.800,3.900056682908533,0.0,obgnme,0,
x27_10.900,3.785310310634056,0.0,obgnme,0,
x27_11.000,3.6700739228932178,0.0,obgnme,0,
x27_11.100,3.554380645325956,0.0,obgnme,0,
x27_11.200,3.438264836954213,0.0,obgnme,0,
x27_11.300,3.32175789284424,0.0,obgnme,0,
x27_11.400,3.2048831525028634,0.0,obgnme,0,
x27_11.500,3.0876503954809933,0.0,obgnme,0,
x27_11.600,2.9700505295390363,0.0,obgnme,0,
x27_11.700,2.8520511287765578,0.0,obgnme,0,
x27_11.800,2.7335934487756797,0.0,obgnme,0,
x27_11.900,2.614591434059659,0.0,obgnme,0,
x27_12.000,2.4949330515919703,0.0,obgnme,0,
x27_12.100,2.3744840545797175,0.0,obgnme,0,
x27_12.200,2.2530940344017143,0.0,obgnme,0,
x27_12.300,2.1306043904421985,0.0,obgnme,0,
x27_12.400,2.006857670624636,0.0,obgnme,0,
x27_12.500,1.8817076319598156,0.0,obgnme,0,
x27_12.600,1.7550293480660115,0.0,obgnme,0,
x27_12.700,1.6267287420409866,0.0,obgnme,0,
x27_12.800,1.4967510298458375,0.0,obgnme,0,
x27_12.900,1.3650876978138706,0.0,obgnme,0,
x27_13.000,1.231781784504209,0.0,obgnme,0,
x27_13.100,1.0969313722282106,0.0,obgnme,0,
x27_13.200,0.9606913032892249,0.0,obgnme,0,
x27_13.300,0.82327321287668,0.0,obgnme,0,
x27_13.400,0.6849440138818967,0.0,obgnme,0,
x27_13.500,0.5460229841897843,0.0,obgnme,0,
x27_13.600,0.40687760473938844,0.0,obgnme,0,
x27_13.700,0.26791828962194897,0.0,obgnme,0,
x27_13.800,0.12959214914474532,0.0,obgnme,0,
x27_13.900,-0.00762406020615744,0.0,obgnme,0,
x27_14.000,-0.14323161862270478,0.0,obgnme,0,
x27_14.100,-0.2767179448422528,0.0,obgnme,0,
x27_14.200,-0.4075648722319859,0.0,obgnme,0,
x27_14.300,-0.5352568355998981,0.0,obgnme,0,
x27_14.400,-0.6592887055581834,0.0,obgnme,0,
x27_14.500,-0.7791730287150805,0.0,obgnme,0,
x27_14.600,-0.8944464721442856,0.0,obgnme,0,
x27_14.700,-1.004675323823673,0.0,obgnme,0,
x27_14.800,-1.109459959944261,0.0,obgnme,0,
x27_14.900,-1.2084382482743101,0.0,obgnme,0,
x27_15.000,-1.3012879085996178,0.0,obgnme,0,
x27_15.100,-1.387727893055735,0.0,obgnme,0,
x27_15.200,-1.467518879308708,0.0,obgnme,0,
x27_15.300,-1.5404629881144436,0.0,obgnme,0,
x27_15.400,-1.6064028451311367,0.0,obgnme,0,
x27_15.500,-1.6652201070834198,0.0,obgnme,0,
x27_15.600,-1.716833566926046,0.0,obgnme,0,
x27_15.700,-1.7611969439583828,0.0,obgnme,0,
x27_15.800,-1.798296455053047,0.0,obgnme,0,
x27_15.900,-1.828148253986724,0.0,obgnme,0,
x27_16.000,-1.8507958184487763,0.0,obgnme,0,
x27_16.100,-1.8663073592035375,0.0,obgnme,0,
x27_16.200,-1.8747733230457218,0.0,obgnme,0,
x27_16.300,-1.8763040600074048,0.0,obgnme,0,
x27_16.400,-1.871027724662309,0.0,obgnme,0,
x27_16.500,-1.859088479876585,0.0,obgnme,0,
x27_16.600,-1.8406450673080095,0.0,obgnme,0,
x27_16.700,-1.8158698006575928,0.0,obgnme,0,
x27_16.800,-1.7849480236036432,0.0,obgnme,0,
x27_16.900,-1.7480780533692255,0.0,obgnme,0,
x27_17.000,-1.7054716024763121,0.0,obgnme,0,
x27_17.100,-1.657354635721832,0.0,obgnme,0,
x27_17.200,-1.6039685780287425,0.0,obgnme,0,
x27_17.300,-1.5455717438652141,0.0,obgnme,0,
x27_17.400,-1.4824408136733298,0.0,obgnme,0,
x27_17.500,-1.4148721413425036,0.0,obgnme,0,
x27_17.600,-1.343182643911503,0.0,obgnme,0,
x27_17.700,-1.26771000526542,0.0,obgnme,0,
x27_17.800,-1.1888119241551252,0.0,obgnme,0,
x27_17.900,-1.1068641570557114,0.0,obgnme,0,
x27_18.000,-1.0222571503901652,0.0,obgnme,0,
x27_18.100,-0.9353911247260802,0.0,obgnme,0,
x27_18.200,-0.8466695636800061,0.0,obgnme,0,
x27_18.300,-0.7564911680134965,0.0,obgnme,0,
x27_18.400,-0.6652404541040935,0.0,obgnme,0,
x27_18.500,-0.5732772971228642,0.0,obgnme,0,
x27_18.600,-0.48092583319500587,0.0,obgnme,0,
x27_18.700,-0.3884632316203257,0.0,obgnme,0,
x27_18.800,-0.2961089186131261,0.0,obgnme,0,
x27_18.900,-0.20401487031799606,0.0,obgnme,0,
x27_19.000,-0.11225758980955114,0.0,obgnme,0,
x27_19.100,-0.020832338115174473,0.0,obgnme,0,
x27_19.200,0.07034989599485551,0.0,obgnme,0,
x27_19.300,0.16146232439023464,0.0,obgnme,0,
x27_19.400,0.25275897400420366,0.0,obgnme,0,
x27_19.500,0.34456794585675343,0.0,obgnme,0,
x27_19.600,0.4372814566457979,0.0,obgnme,0,
x27_19.700,0.5313429772572943,0.0,obgnme,0,
x27_19.800,0.627231944349715,0.0,obgnme,0,
x27_19.900,0.7254466578816194,0.0,obgnme,0,
x28_00.000,8.036571434565738,1.0,obgnme,0,1.0
x28_00.100,8.383729951168926,1.0,obgnme,0,1.0
x28_00.200,8.732737598411646,1.0,obgnme,0,1.0
x28_00.300,9.084170132364415,1.0,obgnme,0,1.0
x28_00.400,9.437360036504492,1.0,obgnme,0,1.0
x28_00.500,9.790275309501878,1.0,obgnme,0,1.0
x28_00.600,10.139368883438701,1.0,obgnme,0,1.0
x28_00.700,10.479410778591081,1.0,obgnme,0,1.0
x28_00.800,10.80332068039457,1.0,obgnme,0,1.0
x28_00.900,11.102025045008935,1.0,obgnme,0,1.0
x28_01.000,11.364369728870257,1.0,obgnme,0,1.0
x28_01.100,11.577125832398758,1.0,obgnme,0,1.0
x28_01.200,11.72513187100384,1.0,obgnme,0,1.0
x28_01.300,11.79161790953448,1.0,obgnme,0,1.0
x28_01.400,11.758754695308168,1.0,obgnme,0,1.0
x28_01.500,11.608460489615327,1.0,obgnme,0,1.0
x28_01.600,11.323477867322636,1.0,obgnme,0,1.0
x28_01.700,10.888701209785827,1.0,obgnme,0,1.0
x28_01.800,10.292694536142317,1.0,obgnme,0,1.0
x28_01.900,9.529293612837531,1.0,obgnme,0,1.0
x28_02.000,8.599143605932644,1.0,obgnme,0,1.0
x28_02.100,7.51099215276575,1.0,obgnme,0,1.0
x28_02.200,6.282543842230152,1.0,obgnme,0,1.0
x28_02.300,4.9406889048018146,1.0,obgnme,0,1.0
x28_02.400,3.5209489194357255,1.0,obgnme,0,1.0
x28_02.500,2.066041403882095,1.0,obgnme,0,1.0
x28_02.600,0.6235628278908996,1.0,obgnme,0,1.0
x28_02.700,-0.7570700546899831,1.0,obgnme,0,1.0
x28_02.800,-2.028116321876817,1.0,obgnme,0,1.0
x28_02.900,-3.14700502761324,1.0,obgnme,0,1.0
x28_03.000,-4.079355884017064,1.0,obgnme,0,1.0
x28_03.100,-4.8011757946797005,1.0,obgnme,0,1.0
x28_03.200,-5.3001274671133,1.0,obgnme,0,1.0
x28_03.300,-5.576022320186397,1.0,obgnme,0,1.0
x28_03.400,-5.640801875038262,1.0,obgnme,0,1.0
x28_03.500,-5.518151307388574,1.0,obgnme,0,1.0
x28_03.600,-5.2425928478315145,1.0,obgnme,0,1.0
x28_03.700,-4.85763332024797,1.0,obgnme,0,1.0
x28_03.800,-4.412522253484547,1.0,obgnme,0,1.0
x28_03.900,-3.9575274407047534,1.0,obgnme,0,1.0
x28_04.000,-3.53824466880329,1.0,obgnme,0,1.0
x28_04.100,-3.1900350809964175,1.0,obgnme,0,1.0
x28_04.200,-2.933918044319896,1.0,obgnme,0,1.0
x28_04.300,-2.774993159882223,1.0,obgnme,0,1.0
x28_04.400,-2.703807439057301,1.0,obgnme,0,1.0
x28_04.500,-2.7002741364689142,1.0,obgnme,0,1.0
x28_04.600,-2.739079142204935,1.0,obgnme,0,1.0
x28_04.700,-2.7951973237019505,1.0,obgnme,0,1.0
x28_04.800,-2.8482612008733943,1.0,obgnme,0,1.0
x28_04.900,-2.884994613342445,1.0,obgnme,0,1.0
x28_05.000,-2.899545627505331,1.0,obgnme,0,1.0
x28_05.100,-2.89210538157766,1.0,obgnme,0,1.0
x28_05.200,-2.866534199742075,1.0,obgnme,0,1.0
x28_05.300,-2.8277946724484506,1.0,obgnme,0,1.0
x28_05.400,-2.779861312834841,1.0,obgnme,0,1.0
x28_05.500,-2.7245222408933687,1.0,obgnme,0,1.0
x28_05.600,-2.6611940148176214,1.0,obgnme,0,1.0
x28_05.700,-2.58760543591703,1.0,obgnme,0,1.0
x28_05.800,-2.5010211905083697,1.0,obgnme,0,1.0
x28_05.900,-2.39960057586455,1.0,obgnme,0,1.0
x28_06.000,-2.2835212272040204,1.0,obgnme,0,1.0
x28_06.100,-2.155615533687775,1.0,obgnme,0,1.0
x28_06.200,-2.0214230320415063,1.0,obgnme,0,1.0
x28_06.300,-1.8887086120896945,1.0,obgnme,0,1.0
x28_06.400,-1.7666000474565946,1.0,obgnme,0,1.0
x28_06.500,-1.664545235651658,1.0,obgnme,0,1.0
x28_06.600,-1.5912838451383728,1.0,obgnme,0,1.0
x28_06.700,-1.5539855417291897,1.0,obgnme,0,1.0
x28_06.800,-1.5576471030609995,1.0,obgnme,0,1.0
x28_06.900,-1.6047807906900426,1.0,obgnme,0,1.0
x28_07.000,-1.6953779796351995,1.0,obgnme,0,1.0
x28_07.100,-1.827100441438147,1.0,obgnme,0,1.0
x28_07.200,-1.9956366595215154,1.0,obgnme,0,1.0
x28_07.300,-2.195158635856459,1.0,obgnme,0,1.0
x28_07.400,-2.4188211746871455,1.0,obgnme,0,1.0
x28_07.500,-2.659256369361292,1.0,obgnme,0,1.0
x28_07.600,-2.90902793096196,1.0,obgnme,0,1.0
x28_07.700,-3.1610213191312426,1.0,obgnme,0,1.0
x28_07.800,-3.4087555759580823,1.0,obgnme,0,1.0
x28_07.900,-3.646611099498461,1.0,obgnme,0,1.0
x28_08.000,-3.869974340704692,1.0,obgnme,0,1.0
x28_08.100,-4.0753056361397295,1.0,obgnme,0,1.0
x28_08.200,-4.2601401581750356,1.0,obgnme,0,1.0
x28_08.300,-4.423034332173425,1.0,obgnme,0,1.0
x28_08.400,-4.563471127472314,1.0,obgnme,0,1.0
x28_08.500,-4.681737528748276,1.0,obgnme,0,1.0
x28_08.600,-4.778786458224983,1.0,obgnme,0,1.0
x28_08.700,-4.856093720400156,1.0,obgnme,0,1.0
x28_08.800,-4.915518470283072,1.0,obgnme,0,1.0
x28_08.900,-4.959173532889773,1.0,obgnme,0,1.0
x28_09.000,-4.989309841614547,1.0,obgnme,0,1.0
x28_09.100,-5.008217460446558,1.0,obgnme,0,1.0
x28_09.200,-5.018144181864909,1.0,obgnme,0,1.0
x28_09.300,-5.02123156070592,1.0,obgnme,0,1.0
x28_09.400,-5.0194674259096015,1.0,obgnme,0,1.0
x28_09.500,-5.014653357783991,1.0,obgnme,0,1.0
x28_09.600,-5.008385274630175,1.0,obgnme,0,1.0
x28_09.700,-5.002045091357524,1.0,obgnme,0,1.0
x28_09.800,-4.996801357020784,1.0,obgnme,0,1.0
x28_09.900,-4.99361682242436,1.0,obgnme,0,1.0
x28_10.000,-4.993261015935897,0.0,obgnme,0,
x28_10.100,-4.996326101380568,0.0,obgnme,0,
x28_10.200,-5.003244539847405,0.0,obgnme,0,
x28_10.300,-5.01430735562488,0.0,obgnme,0,
x28_10.400,-5.029682089639658,0.0,obgnme,0,
x28_10.500,-5.049429787047929,0.0,obgnme,0,
x28_10.600,-5.0735205906864325,0.0,obgnme,0,
x28_10.700,-5.101847689753966,0.0,obgnme,0,
x28_10.800,-5.134239502691848,0.0,obgnme,0,
x28_10.900,-5.17047005957297,0.0,obgnme,0,
x28_11.000,-5.210267599421857,0.0,obgnme,0,
x28_11.100,-5.253321419157102,0.0,obgnme,0,
x28_11.200,-5.29928701094563,0.0,obgnme,0,
x28_11.300,-5.3477895126203485,0.0,obgnme,0,
x28_11.400,-5.398425482408464,0.0,obgnme,0,
x28_11.500,-5.4507630071524416,0.0,obgnme,0,
x28_11.600,-5.504340174931915,0.0,obgnme,0,
x28_11.700,-5.558661998175688,0.0,obgnme,0,
x28_11.800,-5.613195966256445,0.0,obgnme,0,
x28_11.900,-5.667366534258687,0.0,obgnme,0,
x28_12.000,-5.720549006419951,0.0,obgnme,0,
x28_12.100,-5.772063431058159,0.0,obgnme,0,
x28_12.200,-5.821169266201227,0.0,obgnme,0,
x28_12.300,-5.867061677488767,0.0,obgnme,0,
x28_12.400,-5.908870369813007,0.0,obgnme,0,
x28_12.500,-5.945661814126546,0.0,obgnme,0,
x28_12.600,-5.976445600770767,0.0,obgnme,0,
x28_12.700,-6.000185429452543,0.0,obgnme,0,
x28_12.800,-6.015814942366193,0.0,obgnme,0,
x28_12.900,-6.022258239845472,0.0,obgnme,0,
x28_13.000,-6.01845451602225,0.0,obgnme,0,
x28_13.100,-6.003385852137259,0.0,obgnme,0,
x28_13.200,-5.9761068492587635,0.0,obgnme,0,
x28_13.300,-5.935774512194648,0.0,obgnme,0,
x28_13.400,-5.881676648450324,0.0,obgnme,0,
x28_13.500,-5.813257044558688,0.0,obgnme,0,
x28_13.600,-5.730135835165227,0.0,obgnme,0,
x28_13.700,-5.6321237779085545,0.0,obgnme,0,
x28_13.800,-5.519229562147457,0.0,obgnme,0,
x28_13.900,-5.391659770901631,0.0,obgnme,0,
x28_14.000,-5.249811633452487,0.0,obgnme,0,
x28_14.100,-5.094259199144426,0.0,obgnme,0,
x28_14.200,-4.9257339834964915,0.0,obgnme,0,
x28_14.300,-4.745101448180391,0.0,obgnme,0,
x28_14.400,-4.5533348533647375,0.0,obgnme,0,
x28_14.500,-4.351488057399735,0.0,obgnme,0,
x28_14.600,-4.140668744030433,0.0,obgnme,0,
x28_14.700,-3.922013354102158,0.0,obgnme,0,
x28_14.800,-3.6966647191629916,0.0,obgnme,0,
x28_14.900,-3.4657530746487097,0.0,obgnme,0,
x28_15.000,-3.23038080558769,0.0,obgnme,0,
x28_15.100,-2.991610977907788,0.0,obgnme,0,
x28_15.200,-2.750459455475289,0.0,obgnme,0,
x28_15.300,-2.507890209977543,0.0,obgnme,0,
x28_15.400,-2.264813302108727,0.0,obgnme,0,
x28_15.500,-2.022084945514898,0.0,obgnme,0,
x28_15.600,-1.7805090517597228,0.0,obgnme,0,
x28_15.700,-1.5408396843768615,0.0,obgnme,0,
x28_15.800,-1.3037839110353102,0.0,obgnme,0,
x28_15.900,-1.0700046235869292,0.0,obgnme,0,
x28_16.000,-0.8401229863888852,0.0,obgnme,0,
x28_16.100,-0.6147202658898883,0.0,obgnme,0,
x28_16.200,-0.3943388832578748,0.0,obgnme,0,
x28_16.300,-0.17948261301451662,0.0,obgnme,0,
x28_16.400,0.029384077885984072,0.0,obgnme,0,
x28_16.500,0.23183749515857402,0.0,obgnme,0,
x28_16.600,0.4274968806082567,0.0,obgnme,0,
x28_16.700,0.6160271273575592,0.0,obgnme,0,
x28_16.800,0.7971418687159216,0.0,obgnme,0,
x28_16.900,0.9706067390773373,0.0,obgnme,0,
x28_17.000,1.1362425894195924,0.0,obgnme,0,
x28_17.100,1.2939284315850992,0.0,obgnme,0,
x28_17.200,1.4436038847283226,0.0,obgnme,0,
x28_17.300,1.5852709046549613,0.0,obgnme,0,
x28_17.400,1.7189945930261883,0.0,obgnme,0,
x28_17.500,1.844902909363674,0.0,obgnme,0,
x28_17.600,1.9631851450401725,0.0,obgnme,0,
x28_17.700,2.0740890650122488,0.0,obgnme,0,
x28_17.800,2.177916679153031,0.0,obgnme,0,
x28_17.900,2.2750186688212954,0.0,obgnme,0,
x28_18.000,2.3657875627371547,0.0,obgnme,0,
x28_18.100,2.4506498251907196,0.0,obgnme,0,
x28_18.200,2.530057084094702,0.0,obgnme,0,
x28_18.300,2.604476780993135,0.0,obgnme,0,
x28_18.400,2.674382564618726,0.0,obgnme,0,
x28_18.500,2.7402447695565737,0.0,obgnme,0,
x28_18.600,2.802521319117901,0.0,obgnme,0,
x28_18.700,2.861649365757632,0.0,obgnme,0,
x28_18.800,2.918037934688613,0.0,obgnme,0,
x28_18.900,2.9720617704621977,0.0,obgnme,0,
x28_19.000,3.0240565079067823,0.0,obgnme,0,
x28_19.100,3.07431520505894,0.0,obgnme,0,
x28_19.200,3.1230861943153356,0.0,obgnme,0,
x28_19.300,3.1705721364239463,0.0,obgnme,0,
x28_19.400,3.2169301064105777,0.0,obgnme,0,
x28_19.500,3.262272505504978,0.0,obgnme,0,
x28_19.600,3.30666858061623,0.0,obgnme,0,
x28_19.700,3.3501463423700324,0.0,obgnme,0,
x28_19.800,3.392694701191173,0.0,obgnme,0,
x28_19.900,3.4342656834295004,0.0,obgnme,0,
x29_00.000,10.454376985756143,0.0,obgnme,0,
x29_00.100,10.511462530982056,0.0,obgnme,0,
x29_00.200,10.556733344170533,0.0,obgnme,0,
x29_00.300,10.57989806103501,0.0,obgnme,0,
x29_00.400,10.569684214303505,0.0,obgnme,0,
x29_00.500,10.514032346064983,0.0,obgnme,0,
x29_00.600,10.400415870635422,0.0,obgnme,0,
x29_00.700,10.21630990398805,0.0,obgnme,0,
x29_00.800,9.94982164423722,0.0,obgnme,0,
x29_00.900,9.590478280505483,0.0,obgnme,0,
x29_01.000,9.130145735734933,0.0,obgnme,0,
x29_01.100,8.564024097880287,0.0,obgnme,0,
x29_01.200,7.891636321630038,0.0,obgnme,0,
x29_01.300,7.11770032397613,0.0,obgnme,0,
x29_01.400,6.252756912304244,0.0,obgnme,0,
x29_01.500,5.313423656246342,0.0,obgnme,0,
x29_01.600,4.322163916866579,0.0,obgnme,0,
x29_01.700,3.306504504443058,0.0,obgnme,0,
x29_01.800,2.297703426600828,0.0,obgnme,0,
x29_01.900,1.3289510953329091,0.0,obgnme,0,
x29_02.000,0.43326446993045487,0.0,obgnme,0,
x29_02.100,-0.35872189928934695,0.0,obgnme,0,
x29_02.200,-1.0208716686672623,0.0,obgnme,0,
x29_02.300,-1.5334324529669492,0.0,obgnme,0,
x29_02.400,-1.8846337228239942,0.0,obgnme,0,
x29_02.500,-2.071982045936854,0.0,obgnme,0,
x29_02.600,-2.103196306166185,0.0,obgnme,0,
x29_02.700,-1.9965949828596818,0.0,obgnme,0,
x29_02.800,-1.7805981527616153,0.0,obgnme,0,
x29_02.900,-1.491959955732968,0.0,obgnme,0,
x29_03.000,-1.1725092166369688,0.0,obgnme,0,
x29_03.100,-0.8645578429912648,0.0,obgnme,0,
x29_03.200,-0.6056203733206058,0.0,obgnme,0,
x29_03.300,-0.42347396879398813,0.0,obgnme,0,
x29_03.400,-0.3326960345337754,0.0,obgnme,0,
x29_03.500,-0.3335692873634242,0.0,obgnme,0,
x29_03.600,-0.41368922871122304,0.0,obgnme,0,
x29_03.700,-0.5518966402604598,0.0,obgnme,0,
x29_03.800,-0.723505118974028,0.0,obgnme,0,
x29_03.900,-0.9054333419960163,0.0,obgnme,0,
x29_04.000,-1.0799426128423735,0.0,obgnme,0,
x29_04.100,-1.2362114416084349,0.0,obgnme,0,
x29_04.200,-1.369745606397139,0.0,obgnme,0,
x29_04.300,-1.4803152018875452,0.0,obgnme,0,
x29_04.400,-1.5694670505077586,0.0,obgnme,0,
x29_04.500,-1.6385808971365519,0.0,obgnme,0,
x29_04.600,-1.6880089145103425,0.0,obgnme,0,
x29_04.700,-1.717282314383877,0.0,obgnme,0,
x29_04.800,-1.7259381326374725,0.0,obgnme,0,
x29_04.900,-1.7143782269506915,0.0,obgnme,0,
x29_05.000,-1.6843241053215734,0.0,obgnme,0,
x29_05.100,-1.6387337690947827,0.0,obgnme,0,
x29_05.200,-1.581315577016547,0.0,obgnme,0,
x29_05.300,-1.5158933167451207,0.0,obgnme,0,
x29_05.400,-1.4458445086329073,0.0,obgnme,0,
x29_05.500,-1.3737268456895848,0.0,obgnme,0,
x29_05.600,-1.3011090163302217,0.0,obgnme,0,
x29_05.700,-1.2285727276898672,0.0,obgnme,0,
x29_05.800,-1.155845505015414,0.0,obgnme,0,
x29_05.900,-1.082029887189462,0.0,obgnme,0,
x29_06.000,-1.0058923187312632,0.0,obgnme,0,
x29_06.100,-0.9261626382368717,0.0,obgnme,0,
x29_06.200,-0.8417850580798848,0.0,obgnme,0,
x29_06.300,-0.7520668770151545,0.0,obgnme,0,
x29_06.400,-0.6566952924766432,0.0,obgnme,0,
x29_06.500,-0.5556281900220837,0.0,obgnme,0,
x29_06.600,-0.44889880528347487,0.0,obgnme,0,
x29_06.700,-0.33639523238830277,0.0,obgnme,0,
x29_06.800,-0.21767844538763462,0.0,obgnme,0,
x29_06.900,-0.09188826876721154,0.0,obgnme,0,
x29_07.000,0.0422380212333085,0.0,obgnme,0,
x29_07.100,0.18623692979539055,0.0,obgnme,0,
x29_07.200,0.3417048447829132,0.0,obgnme,0,
x29_07.300,0.5100378930738332,0.0,obgnme,0,
x29_07.400,0.6921685728405427,0.0,obgnme,0,
x29_07.500,0.8883380186560018,0.0,obgnme,0,
x29_07.600,1.0979330186672134,0.0,obgnme,0,
x29_07.700,1.3194045746422074,0.0,obgnme,0,
x29_07.800,1.550272419831359,0.0,obgnme,0,
x29_07.900,1.7872092775539064,0.0,obgnme,0,
x29_08.000,2.0261907681491778,0.0,obgnme,0,
x29_08.100,2.2626921117261425,0.0,obgnme,0,
x29_08.200,2.491910999919571,0.0,obgnme,0,
x29_08.300,2.708996761941211,0.0,obgnme,0,
x29_08.400,2.909268572741634,0.0,obgnme,0,
x29_08.500,3.0884092102873124,0.0,obgnme,0,
x29_08.600,3.2426250597550963,0.0,obgnme,0,
x29_08.700,3.3687670985332243,0.0,obgnme,0,
x29_08.800,3.464411071466622,0.0,obgnme,0,
x29_08.900,3.5278977787865573,0.0,obgnme,0,
x29_09.000,3.558336333968796,0.0,obgnme,0,
x29_09.100,3.55557452513676,0.0,obgnme,0,
x29_09.200,3.520141217079132,0.0,obgnme,0,
x29_09.300,3.4531662423127467,0.0,obgnme,0,
x29_09.400,3.3562835708160357,0.0,obgnme,0,
x29_09.500,3.2315237564552133,0.0,obgnme,0,
x29_09.600,3.0812016941912193,0.0,obgnme,0,
x29_09.700,2.9078055055163308,0.0,obgnme,0,
x29_09.800,2.713891829274627,0.0,obgnme,0,
x29_09.900,2.501991914536169,0.0,obgnme,0,
x29_10.000,2.274531751760426,0.0,obgnme,0,
x29_10.100,2.0337681670698102,0.0,obgnme,0,
x29_10.200,1.7817415064693038,0.0,obgnme,0,
x29_10.300,1.520244408575297,0.0,obgnme,0,
x29_10.400,1.2508053172216964,0.0,obgnme,0,
x29_10.500,0.9746848670726267,0.0,obgnme,0,
x29_10.600,0.6928830723250483,0.0,obgnme,0,
x29_10.700,0.40615530199868405,0.0,obgnme,0,
x29_10.800,0.11503525404482079,0.0,obgnme,0,
x29_10.900,-0.1801365384527412,0.0,obgnme,0,
x29_11.000,-0.4791797932813715,0.0,obgnme,0,
x29_11.100,-0.7820379702415383,0.0,obgnme,0,
x29_11.200,-1.0887387339156394,0.0,obgnme,0,
x29_11.300,-1.3993517919569578,0.0,obgnme,0,
x29_11.400,-1.713944443107757,0.0,obgnme,0,
x29_11.500,-2.0325351960677067,0.0,obgnme,0,
x29_11.600,-2.3550459449350973,0.0,obgnme,0,
x29_11.700,-2.6812534083967723,0.0,obgnme,0,
x29_11.800,-3.0107408540148626,0.0,obgnme,0,
x29_11.900,-3.3428515253555076,0.0,obgnme,0,
x29_12.000,-3.6766456471948294,0.0,obgnme,0,
x29_12.100,-4.010863366117891,0.0,obgnme,0,
x29_12.200,-4.343896434687112,0.0,obgnme,0,
x29_12.300,-4.673771790544462,0.0,obgnme,0,
x29_12.400,-4.998150323607002,0.0,obgnme,0,
x29_12.500,-5.314343963833263,0.0,obgnme,0,
x29_12.600,-5.61935366751803,0.0,obgnme,0,
x29_12.700,-5.909929872994774,0.0,obgnme,0,
x29_12.800,-6.182655535702,0.0,obgnme,0,
x29_12.900,-6.434050014246368,0.0,obgnme,0,
x29_13.000,-6.660690025772224,0.0,obgnme,0,
x29_13.100,-6.859341858701556,0.0,obgnme,0,
x29_13.200,-7.027097306274545,0.0,obgnme,0,
x29_13.300,-7.161504643901703,0.0,obgnme,0,
x29_13.400,-7.260685636445046,0.0,obgnme,0,
x29_13.500,-7.323430139975992,0.0,obgnme,0,
x29_13.600,-7.349261332944846,0.0,obgnme,0,
x29_13.700,-7.338466816319826,0.0,obgnme,0,
x29_13.800,-7.292093497824832,0.0,obgnme,0,
x29_13.900,-7.211907001431169,0.0,obgnme,0,
x29_14.000,-7.1003189970967355,0.0,obgnme,0,
x29_14.100,-6.960288051618785,0.0,obgnme,0,
x29_14.200,-6.795201164566186,0.0,obgnme,0,
x29_14.300,-6.608743975497612,0.0,obgnme,0,
x29_14.400,-6.404767707407445,0.0,obgnme,0,
x29_14.500,-6.187160325267925,0.0,obgnme,0,
x29_14.600,-5.959728275865617,0.0,obgnme,0,
x29_14.700,-5.7260937086375225,0.0,obgnme,0,
x29_14.800,-5.4896104397363175,0.0,obgnme,0,
x29_14.900,-5.253300284515719,0.0,obgnme,0,
x29_15.000,-5.019809890326514,0.0,obgnme,0,
x29_15.100,-4.79138695630687,0.0,obgnme,0,
x29_15.200,-4.569873790610367,0.0,obgnme,0,
x29_15.300,-4.356715547034667,0.0,obgnme,0,
x29_15.400,-4.152980185253136,0.0,obgnme,0,
x29_15.500,-3.959387168365182,0.0,obgnme,0,
x29_15.600,-3.7763420891130597,0.0,obgnme,0,
x29_15.700,-3.603974737191525,0.0,obgnme,0,
x29_15.800,-3.4421785227824944,0.0,obgnme,0,
x29_15.900,-3.290649602640586,0.0,obgnme,0,
x29_16.000,-3.148924473451405,0.0,obgnme,0,
x29_16.100,-3.0164151742098984,0.0,obgnme,0,
x29_16.200,-2.8924415583076057,0.0,obgnme,0,
x29_16.300,-2.776260350121288,0.0,obgnme,0,
x29_16.400,-2.667090891012697,0.0,obgnme,0,
x29_16.500,-2.564137611870282,0.0,obgnme,0,
x29_16.600,-2.466609352872574,0.0,obgnme,0,
x29_16.700,-2.3737356966743053,0.0,obgnme,0,
x29_16.800,-2.284780499476825,0.0,obgnme,0,
x29_16.900,-2.1990528054125047,0.0,obgnme,0,
x29_17.000,-2.115915321912826,0.0,obgnme,0,
x29_17.100,-2.0347906240436595,0.0,obgnme,0,
x29_17.200,-1.9551652490552882,0.0,obgnme,0,
x29_17.300,-1.8765918415504919,0.0,obgnme,0,
x29_17.400,-1.7986895158470955,0.0,obgnme,0,
x29_17.500,-1.7211426148388291,0.0,obgnme,0,
x29_17.600,-1.6436980622071147,0.0,obgnme,0,
x29_17.700,-1.5661615245912652,0.0,obgnme,0,
x29_17.800,-1.4883926192169978,0.0,obgnme,0,
x29_17.900,-1.4102994174256034,0.0,obgnme,0,
x29_18.000,-1.3318325028312332,0.0,obgnme,0,
x29_18.100,-1.2529788424577157,0.0,obgnme,0,
x29_18.200,-1.1737557190821688,0.0,obgnme,0,
x29_18.300,-1.0942049530522295,0.0,obgnme,0,
x29_18.400,-1.0143876129045684,0.0,obgnme,0,
x29_18.500,-0.9343793778267152,0.0,obgnme,0,
x29_18.600,-0.8542666735244994,0.0,obgnme,0,
x29_18.700,-0.774143658765681,0.0,obgnme,0,
x29_18.800,-0.694110095102061,0.0,obgnme,0,
x29_18.900,-0.614270089097617,0.0,obgnme,0,
x29_19.000,-0.5347316564805239,0.0,obgnme,0,
x29_19.100,-0.4556070222244366,0.0,obgnme,0,
x29_19.200,-0.37701354048067437,0.0,obgnme,0,
x29_19.300,-0.2990750940486562,0.0,obgnme,0,
x29_19.400,-0.2219238150031582,0.0,obgnme,0,
x29_19.500,-0.145701956395863,0.0,obgnme,0,
x29_19.600,-0.07056373975783532,0.0,obgnme,0,
x29_19.700,0.0033229954569455877,0.0,obgnme,0,
x29_19.800,0.07577550630912797,0.0,obgnme,0,
x29_19.900,0.14659537595418118,0.0,obgnme,0,
x30_00.000,9.466052661773412,1.0,obgnme,0,1.0
x30_00.100,9.310977220966711,1.0,obgnme,0,1.0
x30_00.200,9.084222348960328,1.0,obgnme,0,1.0
x30_00.300,8.785411541008747,1.0,obgnme,0,1.0
x30_00.400,8.415844958022692,1.0,obgnme,0,1.0
x30_00.500,7.979039103947245,1.0,obgnme,0,1.0
x30_00.600,7.4811836019058395,1.0,obgnme,0,1.0
x30_00.700,6.931453953746227,1.0,obgnme,0,1.0
x30_00.800,6.342116223958931,1.0,obgnme,0,1.0
x30_00.900,5.728365819108422,1.0,obgnme,0,1.0
x30_01.000,5.107859441951459,1.0,obgnme,0,1.0
x30_01.100,4.499926368076669,1.0,obgnme,0,1.0
x30_01.200,3.9244794613741596,1.0,obgnme,0,1.0
x30_01.300,3.4006829743972182,1.0,obgnme,0,1.0
x30_01.400,2.945468236929245,1.0,obgnme,0,1.0
x30_01.500,2.572017175680101,1.0,obgnme,0,1.0
x30_01.600,2.2883582018254436,1.0,obgnme,0,1.0
x30_01.700,2.096242238986338,1.0,obgnme,0,1.0
x30_01.800,1.9904880614588547,1.0,obgnme,0,1.0
x30_01.900,1.9589955186520556,1.0,obgnme,0,1.0
x30_02.000,1.9836009183545034,1.0,obgnme,0,1.0
x30_02.100,2.0418649393748516,1.0,obgnme,0,1.0
x30_02.200,2.109725981507191,1.0,obgnme,0,1.0
x30_02.300,2.164735603252758,1.0,obgnme,0,1.0
x30_02.400,2.1893677083013676,1.0,obgnme,0,1.0
x30_02.500,2.173735374930213,1.0,obgnme,0,1.0
x30_02.600,2.1170380556238824,1.0,obgnme,0,1.0
x30_02.700,2.027251103851396,1.0,obgnme,0,1.0
x30_02.800,1.9189567629558424,1.0,obgnme,0,1.0
x30_02.900,1.8097182642226166,1.0,obgnme,0,1.0
x30_03.000,1.7158569724467687,1.0,obgnme,0,1.0
x30_03.100,1.6487218981394791,1.0,obgnme,0,1.0
x30_03.200,1.6124220093991415,1.0,obgnme,0,1.0
x30_03.300,1.6035450979907315,1.0,obgnme,0,1.0
x30_03.400,1.6127730187311597,1.0,obgnme,0,1.0
x30_03.500,1.627746065358104,1.0,obgnme,0,1.0
x30_03.600,1.6362194181175662,1.0,obgnme,0,1.0
x30_03.700,1.6285835758662912,1.0,obgnme,0,1.0
x30_03.800,1.599157640367788,1.0,obgnme,0,1.0
x30_03.900,1.546164279128386,1.0,obgnme,0,1.0
x30_04.000,1.470748502690394,1.0,obgnme,0,1.0
x30_04.100,1.3756305723058124,1.0,obgnme,0,1.0
x30_04.200,1.2639341511353095,1.0,obgnme,0,1.0
x30_04.300,1.1384950470868407,1.0,obgnme,0,1.0
x30_04.400,1.0016873515961318,1.0,obgnme,0,1.0
x30_04.500,0.8556157770296515,1.0,obgnme,0,1.0
x30_04.600,0.7024476614036835,1.0,obgnme,0,1.0
x30_04.700,0.5446757099515507,1.0,obgnme,0,1.0
x30_04.800,0.38518195189015647,1.0,obgnme,0,1.0
x30_04.900,0.22708189595771278,1.0,obgnme,0,1.0
x30_05.000,0.07342530711314685,1.0,obgnme,0,1.0
x30_05.100,-0.07312172636174968,1.0,obgnme,0,1.0
x30_05.200,-0.21050301386849185,1.0,obgnme,0,1.0
x30_05.300,-0.3373527740137938,1.0,obgnme,0,1.0
x30_05.400,-0.45293800447648336,1.0,obgnme,0,1.0
x30_05.500,-0.5570089161791086,1.0,obgnme,0,1.0
x30_05.600,-0.6496128130761925,1.0,obgnme,0,1.0
x30_05.700,-0.7309163025932787,1.0,obgnme,0,1.0
x30_05.800,-0.8010640708387945,1.0,obgnme,0,1.0
x30_05.900,-0.8600879848751338,1.0,obgnme,0,1.0
x30_06.000,-0.9078695931659814,1.0,obgnme,0,1.0
x30_06.100,-0.9441503858142659,1.0,obgnme,0,1.0
x30_06.200,-0.9685762243006242,1.0,obgnme,0,1.0
x30_06.300,-0.980756212585223,1.0,obgnme,0,1.0
x30_06.400,-0.9803142747100072,1.0,obgnme,0,1.0
x30_06.500,-0.9669152148992096,1.0,obgnme,0,1.0
x30_06.600,-0.9402551664601306,1.0,obgnme,0,1.0
x30_06.700,-0.9000162984121262,1.0,obgnme,0,1.0
x30_06.800,-0.845794327922057,1.0,obgnme,0,1.0
x30_06.900,-0.7770127952995229,1.0,obgnme,0,1.0
x30_07.000,-0.6928398315144835,1.0,obgnme,0,1.0
x30_07.100,-0.5921220805579164,1.0,obgnme,0,1.0
x30_07.200,-0.47334765478120655,1.0,obgnme,0,1.0
x30_07.300,-0.33464635137422083,1.0,obgnme,0,1.0
x30_07.400,-0.17383127939053722,1.0,obgnme,0,1.0
x30_07.500,0.011518238379195828,1.0,obgnme,0,1.0
x30_07.600,0.22393684192228128,1.0,obgnme,0,1.0
x30_07.700,0.4659244444733892,1.0,obgnme,0,1.0
x30_07.800,0.7397793768685061,1.0,obgnme,0,1.0
x30_07.900,1.047425219006009,1.0,obgnme,0,1.0
x30_08.000,1.390242712812094,1.0,obgnme,0,1.0
x30_08.100,1.7689163643084873,1.0,obgnme,0,1.0
x30_08.200,2.183302858102884,1.0,obgnme,0,1.0
x30_08.300,2.6323260173476126,1.0,obgnme,0,1.0
x30_08.400,3.1139014558124294,1.0,obgnme,0,1.0
x30_08.500,3.6248936934252307,1.0,obgnme,0,1.0
x30_08.600,4.161109308460984,1.0,obgnme,0,1.0
x30_08.700,4.717331178920263,1.0,obgnme,0,1.0
x30_08.800,5.28740015292601,1.0,obgnme,0,1.0
x30_08.900,5.864350546811914,1.0,obgnme,0,1.0
x30_09.000,6.440603780531149,1.0,obgnme,0,1.0
x30_09.100,7.008219736926861,1.0,obgnme,0,1.0
x30_09.200,7.559198294671011,1.0,obgnme,0,1.0
x30_09.300,8.08581499089749,1.0,obgnme,0,1.0
x30_09.400,8.580966699555566,1.0,obgnme,0,1.0
x30_09.500,9.03849767281451,1.0,obgnme,0,1.0
x30_09.600,9.453475102246056,1.0,obgnme,0,1.0
x30_09.700,9.82238739612703,1.0,obgnme,0,1.0
x30_09.800,10.143247181049642,1.0,obgnme,0,1.0
x30_09.900,10.415592865356652,1.0,obgnme,0,1.0
x30_10.000,10.640394915292129,0.0,obgnme,0,
x30_10.100,10.819883273650955,0.0,obgnme,0,
x30_10.200,10.957318830421722,0.0,obgnme,0,
x30_10.300,11.056733922959037,0.0,obgnme,0,
x30_10.400,11.122664996782163,0.0,obgnme,0,
x30_10.500,11.159896025615897,0.0,obgnme,0,
x30_10.600,11.1732255328844,0.0,obgnme,0,
x30_10.700,11.167264356905934,0.0,obgnme,0,
x30_10.800,11.146266528785455,0.0,obgnme,0,
x30_10.900,11.113992205146694,0.0,obgnme,0,
x30_11.000,11.073599571440294,0.0,obgnme,0,
x30_11.100,11.027561828532194,0.0,obgnme,0,
x30_11.200,10.977605514271158,0.0,obgnme,0,
x30_11.300,10.924667197616385,0.0,obgnme,0,
x30_11.400,10.868866755362726,0.0,obgnme,0,
x30_11.500,10.809496789603553,0.0,obgnme,0,
x30_11.600,10.745029099151903,0.0,obgnme,0,
x30_11.700,10.67314033683649,0.0,obgnme,0,
x30_11.800,10.590759931329105,0.0,obgnme,0,
x30_11.900,10.494143887583645,0.0,obgnme,0,
x30_12.000,10.378978059512194,0.0,obgnme,0,
x30_12.100,10.240513773634994,0.0,obgnme,0,
x30_12.200,10.073737165137091,0.0,obgnme,0,
x30_12.300,9.873571226978399,0.0,obgnme,0,
x30_12.400,9.635106437328272,0.0,obgnme,0,
x30_12.500,9.353852139435583,0.0,obgnme,0,
x30_12.600,9.025996991964119,0.0,obgnme,0,
x30_12.700,8.648663336694378,0.0,obgnme,0,
x30_12.800,8.220137890609289,0.0,obgnme,0,
x30_12.900,7.740060388458717,0.0,obgnme,0,
x30_13.000,7.209553138209445,0.0,obgnme,0,
x30_13.100,6.631278045440864,0.0,obgnme,0,
x30_13.200,6.0094132401926785,0.0,obgnme,0,
x30_13.300,5.349548316870999,0.0,obgnme,0,
x30_13.400,4.658504398710139,0.0,obgnme,0,
x30_13.500,3.9440917053256705,0.0,obgnme,0,
x30_13.600,3.2148221345386117,0.0,obgnme,0,
x30_13.700,2.479597016257978,0.0,obgnme,0,
x30_13.800,1.7473905404887056,0.0,obgnme,0,
x30_13.900,1.0269476865462188,0.0,obgnme,0,
x30_14.000,0.32651233771248866,0.0,obgnme,0,
x30_14.100,-0.34640269588599915,0.0,obgnme,0,
x30_14.200,-0.985196208498504,0.0,obgnme,0,
x30_14.300,-1.5843061096649447,0.0,obgnme,0,
x30_14.400,-2.1392838137782446,0.0,obgnme,0,
x30_14.500,-2.646818274294354,0.0,obgnme,0,
x30_14.600,-3.104714671702528,0.0,obgnme,0,
x30_14.700,-3.511834410775642,0.0,obgnme,0,
x30_14.800,-3.8680041672760868,0.0,obgnme,0,
x30_14.900,-4.173902275562613,0.0,obgnme,0,
x30_15.000,-4.430930792709942,0.0,obgnme,0,
x30_15.100,-4.641081149721733,0.0,obgnme,0,
x30_15.200,-4.8068004684121375,0.0,obgnme,0,
x30_15.300,-4.930864474790012,0.0,obgnme,0,
x30_15.400,-5.01626159114653,0.0,obgnme,0,
x30_15.500,-5.0660913647180426,0.0,obgnme,0,
x30_15.600,-5.083479009936306,0.0,obgnme,0,
x30_15.700,-5.071506602414665,0.0,obgnme,0,
x30_15.800,-5.033160434434968,0.0,obgnme,0,
x30_15.900,-4.97129325926995,0.0,obgnme,0,
x30_16.000,-4.888599620425989,0.0,obgnme,0,
x30_16.100,-4.78760216338503,0.0,obgnme,0,
x30_16.200,-4.6706467277498165,0.0,obgnme,0,
x30_16.300,-4.53990407536839,0.0,obgnme,0,
x30_16.400,-4.397376282382949,0.0,obgnme,0,
x30_16.500,-4.244906070808201,0.0,obgnme,0,
x30_16.600,-4.08418764448553,0.0,obgnme,0,
x30_16.700,-3.916777897953067,0.0,obgnme,0,
x30_16.800,-3.744107164192093,0.0,obgnme,0,
x30_16.900,-3.567488943280042,0.0,obgnme,0,
x30_17.000,-3.388128298320475,0.0,obgnme,0,
x30_17.100,-3.2071288110475793,0.0,obgnme,0,
x30_17.200,-3.025498153698127,0.0,obgnme,0,
x30_17.300,-2.8441524551137394,0.0,obgnme,0,
x30_17.400,-2.6639197187291357,0.0,obgnme,0,
x30_17.500,-2.485542591111841,0.0,obgnme,0,
x30_17.600,-2.3096807866064517,0.0,obgnme,0,
x30_17.700,-2.1369134522127684,0.0,obgnme,0,
x30_17.800,-1.9677417137702302,0.0,obgnme,0,
x30_17.900,-1.8025915869301383,0.0,obgnme,0,
x30_18.000,-1.6418173713082878,0.0,obgnme,0,
x30_18.100,-1.4857055801226573,0.0,obgnme,0,
x30_18.200,-1.3344793960818075,0.0,obgnme,0,
x30_18.300,-1.1883035915915166,0.0,obgnme,0,
x30_18.400,-1.0472898103593369,0.0,obgnme,0,
x30_18.500,-0.9115020796285722,0.0,obgnme,0,
x30_18.600,-0.7809624076728119,0.0,obgnme,0,
x30_18.700,-0.6556563188412751,0.0,obgnme,0,
x30_18.800,-0.5355381865687069,0.0,obgnme,0,
x30_18.900,-0.42053624106144194,0.0,obgnme,0,
x30_19.000,-0.31055715035515097,0.0,obgnme,0,
x30_19.100,-0.20549009867645626,0.0,obgnme,0,
x30_19.200,-0.10521031234619149,0.0,obgnme,0,
x30_19.300,-0.009582009031961047,0.0,obgnme,0,
x30_19.400,0.08153923036555077,0.0,obgnme,0,
x30_19.500,0.16830464742010998,0.0,obgnme,0,
x30_19.600,0.250871012672672,0.0,obgnme,0,
x30_19.700,0.32939980260720636,0.0,obgnme,0,
x30_19.800,0.404056786658513,0.0,obgnme,0,
x30_19.900,0.4750119566042792,0.0,obgnme,0,
x31_00.000,7.032169571175358,0.0,obgnme,0,
x31_00.100,6.6938630096887,0.0,obgnme,0,
x31_00.200,6.345661222312388,0.0,obgnme,0,
x31_00.300,5.9960717498363465,0.0,obgnme,0,
x31_00.400,5.654633811290764,0.0,obgnme,0,
x31_00.500,5.33135460101973,0.0,obgnme,0,
x31_00.600,5.036041009549775,0.0,obgnme,0,
x31_00.700,4.777574898187182,0.0,obgnme,0,
x31_00.800,4.563198952383165,0.0,obgnme,0,
x31_00.900,4.397896569496345,0.0,obgnme,0,
x31_01.000,4.283959429368033,0.0,obgnme,0,
x31_01.100,4.220835072586912,0.0,obgnme,0,
x31_01.200,4.205327616454478,0.0,obgnme,0,
x31_01.300,4.232182102059201,0.0,obgnme,0,
x31_01.400,4.295015582073855,0.0,obgnme,0,
x31_01.500,4.387473058536868,0.0,obgnme,0,
x31_01.600,4.5044020295964575,0.0,obgnme,0,
x31_01.700,4.642783674300931,0.0,obgnme,0,
x31_01.800,4.802161977248124,0.0,obgnme,0,
x31_01.900,4.984394740046914,0.0,obgnme,0,
x31_02.000,5.192709295044003,0.0,obgnme,0,
x31_02.100,5.430246373666677,0.0,obgnme,0,
x31_02.200,5.69845690154239,0.0,obgnme,0,
x31_02.300,5.995809907686245,0.0,obgnme,0,
x31_02.400,6.31722650452089,0.0,obgnme,0,
x31_02.500,6.654469362963324,0.0,obgnme,0,
x31_02.600,6.997435058817711,0.0,obgnme,0,
x31_02.700,7.336005638337333,0.0,obgnme,0,
x31_02.800,7.6619197795068255,0.0,obgnme,0,
x31_02.900,7.970106180456866,0.0,obgnme,0,
x31_03.000,8.259103155837726,0.0,obgnme,0,
x31_03.100,8.530503534598187,0.0,obgnme,0,
x31_03.200,8.787682252124497,0.0,obgnme,0,
x31_03.300,9.034257012976417,0.0,obgnme,0,
x31_03.400,9.272743965328514,0.0,obgnme,0,
x31_03.500,9.50373491489477,0.0,obgnme,0,
x31_03.600,9.725722403069552,0.0,obgnme,0,
x31_03.700,9.93550765606131,0.0,obgnme,0,
x31_03.800,10.12898733419541,0.0,obgnme,0,
x31_03.900,10.302051600927307,0.0,obgnme,0,
x31_04.000,10.451348606533088,0.0,obgnme,0,
x31_04.100,10.57476506860008,0.0,obgnme,0,
x31_04.200,10.671595140910737,0.0,obgnme,0,
x31_04.300,10.742466533972074,0.0,obgnme,0,
x31_04.400,10.789132508898323,0.0,obgnme,0,
x31_04.500,10.814224603441899,0.0,obgnme,0,
x31_04.600,10.821019493927096,0.0,obgnme,0,
x31_04.700,10.813231579215559,0.0,obgnme,0,
x31_04.800,10.794817924433271,0.0,obgnme,0,
x31_04.900,10.769778961367113,0.0,obgnme,0,
x31_05.000,10.741951104535069,0.0,obgnme,0,
x31_05.100,10.714804324745499,0.0,obgnme,0,
x31_05.200,10.691267457722205,0.0,obgnme,0,
x31_05.300,10.673602035342059,0.0,obgnme,0,
x31_05.400,10.663334942698809,0.0,obgnme,0,
x31_05.500,10.661248174057397,0.0,obgnme,0,
x31_05.600,10.667415836663356,0.0,obgnme,0,
x31_05.700,10.681275895534558,0.0,obgnme,0,
x31_05.800,10.701725524633973,0.0,obgnme,0,
x31_05.900,10.727231975795116,0.0,obgnme,0,
x31_06.000,10.755953731930306,0.0,obgnme,0,
x31_06.100,10.785868350335566,0.0,obgnme,0,
x31_06.200,10.814903519365776,0.0,obgnme,0,
x31_06.300,10.84106675533739,0.0,obgnme,0,
x31_06.400,10.862567672202216,0.0,obgnme,0,
x31_06.500,10.877925882475159,0.0,obgnme,0,
x31_06.600,10.886058077625588,0.0,obgnme,0,
x31_06.700,10.886339789421912,0.0,obgnme,0,
x31_06.800,10.878640183964883,0.0,obgnme,0,
x31_06.900,10.863331060958743,0.0,obgnme,0,
x31_07.000,10.841273151552324,0.0,obgnme,0,
x31_07.100,10.813783318134863,0.0,obgnme,0,
x31_07.200,10.78258531513477,0.0,obgnme,0,
x31_07.300,10.749744743796805,0.0,obgnme,0,
x31_07.400,10.717586382955448,0.0,obgnme,0,
x31_07.500,10.688589979588745,0.0,obgnme,0,
x31_07.600,10.665259561581683,0.0,obgnme,0,
x31_07.700,10.649961897192233,0.0,obgnme,0,
x31_07.800,10.644732045114367,0.0,obgnme,0,
x31_07.900,10.651047834869994,0.0,obgnme,0,
x31_08.000,10.66958014013545,0.0,obgnme,0,
x31_08.100,10.699931399034142,0.0,obgnme,0,
x31_08.200,10.740380480709787,0.0,obgnme,0,
x31_08.300,10.787657285058506,0.0,obgnme,0,
x31_08.400,10.836775002933813,0.0,obgnme,0,
x31_08.500,10.880951195364318,0.0,obgnme,0,
x31_08.600,10.911649829623045,0.0,obgnme,0,
x31_08.700,10.91877373692478,0.0,obgnme,0,
x31_08.800,10.891028962502817,0.0,obgnme,0,
x31_08.900,10.816467753395358,0.0,obgnme,0,
x31_09.000,10.683195134049308,0.0,obgnme,0,
x31_09.100,10.480196778989445,0.0,obgnme,0,
x31_09.200,10.198217378453593,0.0,obgnme,0,
x31_09.300,9.830595433844383,0.0,obgnme,0,
x31_09.400,9.373949949144881,0.0,obgnme,0,
x31_09.500,8.828622900906726,0.0,obgnme,0,
x31_09.600,8.198810529875738,0.0,obgnme,0,
x31_09.700,7.492362156311446,0.0,obgnme,0,
x31_09.800,6.7202773918668814,0.0,obgnme,0,
x31_09.900,5.895978514005689,0.0,obgnme,0,
x31_10.000,5.034463242807219,0.0,obgnme,0,
x31_10.100,4.15144862531399,0.0,obgnme,0,
x31_10.200,3.262600663094471,0.0,obgnme,0,
x31_10.300,2.3829138564258026,0.0,obgnme,0,
x31_10.400,1.526269510658952,0.0,obgnme,0,
x31_10.500,0.7051699496729545,0.0,obgnme,0,
x31_10.600,-0.06937699256962315,0.0,obgnme,0,
x31_10.700,-0.7878610328727036,0.0,obgnme,0,
x31_10.800,-1.4422007005704534,0.0,obgnme,0,
x31_10.900,-2.0256395709913764,0.0,obgnme,0,
x31_11.000,-2.532636643360649,0.0,obgnme,0,
x31_11.100,-2.958771205839961,0.0,obgnme,0,
x31_11.200,-3.3006741531521446,0.0,obgnme,0,
x31_11.300,-3.55599068957695,0.0,obgnme,0,
x31_11.400,-3.723373939434628,0.0,obgnme,0,
x31_11.500,-3.8025050867401338,0.0,obgnme,0,
x31_11.600,-3.794132977650898,0.0,obgnme,0,
x31_11.700,-3.7001243125081427,0.0,obgnme,0,
x31_11.800,-3.5235143626745504,0.0,obgnme,0,
x31_11.900,-3.268547420898884,0.0,obgnme,0,
x31_12.000,-2.9406959122670964,0.0,obgnme,0,
x31_12.100,-2.5466473530440807,0.0,obgnme,0,
x31_12.200,-2.0942493307211203,0.0,obgnme,0,
x31_12.300,-1.5924046146269033,0.0,obgnme,0,
x31_12.400,-1.0509115930022255,0.0,obgnme,0,
x31_12.500,-0.480249561161867,0.0,obgnme,0,
x31_12.600,0.10868616133181375,0.0,obgnme,0,
x31_12.700,0.7048881489464105,0.0,obgnme,0,
x31_12.800,1.2975625933275174,0.0,obgnme,0,
x31_12.900,1.8764546260303814,0.0,obgnme,0,
x31_13.000,2.4321483426120607,0.0,obgnme,0,
x31_13.100,2.95631718217803,0.0,obgnme,0,
x31_13.200,3.4419045444439282,0.0,obgnme,0,
x31_13.300,3.8832220847340566,0.0,obgnme,0,
x31_13.400,4.275962863901116,0.0,obgnme,0,
x31_13.500,4.61713671412187,0.0,obgnme,0,
x31_13.600,4.904943933575388,0.0,obgnme,0,
x31_13.700,5.138609200771322,0.0,obgnme,0,
x31_13.800,5.3181995690743085,0.0,obgnme,0,
x31_13.900,5.44444858128615,0.0,obgnme,0,
x31_14.000,5.518603697697416,0.0,obgnme,0,
x31_14.100,5.542307592666292,0.0,obgnme,0,
x31_14.200,5.517516810520246,0.0,obgnme,0,
x31_14.300,5.446454986572522,0.0,obgnme,0,
x31_14.400,5.331593187189108,0.0,obgnme,0,
x31_14.500,5.175647329655632,0.0,obgnme,0,
x31_14.600,4.981582121626183,0.0,obgnme,0,
x31_14.700,4.7526121922896065,0.0,obgnme,0,
x31_14.800,4.492193536201662,0.0,obgnme,0,
x31_14.900,4.2040014277443,0.0,obgnme,0,
x31_15.000,3.8918939890738065,0.0,obgnme,0,
x31_15.100,3.559863129983288,0.0,obgnme,0,
x31_15.200,3.2119763280919833,0.0,obgnme,0,
x31_15.300,2.85231358176562,0.0,obgnme,0,
x31_15.400,2.48490391692363,0.0,obgnme,0,
x31_15.500,2.113665252216872,0.0,obgnme,0,
x31_15.600,1.7423504707810822,0.0,obgnme,0,
x31_15.700,1.374501454544974,0.0,obgnme,0,
x31_15.800,1.0134118081607186,0.0,obgnme,0,
x31_15.900,0.6620981669881741,0.0,obgnme,0,
x31_16.000,0.3232794107369305,0.0,obgnme,0,
x31_16.100,-0.0006372041611877322,0.0,obgnme,0,
x31_16.200,-0.3075640617651854,0.0,obgnme,0,
x31_16.300,-0.5957363360209789,0.0,obgnme,0,
x31_16.400,-0.8637110687849959,0.0,obgnme,0,
x31_16.500,-1.1103627478058682,0.0,obgnme,0,
x31_16.600,-1.3348757410926053,0.0,obgnme,0,
x31_16.700,-1.536733773270773,0.0,obgnme,0,
x31_16.800,-1.7157065213516205,0.0,obgnme,0,
x31_16.900,-1.8718333670469276,0.0,obgnme,0,
x31_17.000,-2.0054043651876565,0.0,obgnme,0,
x31_17.100,-2.1169385606135918,0.0,obgnme,0,
x31_17.200,-2.2071598926558194,0.0,obgnme,0,
x31_17.300,-2.2769710491102866,0.0,obgnme,0,
x31_17.400,-2.3274257530476317,0.0,obgnme,0,
x31_17.500,-2.359700070638966,0.0,obgnme,0,
x31_17.600,-2.3750634041898278,0.0,obgnme,0,
x31_17.700,-2.374849873249953,0.0,obgnme,0,
x31_17.800,-2.360430783513808,0.0,obgnme,0,
x31_17.900,-2.3331888378670755,0.0,obgnme,0,
x31_18.000,-2.2944946599413516,0.0,obgnme,0,
x31_18.100,-2.2456860849902216,0.0,obgnme,0,
x31_18.200,-2.1880505355991056,0.0,obgnme,0,
x31_18.300,-2.122810652134648,0.0,obgnme,0,
x31_18.400,-2.051113201717421,0.0,obgnme,0,
x31_18.500,-1.9740211556679679,0.0,obgnme,0,
x31_18.600,-1.8925087124950388,0.0,obgnme,0,
x31_18.700,-1.8074589573073436,0.0,obgnme,0,
x31_18.800,-1.7196637915502935,0.0,obgnme,0,
x31_18.900,-1.6298257386652204,0.0,obgnme,0,
x31_19.000,-1.5385612286335473,0.0,obgnme,0,
x31_19.100,-1.4464049827219665,0.0,obgnme,0,
x31_19.200,-1.35381515359027,0.0,obgnme,0,
x31_19.300,-1.2611789197133731,0.0,obgnme,0,
x31_19.400,-1.1688182817826953,0.0,obgnme,0,
x31_19.500,-1.0769958582513217,0.0,obgnme,0,
x31_19.600,-0.9859205243626814,0.0,obgnme,0,
x31_19.700,-0.8957527817539479,0.0,obgnme,0,
x31_19.800,-0.8066097828361949,0.0,obgnme,0,
x31_19.900,-0.7185699651101222,0.0,obgnme,0,
x32_00.000,6.856785911976528,1.0,obgnme,0,1.0
x32_00.100,6.670584386794721,1.0,obgnme,0,1.0
x32_00.200,6.517209902724272,1.0,obgnme,0,1.0
x32_00.300,6.400214971442449,1.0,obgnme,0,1.0
x32_00.400,6.321901444480911,1.0,obgnme,0,1.0
x32_00.500,6.2833889007929775,1.0,obgnme,0,1.0
x32_00.600,6.284807832480399,1.0,obgnme,0,1.0
x32_00.700,6.325598745820876,1.0,obgnme,0,1.0
x32_00.800,6.404872861838955,1.0,obgnme,0,1.0
x32_00.900,6.521769140608506,1.0,obgnme,0,1.0
x32_01.000,6.675733257739576,1.0,obgnme,0,1.0
x32_01.100,6.866653394023833,1.0,obgnme,0,1.0
x32_01.200,7.094817656975487,1.0,obgnme,0,1.0
x32_01.300,7.360704097841996,1.0,obgnme,0,1.0
x32_01.400,7.664664255449536,1.0,obgnme,0,1.0
x32_01.500,8.006597311348758,1.0,obgnme,0,1.0
x32_01.600,8.38571751241999,1.0,obgnme,0,1.0
x32_01.700,8.800484450945849,1.0,obgnme,0,1.0
x32_01.800,9.248700650954016,1.0,obgnme,0,1.0
x32_01.900,9.72770508900816,1.0,obgnme,0,1.0
x32_02.000,10.234533916120848,1.0,obgnme,0,1.0
x32_02.100,10.76590554905359,1.0,obgnme,0,1.0
x32_02.200,11.317925840332707,1.0,obgnme,0,1.0
x32_02.300,11.885490458867524,1.0,obgnme,0,1.0
x32_02.400,12.461462603665007,1.0,obgnme,0,1.0
x32_02.500,13.03579771102376,1.0,obgnme,0,1.0
x32_02.600,13.594848541890961,1.0,obgnme,0,1.0
x32_02.700,14.12109319572031,1.0,obgnme,0,1.0
x32_02.800,14.593470592642259,1.0,obgnme,0,1.0
x32_02.900,14.988385322307375,1.0,obgnme,0,1.0
x32_03.000,15.281288520551222,1.0,obgnme,0,1.0
x32_03.100,15.448609923277647,1.0,obgnme,0,1.0
x32_03.200,15.4697580125836,1.0,obgnme,0,1.0
x32_03.300,15.328927873091889,1.0,obgnme,0,1.0
x32_03.400,15.016521651308738,1.0,obgnme,0,1.0
x32_03.500,14.530045187539825,1.0,obgnme,0,1.0
x32_03.600,13.874379188202868,1.0,obgnme,0,1.0
x32_03.700,13.061359357198684,1.0,obgnme,0,1.0
x32_03.800,12.108674776209662,1.0,obgnme,0,1.0
x32_03.900,11.038214916295923,1.0,obgnme,0,1.0
x32_04.000,9.874122970619664,1.0,obgnme,0,1.0
x32_04.100,8.640883896287585,1.0,obgnme,0,1.0
x32_04.200,7.3617501989548275,1.0,obgnme,0,1.0
x32_04.300,6.057698838857824,1.0,obgnme,0,1.0
x32_04.400,4.7469697244839635,1.0,obgnme,0,1.0
x32_04.500,3.4451147780434996,1.0,obgnme,0,1.0
x32_04.600,2.165416733899736,1.0,obgnme,0,1.0
x32_04.700,0.9195190281876893,1.0,obgnme,0,1.0
x32_04.800,-0.2818760430664038,1.0,obgnme,0,1.0
x32_04.900,-1.4283562103125425,1.0,obgnme,0,1.0
x32_05.000,-2.509285356277168,1.0,obgnme,0,1.0
x32_05.100,-3.513496483103775,1.0,obgnme,0,1.0
x32_05.200,-4.429238809312184,1.0,obgnme,0,1.0
x32_05.300,-5.244395639116278,1.0,obgnme,0,1.0
x32_05.400,-5.946950466348121,1.0,obgnme,0,1.0
x32_05.500,-6.525638561810927,1.0,obgnme,0,1.0
x32_05.600,-6.9706910705175344,1.0,obgnme,0,1.0
x32_05.700,-7.274566839111635,1.0,obgnme,0,1.0
x32_05.800,-7.432575621432444,1.0,obgnme,0,1.0
x32_05.900,-7.443320240676198,1.0,obgnme,0,1.0
x32_06.000,-7.308916679841611,1.0,obgnme,0,1.0
x32_06.100,-7.034982447279138,1.0,obgnme,0,1.0
x32_06.200,-6.630410259913127,1.0,obgnme,0,1.0
x32_06.300,-6.106964295575811,1.0,obgnme,0,1.0
x32_06.400,-5.4787497382423,1.0,obgnme,0,1.0
x32_06.500,-4.761613117469401,1.0,obgnme,0,1.0
x32_06.600,-3.972530942539256,1.0,obgnme,0,1.0
x32_06.700,-3.1290375299085955,1.0,obgnme,0,1.0
x32_06.800,-2.248730748693155,1.0,obgnme,0,1.0
x32_06.900,-1.3488787537522002,1.0,obgnme,0,1.0
x32_07.000,-0.44613442445224993,1.0,obgnme,0,1.0
x32_07.100,0.44365006942107843,1.0,obgnme,0,1.0
x32_07.200,1.3055263828717845,1.0,obgnme,0,1.0
x32_07.300,2.1254938899908176,1.0,obgnme,0,1.0
x32_07.400,2.89050809526759,1.0,obgnme,0,1.0
x32_07.500,3.588474485533162,1.0,obgnme,0,1.0
x32_07.600,4.208244173959318,1.0,obgnme,0,1.0
x32_07.700,4.739623108274073,1.0,obgnme,0,1.0
x32_07.800,5.173403409176183,1.0,obgnme,0,1.0
x32_07.900,5.501424233331249,1.0,obgnme,0,1.0
x32_08.000,5.7166701608504065,1.0,obgnme,0,1.0
x32_08.100,5.8134163331117135,1.0,obgnme,0,1.0
x32_08.200,5.787429630988954,1.0,obgnme,0,1.0
x32_08.300,5.6362321663886314,1.0,obgnme,0,1.0
x32_08.400,5.359425792277216,1.0,obgnme,0,1.0
x32_08.500,4.95906373535728,1.0,obgnme,0,1.0
x32_08.600,4.440038679536274,1.0,obgnme,0,1.0
x32_08.700,3.8104379898551444,1.0,obgnme,0,1.0
x32_08.800,3.081799917229471,1.0,obgnme,0,1.0
x32_08.900,2.2691942408938814,1.0,obgnme,0,1.0
x32_09.000,1.3910520245516107,1.0,obgnme,0,1.0
x32_09.100,0.4686865771275873,1.0,obgnme,0,1.0
x32_09.200,-0.4745162767711343,1.0,obgnme,0,1.0
x32_09.300,-1.4142078470487487,1.0,obgnme,0,1.0
x32_09.400,-2.3263942040784165,1.0,obgnme,0,1.0
x32_09.500,-3.1888144701891354,1.0,obgnme,0,1.0
x32_09.600,-3.9822001878955597,1.0,obgnme,0,1.0
x32_09.700,-4.691240943528954,1.0,obgnme,0,1.0
x32_09.800,-5.3051270613506265,1.0,obgnme,0,1.0
x32_09.900,-5.817616910256515,1.0,obgnme,0,1.0
x32_10.000,-6.226663415834643,0.0,obgnme,0,
x32_10.100,-6.533707933742418,0.0,obgnme,0,
x32_10.200,-6.742792039869486,0.0,obgnme,0,
x32_10.300,-6.859643161457623,0.0,obgnme,0,
x32_10.400,-6.890864145706094,0.0,obgnme,0,
x32_10.500,-6.843312704391417,0.0,obgnme,0,
x32_10.600,-6.723708094758236,0.0,obgnme,0,
x32_10.700,-6.538459957738035,0.0,obgnme,0,
x32_10.800,-6.293683503418472,0.0,obgnme,0,
x32_10.900,-5.995347407986856,0.0,obgnme,0,
x32_11.000,-5.6494943449431885,0.0,obgnme,0,
x32_11.100,-5.262476392220988,0.0,obgnme,0,
x32_11.200,-4.841155954823085,0.0,obgnme,0,
x32_11.300,-4.39303501426046,0.0,obgnme,0,
x32_11.400,-3.9262895651979193,0.0,obgnme,0,
x32_11.500,-3.4497004261114377,0.0,obgnme,0,
x32_11.600,-2.9724848244033377,0.0,obgnme,0,
x32_11.700,-2.5040440843999185,0.0,obgnme,0,
x32_11.800,-2.0536505184815703,0.0,obgnme,0,
x32_11.900,-1.6301007801119383,0.0,obgnme,0,
x32_12.000,-1.2413635200809265,0.0,obgnme,0,
x32_12.100,-0.8942467361908488,0.0,obgnme,0,
x32_12.200,-0.59410568620966,0.0,obgnme,0,
x32_12.300,-0.344606849368764,0.0,obgnme,0,
x32_12.400,-0.14755835802862477,0.0,obgnme,0,
x32_12.500,-0.0028134507516719975,0.0,obgnme,0,
x32_12.600,0.0917488643487002,0.0,obgnme,0,
x32_12.700,0.14016294907972818,0.0,obgnme,0,
x32_12.800,0.1482334358212457,0.0,obgnme,0,
x32_12.900,0.12330967242311548,0.0,obgnme,0,
x32_13.000,0.07398110992662693,0.0,obgnme,0,
x32_13.100,0.00970269548139839,0.0,obgnme,0,
x32_13.200,-0.0596335707535067,0.0,obgnme,0,
x32_13.300,-0.12415760730533251,0.0,obgnme,0,
x32_13.400,-0.17448196764193732,0.0,obgnme,0,
x32_13.500,-0.20213320391800754,0.0,obgnme,0,
x32_13.600,-0.1999243918281857,0.0,obgnme,0,
x32_13.700,-0.16224467015273428,0.0,obgnme,0,
x32_13.800,-0.0852496902033878,0.0,obgnme,0,
x32_13.900,0.03305386597163028,0.0,obgnme,0,
x32_14.000,0.19282752599365405,0.0,obgnme,0,
x32_14.100,0.3925141972515084,0.0,obgnme,0,
x32_14.200,0.6290297304895259,0.0,obgnme,0,
x32_14.300,0.898013707155626,0.0,obgnme,0,
x32_14.400,1.1941185484690249,0.0,obgnme,0,
x32_14.500,1.5113159295933039,0.0,obgnme,0,
x32_14.600,1.843200716977662,0.0,obgnme,0,
x32_14.700,2.1832750152127085,0.0,obgnme,0,
x32_14.800,2.5251982169086373,0.0,obgnme,0,
x32_14.900,2.862992963184733,0.0,obgnme,0,
x32_15.000,3.1912013336370744,0.0,obgnme,0,
x32_15.100,3.504990008347151,0.0,obgnme,0,
x32_15.200,3.8002071674766413,0.0,obgnme,0,
x32_15.300,4.073397146188939,0.0,obgnme,0,
x32_15.400,4.321781085618421,0.0,obgnme,0,
x32_15.500,4.543212910102239,0.0,obgnme,0,
x32_15.600,4.736119972274055,0.0,obgnme,0,
x32_15.700,4.899436827246178,0.0,obgnme,0,
x32_15.800,5.032539092074669,0.0,obgnme,0,
x32_15.900,5.135182509009798,0.0,obgnme,0,
x32_16.000,5.2074504295945605,0.0,obgnme,0,
x32_16.100,5.249711185030407,0.0,obgnme,0,
x32_16.200,5.262585349803097,0.0,obgnme,0,
x32_16.300,5.246921813809803,0.0,obgnme,0,
x32_16.400,5.203780866920857,0.0,obgnme,0,
x32_16.500,5.1344221385197395,0.0,obgnme,0,
x32_16.600,5.040295164773011,0.0,obgnme,0,
x32_16.700,4.923030507079888,0.0,obgnme,0,
x32_16.800,4.784429644596191,0.0,obgnme,0,
x32_16.900,4.626452248332649,0.0,obgnme,0,
x32_17.000,4.451199864027462,0.0,obgnme,0,
x32_17.100,4.260895451308947,0.0,obgnme,0,
x32_17.200,4.057858627728042,0.0,obgnme,0,
x32_17.300,3.844476839247216,0.0,obgnme,0,
x32_17.400,3.6231730206847907,0.0,obgnme,0,
x32_17.500,3.3963706173562627,0.0,obgnme,0,
x32_17.600,3.166457104822307,0.0,obgnme,0,
x32_17.700,2.9357473522185855,0.0,obgnme,0,
x32_17.800,2.7064483051044386,0.0,obgnme,0,
x32_17.900,2.480626493721698,0.0,obgnme,0,
x32_18.000,2.260179784987796,0.0,obgnme,0,
x32_18.100,2.046814586742905,0.0,obgnme,0,
x32_18.200,1.842029392947908,0.0,obgnme,0,
x32_18.300,1.6471051584204308,0.0,obgnme,0,
x32_18.400,1.4631025545525242,0.0,obgnme,0,
x32_18.500,1.2908657324767105,0.0,obgnme,0,
x32_18.600,1.1310318534594568,0.0,obgnme,0,
x32_18.700,0.9840453729404424,0.0,obgnme,0,
x32_18.800,0.8501759035359873,0.0,obgnme,0,
x32_18.900,0.7295384351634293,0.0,obgnme,0,
x32_19.000,0.6221147440413145,0.0,obgnme,0,
x32_19.100,0.5277749533996173,0.0,obgnme,0,
x32_19.200,0.44629838949717043,0.0,obgnme,0,
x32_19.300,0.3773930797173664,0.0,obgnme,0,
x32_19.400,0.3207134419926883,0.0,obgnme,0,
x32_19.500,0.27587589960113906,0.0,obgnme,0,
x32_19.600,0.24247231201672706,0.0,obgnme,0,
x32_19.700,0.22008123635050997,0.0,obgnme,0,
x32_19.800,0.20827712489299835,0.0,obgnme,0,
x32_19.900,0.2066376253256724,0.0,obgnme,0,
x33_00.000,6.443406997682366,0.0,obgnme,0,
x33_00.100,6.565500054233317,0.0,obgnme,0,
x33_00.200,6.712501131345512,0.0,obgnme,0,
x33_00.300,6.885263667303123,0.0,obgnme,0,
x33_00.400,7.084343578451441,0.0,obgnme,0,
x33_00.500,7.310019176699164,0.0,obgnme,0,
x33_00.600,7.562276964530765,0.0,obgnme,0,
x33_00.700,7.840765710621225,0.0,obgnme,0,
x33_00.800,8.144728378393639,0.0,obgnme,0,
x33_00.900,8.472923347838753,0.0,obgnme,0,
x33_01.000,8.823541337945363,0.0,obgnme,0,
x33_01.100,9.19411352284469,0.0,obgnme,0,
x33_01.200,9.5813932944117,0.0,obgnme,0,
x33_01.300,9.98118439880068,0.0,obgnme,0,
x33_01.400,10.38808703596427,0.0,obgnme,0,
x33_01.500,10.795144228081867,0.0,obgnme,0,
x33_01.600,11.193393574250866,0.0,obgnme,0,
x33_01.700,11.571361618003786,0.0,obgnme,0,
x33_01.800,11.914574236429944,0.0,obgnme,0,
x33_01.900,12.205189823161676,0.0,obgnme,0,
x33_02.000,12.421884953493757,0.0,obgnme,0,
x33_02.100,12.540127668003237,0.0,obgnme,0,
x33_02.200,12.532956507341158,0.0,obgnme,0,
x33_02.300,12.37234154789745,0.0,obgnme,0,
x33_02.400,12.031136359411754,0.0,obgnme,0,
x33_02.500,11.485538127292992,0.0,obgnme,0,
x33_02.600,10.717862888342353,0.0,obgnme,0,
x33_02.700,9.719330421843381,0.0,obgnme,0,
x33_02.800,8.492469675723223,0.0,obgnme,0,
x33_02.900,7.052738035049352,0.0,obgnme,0,
x33_03.000,5.429018341938444,0.0,obgnme,0,
x33_03.100,3.662801290184743,0.0,obgnme,0,
x33_03.200,1.8060278607538718,0.0,obgnme,0,
x33_03.300,-0.08229151736484908,0.0,obgnme,0,
x33_03.400,-1.9404514911360633,0.0,obgnme,0,
x33_03.500,-3.7090634531741804,0.0,obgnme,0,
x33_03.600,-5.336170159591687,0.0,obgnme,0,
x33_03.700,-6.781738803327027,0.0,obgnme,0,
x33_03.800,-8.020728694491769,0.0,obgnme,0,
x33_03.900,-9.044090928356322,0.0,obgnme,0,
x33_04.000,-9.85747823476428,0.0,obgnme,0,
x33_04.100,-10.477983245173451,0.0,obgnme,0,
x33_04.200,-10.929659141378862,0.0,obgnme,0,
x33_04.300,-11.238744274553857,0.0,obgnme,0,
x33_04.400,-11.429398679464978,0.0,obgnme,0,
x33_04.500,-11.520480270998318,0.0,obgnme,0,
x33_04.600,-11.523590345010271,0.0,obgnme,0,
x33_04.700,-11.442400291531383,0.0,obgnme,0,
x33_04.800,-11.273155168695004,0.0,obgnme,0,
x33_04.900,-11.00619901621076,0.0,obgnme,0,
x33_05.000,-10.62832732989445,0.0,obgnme,0,
x33_05.100,-10.125706146366715,0.0,obgnme,0,
x33_05.200,-9.487003576644543,0.0,obgnme,0,
x33_05.300,-8.706295392509142,0.0,obgnme,0,
x33_05.400,-7.7852872409163405,0.0,obgnme,0,
x33_05.500,-6.734483373258632,0.0,obgnme,0,
x33_05.600,-5.573122311904909,0.0,obgnme,0,
x33_05.700,-4.3279412170963685,0.0,obgnme,0,
x33_05.800,-3.0310463482561145,0.0,obgnme,0,
x33_05.900,-1.7172952316870596,0.0,obgnme,0,
x33_06.000,-0.42161645423269545,0.0,obgnme,0,
x33_06.100,0.8233743297096725,0.0,obgnme,0,
x33_06.200,1.989218056308031,0.0,obgnme,0,
x33_06.300,3.0527950214947555,0.0,obgnme,0,
x33_06.400,3.9968350953513325,0.0,obgnme,0,
x33_06.500,4.809828003652248,0.0,obgnme,0,
x33_06.600,5.485463869136652,0.0,obgnme,0,
x33_06.700,6.02176561285799,0.0,obgnme,0,
x33_06.800,6.420081562855674,0.0,obgnme,0,
x33_06.900,6.684091706128335,0.0,obgnme,0,
x33_07.000,6.818949614809912,0.0,obgnme,0,
x33_07.100,6.83064105847303,0.0,obgnme,0,
x33_07.200,6.7255968852434656,0.0,obgnme,0,
x33_07.300,6.510557961066241,0.0,obgnme,0,
x33_07.400,6.192657827616475,0.0,obgnme,0,
x33_07.500,5.7796662143178175,0.0,obgnme,0,
x33_07.600,5.280323911490537,0.0,obgnme,0,
x33_07.700,4.70469599468535,0.0,obgnme,0,
x33_07.800,4.064474576070691,0.0,obgnme,0,
x33_07.900,3.3731724296883163,0.0,obgnme,0,
x33_08.000,2.646163229660611,0.0,obgnme,0,
x33_08.100,1.900541199111701,0.0,obgnme,0,
x33_08.200,1.1547915064217587,0.0,obgnme,0,
x33_08.300,0.42828184553845583,0.0,obgnme,0,
x33_08.400,-0.2593957841887339,0.0,obgnme,0,
x33_08.500,-0.8891878258527235,0.0,obgnme,0,
x33_08.600,-1.4433899343039605,0.0,obgnme,0,
x33_08.700,-1.906445964959252,0.0,obgnme,0,
x33_08.800,-2.265681521644746,0.0,obgnme,0,
x33_08.900,-2.5119322485462394,0.0,obgnme,0,
x33_09.000,-2.640042994906311,0.0,obgnme,0,
x33_09.100,-2.6492242682211455,0.0,obgnme,0,
x33_09.200,-2.543251125357289,0.0,obgnme,0,
x33_09.300,-2.330477206954809,0.0,obgnme,0,
x33_09.400,-2.023621514275008,0.0,obgnme,0,
x33_09.500,-1.639281528172923,0.0,obgnme,0,
x33_09.600,-1.1971452264499798,0.0,obgnme,0,
x33_09.700,-0.7189185883369668,0.0,obgnme,0,
x33_09.800,-0.22704324447252622,0.0,obgnme,0,
x33_09.900,0.2566692328166323,0.0,obgnme,0,
x33_10.000,0.7123341671033119,0.0,obgnme,0,
x33_10.100,1.1230796045819325,0.0,obgnme,0,
x33_10.200,1.4758204184405121,0.0,obgnme,0,
x33_10.300,1.7616774220788702,0.0,obgnme,0,
x33_10.400,1.9760535377299913,0.0,obgnme,0,
x33_10.500,2.118418876621733,0.0,obgnme,0,
x33_10.600,2.19187589234933,0.0,obgnme,0,
x33_10.700,2.202577134916016,0.0,obgnme,0,
x33_10.800,2.1590582847726907,0.0,obgnme,0,
x33_10.900,2.07153531510396,0.0,obgnme,0,
x33_11.000,1.9512021242584328,0.0,obgnme,0,
x33_11.100,1.8095563368204386,0.0,obgnme,0,
x33_11.200,1.657776311657083,0.0,obgnme,0,
x33_11.300,1.506170356377825,0.0,obgnme,0,
x33_11.400,1.3637178858972685,0.0,obgnme,0,
x33_11.500,1.237720202135682,0.0,obgnme,0,
x33_11.600,1.133574787194094,0.0,obgnme,0,
x33_11.700,1.0546812661649507,0.0,obgnme,0,
x33_11.800,1.0024798114297464,0.0,obgnme,0,
x33_11.900,0.9766143324522648,0.0,obgnme,0,
x33_12.000,0.9752040562545845,0.0,obgnme,0,
x33_12.100,0.9951988430064554,0.0,obgnme,0,
x33_12.200,1.0327866431751163,0.0,obgnme,0,
x33_12.300,1.0838167837059907,0.0,obgnme,0,
x33_12.400,1.144201145169419,0.0,obgnme,0,
x33_12.500,1.2102574506129042,0.0,obgnme,0,
x33_12.600,1.2789651228605188,0.0,obgnme,0,
x33_12.700,1.3481141789166824,0.0,obgnme,0,
x33_12.800,1.416340421691635,0.0,obgnme,0,
x33_12.900,1.4830541214419866,0.0,obgnme,0,
x33_13.000,1.5482823984355774,0.0,obgnme,0,
x33_13.100,1.6124555365347328,0.0,obgnme,0,
x33_13.200,1.67617280862799,0.0,obgnme,0,
x33_13.300,1.7399832445136783,0.0,obgnme,0,
x33_13.400,1.8042113457989046,0.0,obgnme,0,
x33_13.500,1.8688482936615989,0.0,obgnme,0,
x33_13.600,1.9335176472058275,0.0,obgnme,0,
x33_13.700,1.9975130453158734,0.0,obgnme,0,
x33_13.800,2.0598958624780597,0.0,obgnme,0,
x33_13.900,2.119634333333396,0.0,obgnme,0,
x33_14.000,2.1757627674514333,0.0,obgnme,0,
x33_14.100,2.2275398398537285,0.0,obgnme,0,
x33_14.200,2.274587811700027,0.0,obgnme,0,
x33_14.300,2.316998966186799,0.0,obgnme,0,
x33_14.400,2.35540063656247,0.0,obgnme,0,
x33_14.500,2.3909752406539164,0.0,obgnme,0,
x33_14.600,2.4254362352641157,0.0,obgnme,0,
x33_14.700,2.4609645871515813,0.0,obgnme,0,
x33_14.800,2.500113097442371,0.0,obgnme,0,
x33_14.900,2.5456876782399696,0.0,obgnme,0,
x33_15.000,2.6006154851322583,0.0,obgnme,0,
x33_15.100,2.667809722351712,0.0,obgnme,0,
x33_15.200,2.7500400698327807,0.0,obgnme,0,
x33_15.300,2.849816194115073,0.0,obgnme,0,
x33_15.400,2.9692899016928753,0.0,obgnme,0,
x33_15.500,3.1101794011223713,0.0,obgnme,0,
x33_15.600,3.2737170811607146,0.0,obgnme,0,
x33_15.700,3.46062037509866,0.0,obgnme,0,
x33_15.800,3.6710838006687725,0.0,obgnme,0,
x33_15.900,3.9047892123363264,0.0,obgnme,0,
x33_16.000,4.16093069197877,0.0,obgnme,0,
x33_16.100,4.438250303349321,0.0,obgnme,0,
x33_16.200,4.735081085423683,0.0,obgnme,0,
x33_16.300,5.0493940872343615,0.0,obgnme,0,
x33_16.400,5.378846878072628,0.0,obgnme,0,
x33_16.500,5.720831731624886,0.0,obgnme,0,
x33_16.600,6.072522513729355,0.0,obgnme,0,
x33_16.700,6.4309201334339985,0.0,obgnme,0,
x33_16.800,6.792897172879485,0.0,obgnme,0,
x33_16.900,7.155242912059559,0.0,obgnme,0,
x33_17.000,7.514710323007942,0.0,obgnme,0,
x33_17.100,7.868066642058862,0.0,obgnme,0,
x33_17.200,8.212148777943849,0.0,obgnme,0,
x33_17.300,8.543924061223978,0.0,obgnme,0,
x33_17.400,8.860555736415758,0.0,obgnme,0,
x33_17.500,9.159471270528012,0.0,obgnme,0,
x33_17.600,9.438430203785794,0.0,obgnme,0,
x33_17.700,9.695587151724682,0.0,obgnme,0,
x33_17.800,9.92954493509549,0.0,obgnme,0,
x33_17.900,10.139392858940163,0.0,obgnme,0,
x33_18.000,10.324725964612187,0.0,obgnme,0,
x33_18.100,10.485642571465421,0.0,obgnme,0,
x33_18.200,10.622719397837235,0.0,obgnme,0,
x33_18.300,10.736965691214714,0.0,obgnme,0,
x33_18.400,10.829759760097827,0.0,obgnme,0,
x33_18.500,10.902772784924318,0.0,obgnme,0,
x33_18.600,10.95788559955973,0.0,obgnme,0,
x33_18.700,10.997104223360767,0.0,obgnme,0,
x33_18.800,11.022479363950138,0.0,obgnme,0,
x33_18.900,11.03603407631764,0.0,obgnme,0,
x33_19.000,11.039702473803318,0.0,obgnme,0,
x33_19.100,11.035281055098729,0.0,obgnme,0,
x33_19.200,11.024393010388046,0.0,obgnme,0,
x33_19.300,11.008464909414817,0.0,obgnme,0,
x33_19.400,10.98871450177629,0.0,obgnme,0,
x33_19.500,10.96614797003083,0.0,obgnme,0,
x33_19.600,10.94156482880904,0.0,obgnme,0,
x33_19.700,10.915568699651573,0.0,obgnme,0,
x33_19.800,10.888582349754872,0.0,obgnme,0,
x33_19.900,10.860865607330357,0.0,obgnme,0,
x34_00.000,8.40947938930574,1.0,obgnme,0,1.0
x34_00.100,8.493276594911626,1.0,obgnme,0,1.0
x34_00.200,8.59952527839004,1.0,obgnme,0,1.0
x34_00.300,8.725715796951045,1.0,obgnme,0,1.0
x34_00.400,8.868807964828196,1.0,obgnme,0,1.0
x34_00.500,9.025132149704007,1.0,obgnme,0,1.0
x34_00.600,9.190269569447688,1.0,obgnme,0,1.0
x34_00.700,9.358910866708431,1.0,obgnme,0,1.0
x34_00.800,9.52469538062339,1.0,obgnme,0,1.0
x34_00.900,9.680040116185399,1.0,obgnme,0,1.0
x34_01.000,9.815977059548224,1.0,obgnme,0,1.0
x34_01.100,9.922029088215371,1.0,obgnme,0,1.0
x34_01.200,9.986166260130014,1.0,obgnme,0,1.0
x34_01.300,9.994893063635148,1.0,obgnme,0,1.0
x34_01.400,9.93352040676245,1.0,obgnme,0,1.0
x34_01.500,9.786671233502846,1.0,obgnme,0,1.0
x34_01.600,9.539054055715363,1.0,obgnme,0,1.0
x34_01.700,9.176513833678289,1.0,obgnme,0,1.0
x34_01.800,8.68733496787544,1.0,obgnme,0,1.0
x34_01.900,8.0637280252761,1.0,obgnme,0,1.0
x34_02.000,7.303382838190078,1.0,obgnme,0,1.0
x34_02.100,6.410920798544822,1.0,obgnme,0,1.0
x34_02.200,5.399037488055793,1.0,obgnme,0,1.0
x34_02.300,4.289107084795029,1.0,obgnme,0,1.0
x34_02.400,3.111039721132654,1.0,obgnme,0,1.0
x34_02.500,1.9022580322750033,1.0,obgnme,0,1.0
x34_02.600,0.7057941100025047,1.0,obgnme,0,1.0
x34_02.700,-0.43231610582504065,1.0,obgnme,0,1.0
x34_02.800,-1.465997988534365,1.0,obgnme,0,1.0
x34_02.900,-2.3520381707741773,1.0,obgnme,0,1.0
x34_03.000,-3.0525623889128406,1.0,obgnme,0,1.0
x34_03.100,-3.5369582325347713,1.0,obgnme,0,1.0
x34_03.200,-3.7834004607067304,1.0,obgnme,0,1.0
x34_03.300,-3.7803261962256447,1.0,obgnme,0,1.0
x34_03.400,-3.528135540395716,1.0,obgnme,0,1.0
x34_03.500,-3.0410255323961395,1.0,obgnme,0,1.0
x34_03.600,-2.3483665377379364,1.0,obgnme,0,1.0
x34_03.700,-1.494714318745165,1.0,obgnme,0,1.0
x34_03.800,-0.5376972298615421,1.0,obgnme,0,1.0
x34_03.900,0.4563488428932899,1.0,obgnme,0,1.0
x34_04.000,1.418306022799468,1.0,obgnme,0,1.0
x34_04.100,2.2825124465699833,1.0,obgnme,0,1.0
x34_04.200,2.992058924045975,1.0,obgnme,0,1.0
x34_04.300,3.502379925414754,1.0,obgnme,0,1.0
x34_04.400,3.783045246501546,1.0,obgnme,0,1.0
x34_04.500,3.818175094790468,1.0,obgnme,0,1.0
x34_04.600,3.606088345924563,1.0,obgnme,0,1.0
x34_04.700,3.1586656900118024,1.0,obgnme,0,1.0
x34_04.800,2.5005970384684195,1.0,obgnme,0,1.0
x34_04.900,1.6683493412922707,1.0,obgnme,0,1.0
x34_05.000,0.7084816451321845,1.0,obgnme,0,1.0
x34_05.100,-0.32505494889534514,1.0,obgnme,0,1.0
x34_05.200,-1.3747454267371635,1.0,obgnme,0,1.0
x34_05.300,-2.384175632669077,1.0,obgnme,0,1.0
x34_05.400,-3.302854806929236,1.0,obgnme,0,1.0
x34_05.500,-4.0903359107070845,1.0,obgnme,0,1.0
x34_05.600,-4.71890090563337,1.0,obgnme,0,1.0
x34_05.700,-5.1744623102800595,1.0,obgnme,0,1.0
x34_05.800,-5.455797239650895,1.0,obgnme,0,1.0
x34_05.900,-5.57258073654516,1.0,obgnme,0,1.0
x34_06.000,-5.542813844547255,1.0,obgnme,0,1.0
x34_06.100,-5.390163757446161,1.0,obgnme,0,1.0
x34_06.200,-5.141545070320174,1.0,obgnme,0,1.0
x34_06.300,-4.825079064491363,1.0,obgnme,0,1.0
x34_06.400,-4.4684375164103844,1.0,obgnme,0,1.0
x34_06.500,-4.097522047492917,1.0,obgnme,0,1.0
x34_06.600,-3.7354280755108236,1.0,obgnme,0,1.0
x34_06.700,-3.40166257685993,1.0,obgnme,0,1.0
x34_06.800,-3.111603313164746,1.0,obgnme,0,1.0
x34_06.900,-2.8761937762690435,1.0,obgnme,0,1.0
x34_07.000,-2.7018638479398507,1.0,obgnme,0,1.0
x34_07.100,-2.5906571564514413,1.0,obgnme,0,1.0
x34_07.200,-2.540538243098062,1.0,obgnme,0,1.0
x34_07.300,-2.5458489252002203,1.0,obgnme,0,1.0
x34_07.400,-2.597883612293255,1.0,obgnme,0,1.0
x34_07.500,-2.6855560322421193,1.0,obgnme,0,1.0
x34_07.600,-2.796132908838624,1.0,obgnme,0,1.0
x34_07.700,-2.916012403398583,1.0,obgnme,0,1.0
x34_07.800,-3.031526186238805,1.0,obgnme,0,1.0
x34_07.900,-3.1297436467050805,1.0,obgnme,0,1.0
x34_08.000,-3.199254341447638,1.0,obgnme,0,1.0
x34_08.100,-3.2308991064189314,1.0,obgnme,0,1.0
x34_08.200,-3.218410301287709,1.0,obgnme,0,1.0
x34_08.300,-3.1589080905929134,1.0,obgnme,0,1.0
x34_08.400,-3.053186310274645,1.0,obgnme,0,1.0
x34_08.500,-2.9057155427297054,1.0,obgnme,0,1.0
x34_08.600,-2.724301338828528,1.0,obgnme,0,1.0
x34_08.700,-2.5193686694131765,1.0,obgnme,0,1.0
x34_08.800,-2.3028996618614883,1.0,obgnme,0,1.0
x34_08.900,-2.087121305202384,1.0,obgnme,0,1.0
x34_09.000,-1.8831058572145036,1.0,obgnme,0,1.0
x34_09.100,-1.6994888555193206,1.0,obgnme,0,1.0
x34_09.200,-1.5415115269037332,1.0,obgnme,0,1.0
x34_09.300,-1.4105496462017326,1.0,obgnme,0,1.0
x34_09.400,-1.3042062295638097,1.0,obgnme,0,1.0
x34_09.500,-1.2169396823016276,1.0,obgnme,0,1.0
x34_09.600,-1.1410983228841518,1.0,obgnme,0,1.0
x34_09.700,-1.0681624220429646,1.0,obgnme,0,1.0
x34_09.800,-0.989973083476369,1.0,obgnme,0,1.0
x34_09.900,-0.8997556781427374,1.0,obgnme,0,1.0
x34_10.000,-0.7928111034765473,0.0,obgnme,0,
x34_10.100,-0.6668284419861463,0.0,obgnme,0,
x34_10.200,-0.5218450212296215,0.0,obgnme,0,
x34_10.300,-0.3599294433729351,0.0,obgnme,0,
x34_10.400,-0.18468551082541546,0.0,obgnme,0,
x34_10.500,-0.0006744452859953343,0.0,obgnme,0,
x34_10.600,0.18716216379885112,0.0,obgnme,0,
x34_10.700,0.37401730353782536,0.0,obgnme,0,
x34_10.800,0.5556313195255085,0.0,obgnme,0,
x34_10.900,0.7285811715608136,0.0,obgnme,0,
x34_11.000,0.8904401480318623,0.0,obgnme,0,
x34_11.100,1.0398144083945877,0.0,obgnme,0,
x34_11.200,1.1762727042688224,0.0,obgnme,0,
x34_11.300,1.300193430373229,0.0,obgnme,0,
x34_11.400,1.4125585262658402,0.0,obgnme,0,
x34_11.500,1.5147261229243973,0.0,obgnme,0,
x34_11.600,1.608212654763791,0.0,obgnme,0,
x34_11.700,1.694510270628718,0.0,obgnme,0,
x34_11.800,1.774957258852847,0.0,obgnme,0,
x34_11.900,1.850669045269563,0.0,obgnme,0,
x34_12.000,1.922526853150926,0.0,obgnme,0,
x34_12.100,1.9912122063351068,0.0,obgnme,0,
x34_12.200,2.0572696788903686,0.0,obgnme,0,
x34_12.300,2.121178509933479,0.0,obgnme,0,
x34_12.400,2.1834158614981374,0.0,obgnme,0,
x34_12.500,2.2444996786823213,0.0,obgnme,0,
x34_12.600,2.3050057903083983,0.0,obgnme,0,
x34_12.700,2.365560356021428,0.0,obgnme,0,
x34_12.800,2.426813574988432,0.0,obgnme,0,
x34_12.900,2.48940289084462,0.0,obgnme,0,
x34_13.000,2.5539137088162924,0.0,obgnme,0,
x34_13.100,2.620843552853027,0.0,obgnme,0,
x34_13.200,2.6905727403753708,0.0,obgnme,0,
x34_13.300,2.7633421817527215,0.0,obgnme,0,
x34_13.400,2.83923760649823,0.0,obgnme,0,
x34_13.500,2.9181795710219225,0.0,obgnme,0,
x34_13.600,2.999919615223821,0.0,obgnme,0,
x34_13.700,3.0840441454107506,0.0,obgnme,0,
x34_13.800,3.1699882500128784,0.0,obgnme,0,
x34_13.900,3.257061222104289,0.0,obgnme,0,
x34_14.000,3.344484051644638,0.0,obgnme,0,
x34_14.100,3.431436976293638,0.0,obgnme,0,
x34_14.200,3.517113006511566,0.0,obgnme,0,
x34_14.300,3.600771833265229,0.0,obgnme,0,
x34_14.400,3.681788135968862,0.0,obgnme,0,
x34_14.500,3.759689152842246,0.0,obgnme,0,
x34_14.600,3.834178238067596,0.0,obgnme,0,
x34_14.700,3.9051435475164693,0.0,obgnme,0,
x34_14.800,3.9726534043131934,0.0,obgnme,0,
x34_14.900,4.036941783390706,0.0,obgnme,0,
x34_15.000,4.098388372595576,0.0,obgnme,0,
x34_15.100,4.157497693987914,0.0,obgnme,0,
x34_15.200,4.214880901732969,0.0,obgnme,0,
x34_15.300,4.271242378745558,0.0,obgnme,0,
x34_15.400,4.327371483503004,0.0,obgnme,0,
x34_15.500,4.384138099284175,0.0,obgnme,0,
x34_15.600,4.4424892878317594,0.0,obgnme,0,
x34_15.700,4.503443516520861,0.0,obgnme,0,
x34_15.800,4.568078666308877,0.0,obgnme,0,
x34_15.900,4.637510296209219,0.0,obgnme,0,
x34_16.000,4.712857338607355,0.0,obgnme,0,
x34_16.100,4.795193407873913,0.0,obgnme,0,
x34_16.200,4.885483114601445,0.0,obgnme,0,
x34_16.300,4.984504115039992,0.0,obgnme,0,
x34_16.400,5.092757054045353,0.0,obgnme,0,
x34_16.500,5.210367071429268,0.0,obgnme,0,
x34_16.600,5.336982129268232,0.0,obgnme,0,
x34_16.700,5.471675042182945,0.0,obgnme,0,
x34_16.800,5.612857646242692,0.0,obgnme,0,
x34_16.900,5.758216822728945,0.0,obgnme,0,
x34_17.000,5.904682799002065,0.0,obgnme,0,
x34_17.100,6.0484399081089695,0.0,obgnme,0,
x34_17.200,6.184988427756487,0.0,obgnme,0,
x34_17.300,6.309262967872392,0.0,obgnme,0,
x34_17.400,6.415808092411764,0.0,obgnme,0,
x34_17.500,6.499005741403325,0.0,obgnme,0,
x34_17.600,6.5533422484452775,0.0,obgnme,0,
x34_17.700,6.573696352936698,0.0,obgnme,0,
x34_17.800,6.5556247869730715,0.0,obgnme,0,
x34_17.900,6.495619888833288,0.0,obgnme,0,
x34_18.000,6.391314989036245,0.0,obgnme,0,
x34_18.100,6.241618137025753,0.0,obgnme,0,
x34_18.200,6.046762471829789,0.0,obgnme,0,
x34_18.300,5.808270949684205,0.0,obgnme,0,
x34_18.400,5.5288426365286245,0.0,obgnme,0,
x34_18.500,5.212175786059862,0.0,obgnme,0,
x34_18.600,4.862748265201531,0.0,obgnme,0,
x34_18.700,4.485577982328778,0.0,obgnme,0,
x34_18.800,4.08598491309811,0.0,obgnme,0,
x34_18.900,3.669372751082121,0.0,obgnme,0,
x34_19.000,3.2410431051391644,0.0,obgnme,0,
x34_19.100,2.806049554637789,0.0,obgnme,0,
x34_19.200,2.369093636772028,0.0,obgnme,0,
x34_19.300,1.9344605774984927,0.0,obgnme,0,
x34_19.400,1.5059895786840445,0.0,obgnme,0,
x34_19.500,1.087071760086498,0.0,obgnme,0,
x34_19.600,0.6806682607649297,0.0,obgnme,0,
x34_19.700,0.28934126884406275,0.0,obgnme,0,
x34_19.800,-0.08470841182277233,0.0,obgnme,0,
x34_19.900,-0.4396024888249633,0.0,obgnme,0,
x35_00.000,8.035441021208925,0.0,obgnme,0,
x35_00.100,8.198784382190626,0.0,obgnme,0,
x35_00.200,8.344761694933398,0.0,obgnme,0,
x35_00.300,8.469187925798368,0.0,obgnme,0,
x35_00.400,8.567223288648949,0.0,obgnme,0,
x35_00.500,8.633427252552114,0.0,obgnme,0,
x35_00.600,8.66186433756948,0.0,obgnme,0,
x35_00.700,8.646278389283928,0.0,obgnme,0,
x35_00.800,8.580350371019042,0.0,obgnme,0,
x35_00.900,8.458050389163189,0.0,obgnme,0,
x35_01.000,8.27408730129084,0.0,obgnme,0,
x35_01.100,8.024448641375734,0.0,obgnme,0,
x35_01.200,7.707009734813837,0.0,obgnme,0,
x35_01.300,7.322174145132201,0.0,obgnme,0,
x35_01.400,6.873489051053367,0.0,obgnme,0,
x35_01.500,6.368160883808712,0.0,obgnme,0,
x35_01.600,5.817381824653175,0.0,obgnme,0,
x35_01.700,5.236370682757101,0.0,obgnme,0,
x35_01.800,4.644036300295281,0.0,obgnme,0,
x35_01.900,4.062190763488667,0.0,obgnme,0,
x35_02.000,3.514274007413413,0.0,obgnme,0,
x35_02.100,3.0235996416166198,0.0,obgnme,0,
x35_02.200,2.611192461964946,0.0,obgnme,0,
x35_02.300,2.2933615928799678,0.0,obgnme,0,
x35_02.400,2.07924222845133,0.0,obgnme,0,
x35_02.500,1.9686432001545922,0.0,obgnme,0,
x35_02.600,1.9506418438633015,0.0,obgnme,0,
x35_02.700,2.0034296698002874,0.0,obgnme,0,
x35_02.800,2.095865553958518,0.0,obgnme,0,
x35_02.900,2.1909756240491087,0.0,obgnme,0,
x35_03.000,2.2512405549069556,0.0,obgnme,0,
x35_03.100,2.2450055665267428,0.0,obgnme,0,
x35_03.200,2.152880434686675,0.0,obgnme,0,
x35_03.300,1.9727282921557654,0.0,obgnme,0,
x35_03.400,1.7219014182272603,0.0,obgnme,0,
x35_03.500,1.435836936191322,0.0,obgnme,0,
x35_03.600,1.1629485206517853,0.0,obgnme,0,
x35_03.700,0.9567601898381837,0.0,obgnme,0,
x35_03.800,0.8670676029378701,0.0,obgnme,0,
x35_03.900,0.9321799290781803,0.0,obgnme,0,
x35_04.000,1.1738131525941808,0.0,obgnme,0,
x35_04.100,1.5951974510591862,0.0,obgnme,0,
x35_04.200,2.1819361040981273,0.0,obgnme,0,
x35_04.300,2.9045686915517193,0.0,obgnme,0,
x35_04.400,3.7217913889740792,0.0,obgnme,0,
x35_04.500,4.583703084206308,0.0,obgnme,0,
x35_04.600,5.434976342516882,0.0,obgnme,0,
x35_04.700,6.218235922018292,0.0,obgnme,0,
x35_04.800,6.878018167173782,0.0,obgnme,0,
x35_04.900,7.365455732860045,0.0,obgnme,0,
x35_05.000,7.643369935533046,0.0,obgnme,0,
x35_05.100,7.690946582627224,0.0,obgnme,0,
x35_05.200,7.506867706004049,0.0,obgnme,0,
x35_05.300,7.109875852629528,0.0,obgnme,0,
x35_05.400,6.536299028672097,0.0,obgnme,0,
x35_05.500,5.834879676976856,0.0,obgnme,0,
x35_05.600,5.059997093613136,0.0,obgnme,0,
x35_05.700,4.264743286302528,0.0,obgnme,0,
x35_05.800,3.4951916527366587,0.0,obgnme,0,
x35_05.900,2.7867001474116497,0.0,obgnme,0,
x35_06.000,2.1624635256988514,0.0,obgnme,0,
x35_06.100,1.6340072624440682,0.0,obgnme,0,
x35_06.200,1.2030222372457935,0.0,obgnme,0,
x35_06.300,0.8638762131535962,0.0,obgnme,0,
x35_06.400,0.606234711802563,0.0,obgnme,0,
x35_06.500,0.41739410349637807,0.0,obgnme,0,
x35_06.600,0.2841074845681476,0.0,obgnme,0,
x35_06.700,0.1938321619403155,0.0,obgnme,0,
x35_06.800,0.13543265055732667,0.0,obgnme,0,
x35_06.900,0.0994355411736264,0.0,obgnme,0,
x35_07.000,0.07795990776876671,0.0,obgnme,0,
x35_07.100,0.06444911337882735,0.0,obgnme,0,
x35_07.200,0.05331682934437227,0.0,obgnme,0,
x35_07.300,0.03959986719095191,0.0,obgnme,0,
x35_07.400,0.01868828936705755,0.0,obgnme,0,
x35_07.500,-0.013818527021128953,0.0,obgnme,0,
x35_07.600,-0.06210277966441678,0.0,obgnme,0,
x35_07.700,-0.12996165785312486,0.0,obgnme,0,
x35_07.800,-0.22050361666738197,0.0,obgnme,0,
x35_07.900,-0.33575407354893827,0.0,obgnme,0,
x35_08.000,-0.4762418132020795,0.0,obgnme,0,
x35_08.100,-0.6406552605222618,0.0,obgnme,0,
x35_08.200,-0.8256621627967405,0.0,obgnme,0,
x35_08.300,-1.0259711650588361,0.0,obgnme,0,
x35_08.400,-1.2346767168859358,0.0,obgnme,0,
x35_08.500,-1.4438731908474267,0.0,obgnme,0,
x35_08.600,-1.6454608129332418,0.0,obgnme,0,
x35_08.700,-1.8320116915267126,0.0,obgnme,0,
x35_08.800,-1.997536788890349,0.0,obgnme,0,
x35_08.900,-2.1380064697160512,0.0,obgnme,0,
x35_09.000,-2.251529163850879,0.0,obgnme,0,
x35_09.100,-2.338172150873781,0.0,obgnme,0,
x35_09.200,-2.3994930225715034,0.0,obgnme,0,
x35_09.300,-2.437915118960179,0.0,obgnme,0,
x35_09.400,-2.4561063239071297,0.0,obgnme,0,
x35_09.500,-2.4565014658304842,0.0,obgnme,0,
x35_09.600,-2.441051988027579,0.0,obgnme,0,
x35_09.700,-2.4112121171498333,0.0,obgnme,0,
x35_09.800,-2.368103097324834,0.0,obgnme,0,
x35_09.900,-2.3127569189221266,0.0,obgnme,0,
x35_10.000,-2.2463376373663517,0.0,obgnme,0,
x35_10.100,-2.1702670357908276,0.0,obgnme,0,
x35_10.200,-2.086226738643727,0.0,obgnme,0,
x35_10.300,-1.9960528053849909,0.0,obgnme,0,
x35_10.400,-1.901567814178793,0.0,obgnme,0,
x35_10.500,-1.804404389009156,0.0,obgnme,0,
x35_10.600,-1.7058657523747855,0.0,obgnme,0,
x35_10.700,-1.6068503852630347,0.0,obgnme,0,
x35_10.800,-1.5078471243277918,0.0,obgnme,0,
x35_10.900,-1.4089900040989254,0.0,obgnme,0,
x35_11.000,-1.3101519534266626,0.0,obgnme,0,
x35_11.100,-1.2110535081589506,0.0,obgnme,0,
x35_11.200,-1.1113655866751913,0.0,obgnme,0,
x35_11.300,-1.0107917629293504,0.0,obgnme,0,
x35_11.400,-0.9091229330966402,0.0,obgnme,0,
x35_11.500,-0.806263854484348,0.0,obgnme,0,
x35_11.600,-0.7022355858746508,0.0,obgnme,0,
x35_11.700,-0.5971600833286845,0.0,obgnme,0,
x35_11.800,-0.49123350040045133,0.0,obgnme,0,
x35_11.900,-0.3846938694121437,0.0,obgnme,0,
x35_12.000,-0.2777875762272005,0.0,obgnme,0,
x35_12.100,-0.17073790876476636,0.0,obgnme,0,
x35_12.200,-0.06371813529382035,0.0,obgnme,0,
x35_12.300,0.043169048573569443,0.0,obgnme,0,
x35_12.400,0.14990448362106862,0.0,obgnme,0,
x35_12.500,0.25655746762934906,0.0,obgnme,0,
x35_12.600,0.3632830903171521,0.0,obgnme,0,
x35_12.700,0.47031335435764016,0.0,obgnme,0,
x35_12.800,0.5779441747157545,0.0,obgnme,0,
x35_12.900,0.6865207180483219,0.0,obgnme,0,
x35_13.000,0.7964235010510055,0.0,obgnme,0,
x35_13.100,0.9080572492528285,0.0,obgnme,0,
x35_13.200,1.0218438293592562,0.0,obgnme,0,
x35_13.300,1.1382197367824831,0.0,obgnme,0,
x35_13.400,1.2576377692477652,0.0,obgnme,0,
x35_13.500,1.3805717543227192,0.0,obgnme,0,
x35_13.600,1.5075226094401006,0.0,obgnme,0,
x35_13.700,1.6390236593428003,0.0,obgnme,0,
x35_13.800,1.7756430515606296,0.0,obgnme,0,
x35_13.900,1.917981298600652,0.0,obgnme,0,
x35_14.000,2.066662409110899,0.0,obgnme,0,
x35_14.100,2.2223176954259243,0.0,obgnme,0,
x35_14.200,2.385562084670103,0.0,obgnme,0,
x35_14.300,2.5569635212184316,0.0,obgnme,0,
x35_14.400,2.737006730194257,0.0,obgnme,0,
x35_14.500,2.926053126088456,0.0,obgnme,0,
x35_14.600,3.124298938816331,0.0,obgnme,0,
x35_14.700,3.3317336775329904,0.0,obgnme,0,
x35_14.800,3.5481008938253566,0.0,obgnme,0,
x35_14.900,3.7728629098085467,0.0,obgnme,0,
x35_15.000,4.005170825107578,0.0,obgnme,0,
x35_15.100,4.24384077812771,0.0,obgnme,0,
x35_15.200,4.487337147225431,0.0,obgnme,0,
x35_15.300,4.733763134596584,0.0,obgnme,0,
x35_15.400,4.980858951020516,0.0,obgnme,0,
x35_15.500,5.226007578652938,0.0,obgnme,0,
x35_15.600,5.466247816397496,0.0,obgnme,0,
x35_15.700,5.698294030101861,0.0,obgnme,0,
x35_15.800,5.918561803872447,0.0,obgnme,0,
x35_15.900,6.123198620275852,0.0,obgnme,0,
x35_16.000,6.308118899546261,0.0,obgnme,0,
x35_16.100,6.4690432939976965,0.0,obgnme,0,
x35_16.200,6.601543098600786,0.0,obgnme,0,
x35_16.300,6.701091944634266,0.0,obgnme,0,
x35_16.400,6.763128416573532,0.0,obgnme,0,
x35_16.500,6.78313457726079,0.0,obgnme,0,
x35_16.600,6.7567362057445655,0.0,obgnme,0,
x35_16.700,6.679830398036989,0.0,obgnme,0,
x35_16.800,6.548744636456382,0.0,obgnme,0,
x35_16.900,6.360428219349592,0.0,obgnme,0,
x35_17.000,6.112672037467299,0.0,obgnme,0,
x35_17.100,5.804346425738261,0.0,obgnme,0,
x35_17.200,5.4356399703003415,0.0,obgnme,0,
x35_17.300,5.008275866674837,0.0,obgnme,0,
x35_17.400,4.52567811766446,0.0,obgnme,0,
x35_17.500,3.9930589351782673,0.0,obgnme,0,
x35_17.600,3.4174022220794598,0.0,obgnme,0,
x35_17.700,2.807326304230983,0.0,obgnme,0,
x35_17.800,2.1728215458289055,0.0,obgnme,0,
x35_17.900,1.524873496514994,0.0,obgnme,0,
x35_18.000,0.8749973899951862,0.0,obgnme,0,
x35_18.100,0.23472243200180465,0.0,obgnme,0,
x35_18.200,-0.38492803337585124,0.0,obgnme,0,
x35_18.300,-0.9739132409862449,0.0,obgnme,0,
x35_18.400,-1.5235669887273993,0.0,obgnme,0,
x35_18.500,-2.0268745897951286,0.0,obgnme,0,
x35_18.600,-2.4786193628339097,0.0,obgnme,0,
x35_18.700,-2.8753989590196496,0.0,obgnme,0,
x35_18.800,-3.2155258157714415,0.0,obgnme,0,
x35_18.900,-3.4988363201656894,0.0,obgnme,0,
x35_19.000,-3.726438867216571,0.0,obgnme,0,
x35_19.100,-3.900431920112083,0.0,obgnme,0,
x35_19.200,-4.023620233332347,0.0,obgnme,0,
x35_19.300,-4.099251855044372,0.0,obgnme,0,
x35_19.400,-4.130791749685809,0.0,obgnme,0,
x35_19.500,-4.121741059053706,0.0,obgnme,0,
x35_19.600,-4.075504993468284,0.0,obgnme,0,
x35_19.700,-3.995307579670689,0.0,obgnme,0,
x35_19.800,-3.884148129463746,0.0,obgnme,0,
x35_19.900,-3.7447922431131264,0.0,obgnme,0,
x36_00.000,8.478664874365142,1.0,obgnme,0,1.0
x36_00.100,8.417441103767944,1.0,obgnme,0,1.0
x36_00.200,8.333560196375906,1.0,obgnme,0,1.0
x36_00.300,8.223639171110635,1.0,obgnme,0,1.0
x36_00.400,8.084990661640946,1.0,obgnme,0,1.0
x36_00.500,7.915871445717151,1.0,obgnme,0,1.0
x36_00.600,7.715737189662376,1.0,obgnme,0,1.0
x36_00.700,7.48548334407331,1.0,obgnme,0,1.0
x36_00.800,7.227646198322292,1.0,obgnme,0,1.0
x36_00.900,6.946533145284419,1.0,obgnme,0,1.0
x36_01.000,6.648248334602284,1.0,obgnme,0,1.0
x36_01.100,6.340580462607996,1.0,obgnme,0,1.0
x36_01.200,6.032724979348444,1.0,obgnme,0,1.0
x36_01.300,5.734824992258793,1.0,obgnme,0,1.0
x36_01.400,5.457334799358311,1.0,obgnme,0,1.0
x36_01.500,5.210237677885416,1.0,obgnme,0,1.0
x36_01.600,5.00218415079461,1.0,obgnme,0,1.0
x36_01.700,4.839654847311755,1.0,obgnme,0,1.0
x36_01.800,4.726286164660925,1.0,obgnme,0,1.0
x36_01.900,4.662515979675475,1.0,obgnme,0,1.0
x36_02.000,4.64569587893407,1.0,obgnme,0,1.0
x36_02.100,4.670760664097831,1.0,obgnme,0,1.0
x36_02.200,4.731436587451521,1.0,obgnme,0,1.0
x36_02.300,4.821814463782607,1.0,obgnme,0,1.0
x36_02.400,4.937945379808026,1.0,obgnme,0,1.0
x36_02.500,5.078994774768073,1.0,obgnme,0,1.0
x36_02.600,5.24748771037412,1.0,obgnme,0,1.0
x36_02.700,5.448348382790867,1.0,obgnme,0,1.0
x36_02.800,5.686777006052751,1.0,obgnme,0,1.0
x36_02.900,5.965431672615459,1.0,obgnme,0,1.0
x36_03.000,6.281739286081449,1.0,obgnme,0,1.0
x36_03.100,6.626288852853776,1.0,obgnme,0,1.0
x36_03.200,6.983071519133778,1.0,obgnme,0,1.0
x36_03.300,7.33184646890457,1.0,obgnme,0,1.0
x36_03.400,7.652255640722845,1.0,obgnme,0,1.0
x36_03.500,7.9286750289897485,1.0,obgnme,0,1.0
x36_03.600,8.154398800216544,1.0,obgnme,0,1.0
x36_03.700,8.333807660517946,1.0,obgnme,0,1.0
x36_03.800,8.481752329717615,1.0,obgnme,0,1.0
x36_03.900,8.620315396648746,1.0,obgnme,0,1.0
x36_04.000,8.773987645932792,1.0,obgnme,0,1.0
x36_04.100,8.964683121760084,1.0,obgnme,0,1.0
x36_04.200,9.207783850738366,1.0,obgnme,0,1.0
x36_04.300,9.509790164580062,1.0,obgnme,0,1.0
x36_04.400,9.867561148245409,1.0,obgnme,0,1.0
x36_04.500,10.268833457894512,1.0,obgnme,0,1.0
x36_04.600,10.693712102043198,1.0,obgnme,0,1.0
x36_04.700,11.116957347713702,1.0,obgnme,0,1.0
x36_04.800,11.510954684126462,1.0,obgnme,0,1.0
x36_04.900,11.849160689962034,1.0,obgnme,0,1.0
x36_05.000,12.109612088000626,1.0,obgnme,0,1.0
x36_05.100,12.2779037733659,1.0,obgnme,0,1.0
x36_05.200,12.349024298365043,1.0,obgnme,0,1.0
x36_05.300,12.327643521357393,1.0,obgnme,0,1.0
x36_05.400,12.226816666007196,1.0,obgnme,0,1.0
x36_05.500,12.065456616955348,1.0,obgnme,0,1.0
x36_05.600,11.865186346250685,1.0,obgnme,0,1.0
x36_05.700,11.647243663562174,1.0,obgnme,0,1.0
x36_05.800,11.42998865834633,1.0,obgnme,0,1.0
x36_05.900,11.227334440885855,1.0,obgnme,0,1.0
x36_06.000,11.048169761959155,1.0,obgnme,0,1.0
x36_06.100,10.896634973426853,1.0,obgnme,0,1.0
x36_06.200,10.772987361625939,1.0,obgnme,0,1.0
x36_06.300,10.674754553393868,1.0,obgnme,0,1.0
x36_06.400,10.597908885584722,1.0,obgnme,0,1.0
x36_06.500,10.537872846324793,1.0,obgnme,0,1.0
x36_06.600,10.490256187620577,1.0,obgnme,0,1.0
x36_06.700,10.45130547698843,1.0,obgnme,0,1.0
x36_06.800,10.418102773317033,1.0,obgnme,0,1.0
x36_06.900,10.388577788417726,1.0,obgnme,0,1.0
x36_07.000,10.361401213924454,1.0,obgnme,0,1.0
x36_07.100,10.33581424835979,1.0,obgnme,0,1.0
x36_07.200,10.31143017037395,1.0,obgnme,0,1.0
x36_07.300,10.288025910697034,1.0,obgnme,0,1.0
x36_07.400,10.265329954324796,1.0,obgnme,0,1.0
x36_07.500,10.24280951359804,1.0,obgnme,0,1.0
x36_07.600,10.219464142070331,1.0,obgnme,0,1.0
x36_07.700,10.19364224704078,1.0,obgnme,0,1.0
x36_07.800,10.1629074068233,1.0,obgnme,0,1.0
x36_07.900,10.123988455152197,1.0,obgnme,0,1.0
x36_08.000,10.072846646866003,1.0,obgnme,0,1.0
x36_08.100,10.00488193232206,1.0,obgnme,0,1.0
x36_08.200,9.915278115878502,1.0,obgnme,0,1.0
x36_08.300,9.799456685892903,1.0,obgnme,0,1.0
x36_08.400,9.65357831324592,1.0,obgnme,0,1.0
x36_08.500,9.475008867200806,1.0,obgnme,0,1.0
x36_08.600,9.26266248716606,1.0,obgnme,0,1.0
x36_08.700,9.017152919610796,1.0,obgnme,0,1.0
x36_08.800,8.7407237532728,1.0,obgnme,0,1.0
x36_08.900,8.43697799565811,1.0,obgnme,0,1.0
x36_09.000,8.110472192562366,1.0,obgnme,0,1.0
x36_09.100,7.766265572035943,1.0,obgnme,0,1.0
x36_09.200,7.409513186976875,1.0,obgnme,0,1.0
x36_09.300,7.045166357501543,1.0,obgnme,0,1.0
x36_09.400,6.677804584862009,1.0,obgnme,0,1.0
x36_09.500,6.311584299348248,1.0,obgnme,0,1.0
x36_09.600,5.950262867791622,1.0,obgnme,0,1.0
x36_09.700,5.597247203973981,1.0,obgnme,0,1.0
x36_09.800,5.255624660566433,1.0,obgnme,0,1.0
x36_09.900,4.9281539141908235,1.0,obgnme,0,1.0
x36_10.000,4.617216737814454,0.0,obgnme,0,
x36_10.100,4.324749630944351,0.0,obgnme,0,
x36_10.200,4.0521821120759265,0.0,obgnme,0,
x36_10.300,3.8004054625044112,0.0,obgnme,0,
x36_10.400,3.569785178870451,0.0,obgnme,0,
x36_10.500,3.3602175159677508,0.0,obgnme,0,
x36_10.600,3.1712199152285194,0.0,obgnme,0,
x36_10.700,3.002039392054887,0.0,obgnme,0,
x36_10.800,2.8517623565748687,0.0,obgnme,0,
x36_10.900,2.7194125092164514,0.0,obgnme,0,
x36_11.000,2.604028429534154,0.0,obgnme,0,
x36_11.100,2.5047175400116504,0.0,obgnme,0,
x36_11.200,2.4206871945522495,0.0,obgnme,0,
x36_11.300,2.351256304007237,0.0,obgnme,0,
x36_11.400,2.295852238438229,0.0,obgnme,0,
x36_11.500,2.253998043265441,0.0,obgnme,0,
x36_11.600,2.2252946234244138,0.0,obgnme,0,
x36_11.700,2.209401777113956,0.0,obgnme,0,
x36_11.800,2.206021003724054,0.0,obgnme,0,
x36_11.900,2.2148820027651994,0.0,obgnme,0,
x36_12.000,2.235733811431978,0.0,obgnme,0,
x36_12.100,2.2683406649550197,0.0,obgnme,0,
x36_12.200,2.312481961693492,0.0,obgnme,0,
x36_12.300,2.3679552174870047,0.0,obgnme,0,
x36_12.400,2.4345806250224284,0.0,obgnme,0,
x36_12.500,2.512205789956671,0.0,obgnme,0,
x36_12.600,2.60070936180678,0.0,obgnme,0,
x36_12.700,2.700002555351236,0.0,obgnme,0,
x36_12.800,2.81002789816602,0.0,obgnme,0,
x36_12.900,2.9307548784668493,0.0,obgnme,0,
x36_13.000,3.0621724593594326,0.0,obgnme,0,
x36_13.100,3.204278647845059,0.0,obgnme,0,
x36_13.200,3.357067454062741,0.0,obgnme,0,
x36_13.300,3.5205136510220187,0.0,obgnme,0,
x36_13.400,3.6945557497342456,0.0,obgnme,0,
x36_13.500,3.8790775377491324,0.0,obgnme,0,
x36_13.600,4.073888389412175,0.0,obgnme,0,
x36_13.700,4.278702351305243,0.0,obgnme,0,
x36_13.800,4.493115761504468,0.0,obgnme,0,
x36_13.900,4.716582923073287,0.0,obgnme,0,
x36_14.000,4.948389184707639,0.0,obgnme,0,
x36_14.100,5.187620754894334,0.0,obgnme,0,
x36_14.200,5.433130750833596,0.0,obgnme,0,
x36_14.300,5.6835013948464175,0.0,obgnme,0,
x36_14.400,5.937002918080599,0.0,obgnme,0,
x36_14.500,6.191550574384393,0.0,obgnme,0,
x36_14.600,6.444662133964634,0.0,obgnme,0,
x36_14.700,6.69341922456332,0.0,obgnme,0,
x36_14.800,6.9344368194999015,0.0,obgnme,0,
x36_14.900,7.163845944818232,0.0,obgnme,0,
x36_15.000,7.377295209198672,0.0,obgnme,0,
x36_15.100,7.569976972265593,0.0,obgnme,0,
x36_15.200,7.7366837758441,0.0,obgnme,0,
x36_15.300,7.871899969880387,0.0,obgnme,0,
x36_15.400,7.969932156262823,0.0,obgnme,0,
x36_15.500,8.025080037942777,0.0,obgnme,0,
x36_15.600,8.031846426437014,0.0,obgnme,0,
x36_15.700,7.985181553663353,0.0,obgnme,0,
x36_15.800,7.880752637831482,0.0,obgnme,0,
x36_15.900,7.715225254309062,0.0,obgnme,0,
x36_16.000,7.486539052026786,0.0,obgnme,0,
x36_16.100,7.1941574650411315,0.0,obgnme,0,
x36_16.200,6.839270030023742,0.0,obgnme,0,
x36_16.300,6.424927276236437,0.0,obgnme,0,
x36_16.400,5.956092063920054,0.0,obgnme,0,
x36_16.500,5.439597363575673,0.0,obgnme,0,
x36_16.600,4.884007957557308,0.0,obgnme,0,
x36_16.700,4.299391263577126,0.0,obgnme,0,
x36_16.800,3.697009275368261,0.0,obgnme,0,
x36_16.900,3.088948642246784,0.0,obgnme,0,
x36_17.000,2.487708827624828,0.0,obgnme,0,
x36_17.100,1.9057692725568347,0.0,obgnme,0,
x36_17.200,1.3551560524270188,0.0,obgnme,0,
x36_17.300,0.8470272167406766,0.0,obgnme,0,
x36_17.400,0.3912942299515714,0.0,obgnme,0,
x36_17.500,-0.0037051888013601153,0.0,obgnme,0,
x36_17.600,-0.33147004700071314,0.0,obgnme,0,
x36_17.700,-0.5875250681570386,0.0,obgnme,0,
x36_17.800,-0.7695292086257248,0.0,obgnme,0,
x36_17.900,-0.8773006907752193,0.0,obgnme,0,
x36_18.000,-0.9127588985587205,0.0,obgnme,0,
x36_18.100,-0.879786611465917,0.0,obgnme,0,
x36_18.200,-0.7840190446609228,0.0,obgnme,0,
x36_18.300,-0.6325692212452101,0.0,obgnme,0,
x36_18.400,-0.43370244148964665,0.0,obgnme,0,
x36_18.500,-0.19647586326827493,0.0,obgnme,0,
x36_18.600,0.06963803916780642,0.0,obgnme,0,
x36_18.700,0.35512381555785605,0.0,obgnme,0,
x36_18.800,0.6507711189708312,0.0,obgnme,0,
x36_18.900,0.947980812750572,0.0,obgnme,0,
x36_19.000,1.2390156096075788,0.0,obgnme,0,
x36_19.100,1.5171871747293997,0.0,obgnme,0,
x36_19.200,1.776977373073402,0.0,obgnme,0,
x36_19.300,2.014096539436693,0.0,obgnme,0,
x36_19.400,2.2254856554847864,0.0,obgnme,0,
x36_19.500,2.409271819122131,0.0,obgnme,0,
x36_19.600,2.5646874018362653,0.0,obgnme,0,
x36_19.700,2.691963063710669,0.0,obgnme,0,
x36_19.800,2.7922037152429704,0.0,obgnme,0,
x36_19.900,2.867254981836397,0.0,obgnme,0,
x37_00.000,7.832497872724525,0.0,obgnme,0,
x37_00.100,7.666722425458123,0.0,obgnme,0,
x37_00.200,7.484444282796753,0.0,obgnme,0,
x37_00.300,7.289096372279991,0.0,obgnme,0,
x37_00.400,7.084866714723119,0.0,obgnme,0,
x37_00.500,6.87663393784136,0.0,obgnme,0,
x37_00.600,6.669839666948839,0.0,obgnme,0,
x37_00.700,6.470298696620052,0.0,obgnme,0,
x37_00.800,6.283955678591795,0.0,obgnme,0,
x37_00.900,6.116606231246334,0.0,obgnme,0,
x37_01.000,5.9736096974416135,0.0,obgnme,0,
x37_01.100,5.859628427540259,0.0,obgnme,0,
x37_01.200,5.77843207178335,0.0,obgnme,0,
x37_01.300,5.732802337545277,0.0,obgnme,0,
x37_01.400,5.724561859719009,0.0,obgnme,0,
x37_01.500,5.75472961214409,0.0,obgnme,0,
x37_01.600,5.823776818107149,0.0,obgnme,0,
x37_01.700,5.931927581838439,0.0,obgnme,0,
x37_01.800,6.079427153529092,0.0,obgnme,0,
x37_01.900,6.266699081647219,0.0,obgnme,0,
x37_02.000,6.494338677197954,0.0,obgnme,0,
x37_02.100,6.7629434716381285,0.0,obgnme,0,
x37_02.200,7.072847715065186,0.0,obgnme,0,
x37_02.300,7.423881267278642,0.0,obgnme,0,
x37_02.400,7.815283986281002,0.0,obgnme,0,
x37_02.500,8.245857053064967,0.0,obgnme,0,
x37_02.600,8.714330232265352,0.0,obgnme,0,
x37_02.700,9.219804747528853,0.0,obgnme,0,
x37_02.800,9.762045103571403,0.0,obgnme,0,
x37_02.900,10.341378297457299,0.0,obgnme,0,
x37_03.000,10.958024090380412,0.0,obgnme,0,
x37_03.100,11.610808683909807,0.0,obgnme,0,
x37_03.200,12.295385848086925,0.0,obgnme,0,
x37_03.300,13.002288936843767,0.0,obgnme,0,
x37_03.400,13.71532739435185,0.0,obgnme,0,
x37_03.500,14.41092699073294,0.0,obgnme,0,
x37_03.600,15.058861820251822,0.0,obgnme,0,
x37_03.700,15.624385029802704,0.0,obgnme,0,
x37_03.800,16.071190517635618,0.0,obgnme,0,
x37_03.900,16.36427024387402,0.0,obgnme,0,
x37_04.000,16.471855200573206,0.0,obgnme,0,
x37_04.100,16.366205223596797,0.0,obgnme,0,
x37_04.200,16.02368250061829,0.0,obgnme,0,
x37_04.300,15.424903795600791,0.0,obgnme,0,
x37_04.400,14.555660048748807,0.0,obgnme,0,
x37_04.500,13.408849172721386,0.0,obgnme,0,
x37_04.600,11.987143849881583,0.0,obgnme,0,
x37_04.700,10.305721926984342,0.0,obgnme,0,
x37_04.800,8.394224610755284,0.0,obgnme,0,
x37_04.900,6.297189531917493,0.0,obgnme,0,
x37_05.000,4.072495341106274,0.0,obgnme,0,
x37_05.100,1.7877886780336048,0.0,obgnme,0,
x37_05.200,-0.4846503875256838,0.0,obgnme,0,
x37_05.300,-2.6737433614777184,0.0,obgnme,0,
x37_05.400,-4.715104848184993,0.0,obgnme,0,
x37_05.500,-6.555267589180499,0.0,obgnme,0,
x37_05.600,-8.154101379351845,0.0,obgnme,0,
x37_05.700,-9.48537735989191,0.0,obgnme,0,
x37_05.800,-10.535843756896874,0.0,obgnme,0,
x37_05.900,-11.303395431276268,0.0,obgnme,0,
x37_06.000,-11.79491794028831,0.0,obgnme,0,
x37_06.100,-12.024229218710976,0.0,obgnme,0,
x37_06.200,-12.010324777247714,0.0,obgnme,0,
x37_06.300,-11.775942721551019,0.0,obgnme,0,
x37_06.400,-11.346355014610658,0.0,obgnme,0,
x37_06.500,-10.748270769296324,0.0,obgnme,0,
x37_06.600,-10.008781224168837,0.0,obgnme,0,
x37_06.700,-9.154343632103238,0.0,obgnme,0,
x37_06.800,-8.209855545192271,0.0,obgnme,0,
x37_06.900,-7.1978919528802106,0.0,obgnme,0,
x37_07.000,-6.138165268156363,0.0,obgnme,0,
x37_07.100,-5.047235586452226,0.0,obgnme,0,
x37_07.200,-3.938462854600976,0.0,obgnme,0,
x37_07.300,-2.8221661169747385,0.0,obgnme,0,
x37_07.400,-1.7059428504783234,0.0,obgnme,0,
x37_07.500,-0.5951020239902629,0.0,obgnme,0,
x37_07.600,0.5068272078013831,0.0,obgnme,0,
x37_07.700,1.5975392368520809,0.0,obgnme,0,
x37_07.800,2.675369323176409,0.0,obgnme,0,
x37_07.900,3.7387049903323,0.0,obgnme,0,
x37_08.000,4.785418505156384,0.0,obgnme,0,
x37_08.100,5.812359792391794,0.0,obgnme,0,
x37_08.200,6.814963274745846,0.0,obgnme,0,
x37_08.300,7.78703158672845,0.0,obgnme,0,
x37_08.400,8.720756196785294,0.0,obgnme,0,
x37_08.500,9.607013533400485,0.0,obgnme,0,
x37_08.600,10.435934295761982,0.0,obgnme,0,
x37_08.700,11.197690266023864,0.0,obgnme,0,
x37_08.800,11.88339168933967,0.0,obgnme,0,
x37_08.900,12.485956442052627,0.0,obgnme,0,
x37_09.000,13.000812248386575,0.0,obgnme,0,
x37_09.100,13.426326577062916,0.0,obgnme,0,
x37_09.200,13.76391496584043,0.0,obgnme,0,
x37_09.300,14.017839748670935,0.0,obgnme,0,
x37_09.400,14.194760674499506,0.0,obgnme,0,
x37_09.500,14.303126878098325,0.0,obgnme,0,
x37_09.600,14.352504981006755,0.0,obgnme,0,
x37_09.700,14.352926058419802,0.0,obgnme,0,
x37_09.800,14.314312565604794,0.0,obgnme,0,
x37_09.900,14.246022073428794,0.0,obgnme,0,
x37_10.000,14.156522542302186,0.0,obgnme,0,
x37_10.100,14.05319627898397,0.0,obgnme,0,
x37_10.200,13.942257432811987,0.0,obgnme,0,
x37_10.300,13.828760721934497,0.0,obgnme,0,
x37_10.400,13.716676386472937,0.0,obgnme,0,
x37_10.500,13.609007230562325,0.0,obgnme,0,
x37_10.600,13.507926956534783,0.0,obgnme,0,
x37_10.700,13.414923667182812,0.0,obgnme,0,
x37_10.800,13.330937363049598,0.0,obgnme,0,
x37_10.900,13.256484688700512,0.0,obgnme,0,
x37_11.000,13.191767627435008,0.0,obgnme,0,
x37_11.100,13.136765188879293,0.0,obgnme,0,
x37_11.200,13.091308507472531,0.0,obgnme,0,
x37_11.300,13.055140424961136,0.0,obgnme,0,
x37_11.400,13.027960835063544,0.0,obgnme,0,
x37_11.500,13.009459042054608,0.0,obgnme,0,
x37_11.600,12.99933427462226,0.0,obgnme,0,
x37_11.700,12.997305386175762,0.0,obgnme,0,
x37_11.800,13.003110702946652,0.0,obgnme,0,
x37_11.900,13.016498965767434,0.0,obgnme,0,
x37_12.000,13.03721235015098,0.0,obgnme,0,
x37_12.100,13.064962633819626,0.0,obgnme,0,
x37_12.200,13.099401697389046,0.0,obgnme,0,
x37_12.300,13.140087675522377,0.0,obgnme,0,
x37_12.400,13.186448204833788,0.0,obgnme,0,
x37_12.500,13.237742325382735,0.0,obgnme,0,
x37_12.600,13.293022673046147,0.0,obgnme,0,
x37_12.700,13.351099643604783,0.0,obgnme,0,
x37_12.800,13.41050921375252,0.0,obgnme,0,
x37_12.900,13.469486070266479,0.0,obgnme,0,
x37_13.000,13.525943628416698,0.0,obgnme,0,
x37_13.100,13.577462416056871,0.0,obgnme,0,
x37_13.200,13.621288160381903,0.0,obgnme,0,
x37_13.300,13.654340736239014,0.0,obgnme,0,
x37_13.400,13.673234909797031,0.0,obgnme,0,
x37_13.500,13.674313526540306,0.0,obgnme,0,
x37_13.600,13.65369343297525,0.0,obgnme,0,
x37_13.700,13.607323975042348,0.0,obgnme,0,
x37_13.800,13.531057381635186,0.0,obgnme,0,
x37_13.900,13.420729737040132,0.0,obgnme,0,
x37_14.000,13.27225061659488,0.0,obgnme,0,
x37_14.100,13.081698879958815,0.0,obgnme,0,
x37_14.200,12.845421685317964,0.0,obgnme,0,
x37_14.300,12.56013361575469,0.0,obgnme,0,
x37_14.400,12.223012994208158,0.0,obgnme,0,
x37_14.500,11.83179306283919,0.0,obgnme,0,
x37_14.600,11.384846700066884,0.0,obgnme,0,
x37_14.700,10.881264628714954,0.0,obgnme,0,
x37_14.800,10.320928405506294,0.0,obgnme,0,
x37_14.900,9.704580550817477,0.0,obgnme,0,
x37_15.000,9.033894595963446,0.0,obgnme,0,
x37_15.100,8.311547223738074,0.0,obgnme,0,
x37_15.200,7.541292790738734,0.0,obgnme,0,
x37_15.300,6.7280372836505045,0.0,obgnme,0,
x37_15.400,5.8779044019574345,0.0,obgnme,0,
x37_15.500,4.998281546174616,0.0,obgnme,0,
x37_15.600,4.097828936631318,0.0,obgnme,0,
x37_15.700,3.1864320702407243,0.0,obgnme,0,
x37_15.800,2.275077505658083,0.0,obgnme,0,
x37_15.900,1.375635621335813,0.0,obgnme,0,
x37_16.000,0.5005420372533754,0.0,obgnme,0,
x37_16.100,-0.337618552148679,0.0,obgnme,0,
x37_16.200,-1.1266078214405137,0.0,obgnme,0,
x37_16.300,-1.8550756997152242,0.0,obgnme,0,
x37_16.400,-2.5131045166372123,0.0,obgnme,0,
x37_16.500,-3.0927059396082788,0.0,obgnme,0,
x37_16.600,-3.588223680953237,0.0,obgnme,0,
x37_16.700,-3.996604897311461,0.0,obgnme,0,
x37_16.800,-4.31751838988343,0.0,obgnme,0,
x37_16.900,-4.553314555359429,0.0,obgnme,0,
x37_17.000,-4.708836841041657,0.0,obgnme,0,
x37_17.100,-4.791104714685619,0.0,obgnme,0,
x37_17.200,-4.808893319428209,0.0,obgnme,0,
x37_17.300,-4.77223638322005,0.0,obgnme,0,
x37_17.400,-4.691878955254724,0.0,obgnme,0,
x37_17.500,-4.578707312694406,0.0,obgnme,0,
x37_17.600,-4.443185838605149,0.0,obgnme,0,
x37_17.700,-4.294834072862027,0.0,obgnme,0,
x37_17.800,-4.141779425535366,0.0,obgnme,0,
x37_17.900,-3.990419777396195,0.0,obgnme,0,
x37_18.000,-3.8452236486275044,0.0,obgnme,0,
x37_18.100,-3.7086835951837265,0.0,obgnme,0,
x37_18.200,-3.5814225431881934,0.0,obgnme,0,
x37_18.300,-3.462435774132874,0.0,obgnme,0,
x37_18.400,-3.3494365584872803,0.0,obgnme,0,
x37_18.500,-3.239263796977153,0.0,obgnme,0,
x37_18.600,-3.128306971765643,0.0,obgnme,0,
x37_18.700,-3.0129071593448873,0.0,obgnme,0,
x37_18.800,-2.8897013714203874,0.0,obgnme,0,
x37_18.900,-2.755888832319706,0.0,obgnme,0,
x37_19.000,-2.6094096259173885,0.0,obgnme,0,
x37_19.100,-2.4490365627890327,0.0,obgnme,0,
x37_19.200,-2.274388997040064,0.0,obgnme,0,
x37_19.300,-2.0858823045735195,0.0,obgnme,0,
x37_19.400,-1.8846290557175678,0.0,obgnme,0,
x37_19.500,-1.6723081412653187,0.0,obgnme,0,
x37_19.600,-1.4510169006917923,0.0,obgnme,0,
x37_19.700,-1.2231192462296452,0.0,obgnme,0,
x37_19.800,-0.991100328814994,0.0,obgnme,0,
x37_19.900,-0.7574357573249446,0.0,obgnme,0,
x38_00.000,6.169038666017357,1.0,obgnme,0,1.0
x38_00.100,6.085706807331805,1.0,obgnme,0,1.0
x38_00.200,6.009573157848408,1.0,obgnme,0,1.0
x38_00.300,5.944074681286356,1.0,obgnme,0,1.0
x38_00.400,5.892543089654438,1.0,obgnme,0,1.0
x38_00.500,5.858086472320512,1.0,obgnme,0,1.0
x38_00.600,5.843493752013688,1.0,obgnme,0,1.0
x38_00.700,5.851171974316718,1.0,obgnme,0,1.0
x38_00.800,5.8831227469221785,1.0,obgnme,0,1.0
x38_00.900,5.940958643563025,1.0,obgnme,0,1.0
x38_01.000,6.0259538601833915,1.0,obgnme,0,1.0
x38_01.100,6.139117204139032,1.0,obgnme,0,1.0
x38_01.200,6.281271288298939,1.0,obgnme,0,1.0
x38_01.300,6.453121099686025,1.0,obgnme,0,1.0
x38_01.400,6.655298567667366,1.0,obgnme,0,1.0
x38_01.500,6.888376523224965,1.0,obgnme,0,1.0
x38_01.600,7.152852951194602,1.0,obgnme,0,1.0
x38_01.700,7.44911093462174,1.0,obgnme,0,1.0
x38_01.800,7.777357585736844,1.0,obgnme,0,1.0
x38_01.900,8.137534928833459,1.0,obgnme,0,1.0
x38_02.000,8.529178936521697,1.0,obgnme,0,1.0
x38_02.100,8.951185211999572,1.0,obgnme,0,1.0
x38_02.200,9.40142917632489,1.0,obgnme,0,1.0
x38_02.300,9.876193405308216,1.0,obgnme,0,1.0
x38_02.400,10.369381104142542,1.0,obgnme,0,1.0
x38_02.500,10.87154407884017,1.0,obgnme,0,1.0
x38_02.600,11.368820550961162,1.0,obgnme,0,1.0
x38_02.700,11.841949535991438,1.0,obgnme,0,1.0
x38_02.800,12.265585710211592,1.0,obgnme,0,1.0
x38_02.900,12.60816476721534,1.0,obgnme,0,1.0
x38_03.000,12.83255666648987,1.0,obgnme,0,1.0
x38_03.100,12.8976959013362,1.0,obgnme,0,1.0
x38_03.200,12.76129708421524,1.0,obgnme,0,1.0
x38_03.300,12.383638183486658,1.0,obgnme,0,1.0
x38_03.400,11.73219242391291,1.0,obgnme,0,1.0
x38_03.500,10.786598452302016,1.0,obgnme,0,1.0
x38_03.600,9.543139943786194,1.0,obgnme,0,1.0
x38_03.700,8.01773208076284,1.0,obgnme,0,1.0
x38_03.800,6.246579773373956,1.0,obgnme,0,1.0
x38_03.900,4.284215484564404,1.0,obgnme,0,1.0
x38_04.000,2.1993015733644334,1.0,obgnme,0,1.0
x38_04.100,0.06901730634904624,1.0,obgnme,0,1.0
x38_04.200,-2.027148448387177,1.0,obgnme,0,1.0
x38_04.300,-4.013645269941856,1.0,obgnme,0,1.0
x38_04.400,-5.824769580530104,1.0,obgnme,0,1.0
x38_04.500,-7.409715786476063,1.0,obgnme,0,1.0
x38_04.600,-8.735939325512224,1.0,obgnme,0,1.0
x38_04.700,-9.789892277784169,1.0,obgnme,0,1.0
x38_04.800,-10.574594983015771,1.0,obgnme,0,1.0
x38_04.900,-11.104376388958013,1.0,obgnme,0,1.0
x38_05.000,-11.39805497660353,1.0,obgnme,0,1.0
x38_05.100,-11.472372432273966,1.0,obgnme,0,1.0
x38_05.200,-11.337405446339588,1.0,obgnme,0,1.0
x38_05.300,-10.995065363800931,1.0,obgnme,0,1.0
x38_05.400,-10.440923964790521,1.0,obgnme,0,1.0
x38_05.500,-9.66873715291571,1.0,obgnme,0,1.0
x38_05.600,-8.67636363082186,1.0,obgnme,0,1.0
x38_05.700,-7.471437654862254,1.0,obgnme,0,1.0
x38_05.800,-6.075256924691089,1.0,obgnme,0,1.0
x38_05.900,-4.523880420878236,1.0,obgnme,0,1.0
x38_06.000,-2.8662239048859357,1.0,obgnme,0,1.0
x38_06.100,-1.159710965733682,1.0,obgnme,0,1.0
x38_06.200,0.5354627855412137,1.0,obgnme,0,1.0
x38_06.300,2.1622609970676594,1.0,obgnme,0,1.0
x38_06.400,3.6719108225313852,1.0,obgnme,0,1.0
x38_06.500,5.027491807554396,1.0,obgnme,0,1.0
x38_06.600,6.205698160294261,1.0,obgnme,0,1.0
x38_06.700,7.196808450862051,1.0,obgnme,0,1.0
x38_06.800,8.003168827702165,1.0,obgnme,0,1.0
x38_06.900,8.636666598666636,1.0,obgnme,0,1.0
x38_07.000,9.115725412633449,1.0,obgnme,0,1.0
x38_07.100,9.46229953842061,1.0,obgnme,0,1.0
x38_07.200,9.699216783024976,1.0,obgnme,0,1.0
x38_07.300,9.848064806174342,1.0,obgnme,0,1.0
x38_07.400,9.927676666459705,1.0,obgnme,0,1.0
x38_07.500,9.95317386474262,1.0,obgnme,0,1.0
x38_07.600,9.935475097904435,1.0,obgnme,0,1.0
x38_07.700,9.88116873621885,1.0,obgnme,0,1.0
x38_07.800,9.792662849740246,1.0,obgnme,0,1.0
x38_07.900,9.668554297989806,1.0,obgnme,0,1.0
x38_08.000,9.504186444231426,1.0,obgnme,0,1.0
x38_08.100,9.292385172373455,1.0,obgnme,0,1.0
x38_08.200,9.024369646783121,1.0,obgnme,0,1.0
x38_08.300,8.690824897600264,1.0,obgnme,0,1.0
x38_08.400,8.283098252618302,1.0,obgnme,0,1.0
x38_08.500,7.794445520727545,1.0,obgnme,0,1.0
x38_08.600,7.221215150977572,1.0,obgnme,0,1.0
x38_08.700,6.563832493561411,1.0,obgnme,0,1.0
x38_08.800,5.827444825386841,1.0,obgnme,0,1.0
x38_08.900,5.022118426393606,1.0,obgnme,0,1.0
x38_09.000,4.162538956482099,1.0,obgnme,0,1.0
x38_09.100,3.2672421348580776,1.0,obgnme,0,1.0
x38_09.200,2.357473524642496,1.0,obgnme,0,1.0
x38_09.300,1.45582595939669,1.0,obgnme,0,1.0
x38_09.400,0.5848211126240677,1.0,obgnme,0,1.0
x38_09.500,-0.23441109508622415,1.0,obgnme,0,1.0
x38_09.600,-0.9832361123744919,1.0,obgnme,0,1.0
x38_09.700,-1.6463267319757051,1.0,obgnme,0,1.0
x38_09.800,-2.2121530663360627,1.0,obgnme,0,1.0
x38_09.900,-2.6731580311711154,1.0,obgnme,0,1.0
x38_10.000,-3.0256545193844717,0.0,obgnme,0,
x38_10.100,-3.26949938368595,0.0,obgnme,0,
x38_10.200,-3.407609038908093,0.0,obgnme,0,
x38_10.300,-3.44538297611728,0.0,obgnme,0,
x38_10.400,-3.390096242923689,0.0,obgnme,0,
x38_10.500,-3.2503119036821686,0.0,obgnme,0,
x38_10.600,-3.03535177921734,0.0,obgnme,0,
x38_10.700,-2.7548503918218965,0.0,obgnme,0,
x38_10.800,-2.418404611513796,0.0,obgnme,0,
x38_10.900,-2.035321059773034,0.0,obgnme,0,
x38_11.000,-1.6144553701653062,0.0,obgnme,0,
x38_11.100,-1.1641319763061557,0.0,obgnme,0,
x38_11.200,-0.6921299357107316,0.0,obgnme,0,
x38_11.300,-0.2057189744395515,0.0,obgnme,0,
x38_11.400,0.2882700312273722,0.0,obgnme,0,
x38_11.500,0.7833549885052143,0.0,obgnme,0,
x38_11.600,1.273306332031133,0.0,obgnme,0,
x38_11.700,1.7520562558454138,0.0,obgnme,0,
x38_11.800,2.2136232913900464,0.0,obgnme,0,
x38_11.900,2.652060226638876,0.0,obgnme,0,
x38_12.000,3.0614314450593643,0.0,obgnme,0,
x38_12.100,3.435823745471844,0.0,obgnme,0,
x38_12.200,3.7693925363978487,0.0,obgnme,0,
x38_12.300,4.056442965287619,0.0,obgnme,0,
x38_12.400,4.2915430869448885,0.0,obgnme,0,
x38_12.500,4.469663711260601,0.0,obgnme,0,
x38_12.600,4.5863372807349,0.0,obgnme,0,
x38_12.700,4.637826241174698,0.0,obgnme,0,
x38_12.800,4.621290118138484,0.0,obgnme,0,
x38_12.900,4.5349400869613214,0.0,obgnme,0,
x38_13.000,4.378170322037603,0.0,obgnme,0,
x38_13.100,4.151656798375102,0.0,obgnme,0,
x38_13.200,3.8574163213158954,0.0,obgnme,0,
x38_13.300,3.4988210857100523,0.0,obgnme,0,
x38_13.400,3.0805666572251393,0.0,obgnme,0,
x38_13.500,2.608593587004696,0.0,obgnme,0,
x38_13.600,2.0899646840069304,0.0,obgnme,0,
x38_13.700,1.5327012225051102,0.0,obgnme,0,
x38_13.800,0.945582207808429,0.0,obgnme,0,
x38_13.900,0.33791158819471767,0.0,obgnme,0,
x38_14.000,-0.2807406106892999,0.0,obgnme,0,
x38_14.100,-0.9008155060537619,0.0,obgnme,0,
x38_14.200,-1.5130506962554757,0.0,obgnme,0,
x38_14.300,-2.108760436161452,0.0,obgnme,0,
x38_14.400,-2.6800944029511675,0.0,obgnme,0,
x38_14.500,-3.2202568075738367,0.0,obgnme,0,
x38_14.600,-3.723667530848086,0.0,obgnme,0,
x38_14.700,-4.186049545033106,0.0,obgnme,0,
x38_14.800,-4.6044323713388255,0.0,obgnme,0,
x38_14.900,-4.977069328707242,0.0,obgnme,0,
x38_15.000,-5.3032758377776945,0.0,obgnme,0,
x38_15.100,-5.5832056322314445,0.0,obgnme,0,
x38_15.200,-5.817589883240273,0.0,obgnme,0,
x38_15.300,-6.007469681272692,0.0,obgnme,0,
x38_15.400,-6.153954215248654,0.0,obgnme,0,
x38_15.500,-6.258035022922389,0.0,obgnme,0,
x38_15.600,-6.320480964504689,0.0,obgnme,0,
x38_15.700,-6.341829488873201,0.0,obgnme,0,
x38_15.800,-6.322477921677702,0.0,obgnme,0,
x38_15.900,-6.262864767707678,0.0,obgnme,0,
x38_16.000,-6.163716670931179,0.0,obgnme,0,
x38_16.100,-6.026323597462745,0.0,obgnme,0,
x38_16.200,-5.852795473605382,0.0,obgnme,0,
x38_16.300,-5.646250625513277,0.0,obgnme,0,
x38_16.400,-5.410892094022953,0.0,obgnme,0,
x38_16.500,-5.151942882646687,0.0,obgnme,0,
x38_16.600,-4.875433775315737,0.0,obgnme,0,
x38_16.700,-4.587863445310972,0.0,obgnme,0,
x38_16.800,-4.295774478363786,0.0,obgnme,0,
x38_16.900,-4.005304959510932,0.0,obgnme,0,
x38_17.000,-3.721779520634782,0.0,obgnme,0,
x38_17.100,-3.449395341542072,0.0,obgnme,0,
x38_17.200,-3.1910399062741375,0.0,obgnme,0,
x38_17.300,-2.948253087801566,0.0,obgnme,0,
x38_17.400,-2.7213220147824533,0.0,obgnme,0,
x38_17.500,-2.509478164902578,0.0,obgnme,0,
x38_17.600,-2.3111554582730953,0.0,obgnme,0,
x38_17.700,-2.1242667439808716,0.0,obgnme,0,
x38_17.800,-1.9464627693429906,0.0,obgnme,0,
x38_17.900,-1.7753496893091307,0.0,obgnme,0,
x38_18.000,-1.6086548637944746,0.0,obgnme,0,
x38_18.100,-1.4443427268640106,0.0,obgnme,0,
x38_18.200,-1.2806904704531692,0.0,obgnme,0,
x38_18.300,-1.1163361693138476,0.0,obgnme,0,
x38_18.400,-0.950310272202784,0.0,obgnme,0,
x38_18.500,-0.7820567286394653,0.0,obgnme,0,
x38_18.600,-0.6114445620735434,0.0,obgnme,0,
x38_18.700,-0.4387664160586322,0.0,obgnme,0,
x38_18.800,-0.26471874813618856,0.0,obgnme,0,
x38_18.900,-0.09035922159881435,0.0,obgnme,0,
x38_19.000,0.08296013122408752,0.0,obgnme,0,
x38_19.100,0.25368134728189745,0.0,obgnme,0,
x38_19.200,0.42014409279611886,0.0,obgnme,0,
x38_19.300,0.5806951884532362,0.0,obgnme,0,
x38_19.400,0.7337939590138691,0.0,obgnme,0,
x38_19.500,0.8781040010438349,0.0,obgnme,0,
x38_19.600,1.012564060868227,0.0,obgnme,0,
x38_19.700,1.1364336148574692,0.0,obgnme,0,
x38_19.800,1.2493118497526212,0.0,obgnme,0,
x38_19.900,1.3511315517406273,0.0,obgnme,0,
x39_00.000,7.14965559679617,0.0,obgnme,0,
x39_00.100,7.1202612223961985,0.0,obgnme,0,
x39_00.200,7.113843422401977,0.0,obgnme,0,
x39_00.300,7.131389486105502,0.0,obgnme,0,
x39_00.400,7.173703481144281,0.0,obgnme,0,
x39_00.500,7.24142652618119,0.0,obgnme,0,
x39_00.600,7.3350565122934785,0.0,obgnme,0,
x39_00.700,7.454960673512395,0.0,obgnme,0,
x39_00.800,7.601374556530741,0.0,obgnme,0,
x39_00.900,7.774381725770956,0.0,obgnme,0,
x39_01.000,7.973869505860871,0.0,obgnme,0,
x39_01.100,8.199456620342684,0.0,obgnme,0,
x39_01.200,8.450388250318566,0.0,obgnme,0,
x39_01.300,8.725392720818114,0.0,obgnme,0,
x39_01.400,9.02249226105911,0.0,obgnme,0,
x39_01.500,9.33875929011342,0.0,obgnme,0,
x39_01.600,9.670011142199069,0.0,obgnme,0,
x39_01.700,10.010441790059687,0.0,obgnme,0,
x39_01.800,10.352200131072463,0.0,obgnme,0,
x39_01.900,10.68494088801606,0.0,obgnme,0,
x39_02.000,10.995394968251793,0.0,obgnme,0,
x39_02.100,11.267028952571017,0.0,obgnme,0,
x39_02.200,11.479885466965433,0.0,obgnme,0,
x39_02.300,11.61071477088871,0.0,obgnme,0,
x39_02.400,11.633520009594024,0.0,obgnme,0,
x39_02.500,11.520639487412806,0.0,obgnme,0,
x39_02.600,11.244470131527244,0.0,obgnme,0,
x39_02.700,10.779883132488393,0.0,obgnme,0,
x39_02.800,10.107280803165539,0.0,obgnme,0,
x39_02.900,9.216088080333732,0.0,obgnme,0,
x39_03.000,8.108280885512507,0.0,obgnme,0,
x39_03.100,6.801373445895579,0.0,obgnme,0,
x39_03.200,5.330182787456501,0.0,obgnme,0,
x39_03.300,3.74672269051848,0.0,obgnme,0,
x39_03.400,2.1177914762213734,0.0,obgnme,0,
x39_03.500,0.5202174498515495,0.0,obgnme,0,
x39_03.600,-0.9657283845620139,0.0,obgnme,0,
x39_03.700,-2.2636887304265643,0.0,obgnme,0,
x39_03.800,-3.3079765555227034,0.0,obgnme,0,
x39_03.900,-4.048572277480167,0.0,obgnme,0,
x39_04.000,-4.45395799233875,0.0,obgnme,0,
x39_04.100,-4.512320496703619,0.0,obgnme,0,
x39_04.200,-4.232166442154905,0.0,obgnme,0,
x39_04.300,-3.6430798994276286,0.0,obgnme,0,
x39_04.400,-2.7963687348207213,0.0,obgnme,0,
x39_04.500,-1.7643558308656997,0.0,obgnme,0,
x39_04.600,-0.6368193063227225,0.0,obgnme,0,
x39_04.700,0.48613101726893815,0.0,obgnme,0,
x39_04.800,1.504040711585998,0.0,obgnme,0,
x39_04.900,2.3270672114823743,0.0,obgnme,0,
x39_05.000,2.8857102314474457,0.0,obgnme,0,
x39_05.100,3.1377366544502707,0.0,obgnme,0,
x39_05.200,3.071700474930339,0.0,obgnme,0,
x39_05.300,2.7071760386982353,0.0,obgnme,0,
x39_05.400,2.0920374777621333,0.0,obgnme,0,
x39_05.500,1.2970462177395485,0.0,obgnme,0,
x39_05.600,0.4080493799150393,0.0,obgnme,0,
x39_05.700,-0.48353576903460205,0.0,obgnme,0,
x39_05.800,-1.2907126434947047,0.0,obgnme,0,
x39_05.900,-1.9397699872307892,0.0,obgnme,0,
x39_06.000,-2.376587585404738,0.0,obgnme,0,
x39_06.100,-2.56964620914856,0.0,obgnme,0,
x39_06.200,-2.5098830101334886,0.0,obgnme,0,
x39_06.300,-2.2081710644070283,0.0,obgnme,0,
x39_06.400,-1.6913928427922145,0.0,obgnme,0,
x39_06.500,-0.9979163334634199,0.0,obgnme,0,
x39_06.600,-0.17301383006948012,0.0,obgnme,0,
x39_06.700,0.7354266004813909,0.0,obgnme,0,
x39_06.800,1.6806249640835216,0.0,obgnme,0,
x39_06.900,2.6198349649473065,0.0,obgnme,0,
x39_07.000,3.516312797029594,0.0,obgnme,0,
x39_07.100,4.340298636390255,0.0,obgnme,0,
x39_07.200,5.069124337880986,0.0,obgnme,0,
x39_07.300,5.686670386450006,0.0,obgnme,0,
x39_07.400,6.182441846977941,0.0,obgnme,0,
x39_07.500,6.550518859003562,0.0,obgnme,0,
x39_07.600,6.788583277424085,0.0,obgnme,0,
x39_07.700,6.897153854512123,0.0,obgnme,0,
x39_07.800,6.879095458795554,0.0,obgnme,0,
x39_07.900,6.739411250956158,0.0,obgnme,0,
x39_08.000,6.485281357645856,0.0,obgnme,0,
x39_08.100,6.126275259387189,0.0,obgnme,0,
x39_08.200,5.674636402241912,0.0,obgnme,0,
x39_08.300,5.145518031526299,0.0,obgnme,0,
x39_08.400,4.557043945887834,0.0,obgnme,0,
x39_08.500,3.930083486471012,0.0,obgnme,0,
x39_08.600,3.2876712096332983,0.0,obgnme,0,
x39_08.700,2.654066206084075,0.0,obgnme,0,
x39_08.800,2.0535220886415737,0.0,obgnme,0,
x39_08.900,1.5089062831735345,0.0,obgnme,0,
x39_09.000,1.0403452706020406,0.0,obgnme,0,
x39_09.100,0.6640682359674044,0.0,obgnme,0,
x39_09.200,0.39157791299344563,0.0,obgnme,0,
x39_09.300,0.2292114581304853,0.0,obgnme,0,
x39_09.400,0.17808908203030732,0.0,obgnme,0,
x39_09.500,0.23440201201479074,0.0,obgnme,0,
x39_09.600,0.38997029530103156,0.0,obgnme,0,
x39_09.700,0.6329995003508264,0.0,obgnme,0,
x39_09.800,0.9489723931885172,0.0,obgnme,0,
x39_09.900,1.3216174435478465,0.0,obgnme,0,
x39_10.000,1.7338965627768677,0.0,obgnme,0,
x39_10.100,2.168951715503939,0.0,obgnme,0,
x39_10.200,2.610949053019355,0.0,obgnme,0,
x39_10.300,3.0457647023087073,0.0,obgnme,0,
x39_10.400,3.4614702454142474,0.0,obgnme,0,
x39_10.500,3.8485967966492716,0.0,obgnme,0,
x39_10.600,4.200180546664229,0.0,obgnme,0,
x39_10.700,4.511615026733374,0.0,obgnme,0,
x39_10.800,4.780352270823608,0.0,obgnme,0,
x39_10.900,5.005504376091926,0.0,obgnme,0,
x39_11.000,5.187398498946834,0.0,obgnme,0,
x39_11.100,5.327133454078591,0.0,obgnme,0,
x39_11.200,5.42617704598962,0.0,obgnme,0,
x39_11.300,5.4860324168913674,0.0,obgnme,0,
x39_11.400,5.507990969402678,0.0,obgnme,0,
x39_11.500,5.492980029645722,0.0,obgnme,0,
x39_11.600,5.4415058277388635,0.0,obgnme,0,
x39_11.700,5.353686477729599,0.0,obgnme,0,
x39_11.800,5.229364994402153,0.0,obgnme,0,
x39_11.900,5.068288475076921,0.0,obgnme,0,
x39_12.000,4.870336030618218,0.0,obgnme,0,
x39_12.100,4.6357747870314725,0.0,obgnme,0,
x39_12.200,4.365520545805014,0.0,obgnme,0,
x39_12.300,4.061378019020986,0.0,obgnme,0,
x39_12.400,3.7262356196880093,0.0,obgnme,0,
x39_12.500,3.3641922049554354,0.0,obgnme,0,
x39_12.600,2.9805982727102007,0.0,obgnme,0,
x39_12.700,2.582001762652352,0.0,obgnme,0,
x39_12.800,2.1759981113032127,0.0,obgnme,0,
x39_12.900,1.7709943415204166,0.0,obgnme,0,
x39_13.000,1.3759061951853835,0.0,obgnme,0,
x39_13.100,0.9998140941834976,0.0,obgnme,0,
x39_13.200,0.6516068297688499,0.0,obgnme,0,
x39_13.300,0.3396407685966366,0.0,obgnme,0,
x39_13.400,0.07143728007528849,0.0,obgnme,0,
x39_13.500,-0.14656690022363322,0.0,obgnme,0,
x39_13.600,-0.30921088097105986,0.0,obgnme,0,
x39_13.700,-0.4127454490363735,0.0,obgnme,0,
x39_13.800,-0.4549226938197366,0.0,obgnme,0,
x39_13.900,-0.4350511246267111,0.0,obgnme,0,
x39_14.000,-0.3540266312484969,0.0,obgnme,0,
x39_14.100,-0.21434502186673335,0.0,obgnme,0,
x39_14.200,-0.020095415702533787,0.0,obgnme,0,
x39_14.300,0.22307263578119643,0.0,obgnme,0,
x39_14.400,0.5080198704575998,0.0,obgnme,0,
x39_14.500,0.8262385147196012,0.0,obgnme,0,
x39_14.600,1.1680337407527879,0.0,obgnme,0,
x39_14.700,1.5227689305852263,0.0,obgnme,0,
x39_14.800,1.8791701901808462,0.0,obgnme,0,
x39_14.900,2.225677627015611,0.0,obgnme,0,
x39_15.000,2.5508251295939033,0.0,obgnme,0,
x39_15.100,2.843628059341325,0.0,obgnme,0,
x39_15.200,3.0939595839068317,0.0,obgnme,0,
x39_15.300,3.292900404594391,0.0,obgnme,0,
x39_15.400,3.4330516014190615,0.0,obgnme,0,
x39_15.500,3.508804249277011,0.0,obgnme,0,
x39_15.600,3.5165607917510378,0.0,obgnme,0,
x39_15.700,3.4549013159753055,0.0,obgnme,0,
x39_15.800,3.3246835354015585,0.0,obgnme,0,
x39_15.900,3.1290603441287717,0.0,obgnme,0,
x39_16.000,2.8733959240545586,0.0,obgnme,0,
x39_16.100,2.5650632616112032,0.0,obgnme,0,
x39_16.200,2.2131143444165353,0.0,obgnme,0,
x39_16.300,1.8278292334310864,0.0,obgnme,0,
x39_16.400,1.4201693309973484,0.0,obgnme,0,
x39_16.500,1.00117915458521,0.0,obgnme,0,
x39_16.600,0.5813945405558261,0.0,obgnme,0,
x39_16.700,0.17031899942487577,0.0,obgnme,0,
x39_16.800,-0.22397806746478754,0.0,obgnme,0,
x39_16.900,-0.595106063708486,0.0,obgnme,0,
x39_17.000,-0.9384302069144614,0.0,obgnme,0,
x39_17.100,-1.250995132434017,0.0,obgnme,0,
x39_17.200,-1.5313289687063745,0.0,obgnme,0,
x39_17.300,-1.7791725003447432,0.0,obgnme,0,
x39_17.400,-1.9951790763631223,0.0,obgnme,0,
x39_17.500,-2.1806239392080937,0.0,obgnme,0,
x39_17.600,-2.337149904880097,0.0,obgnme,0,
x39_17.700,-2.4665634554906073,0.0,obgnme,0,
x39_17.800,-2.570684285253716,0.0,obgnme,0,
x39_17.900,-2.6512438571869734,0.0,obgnme,0,
x39_18.000,-2.7098248835087415,0.0,obgnme,0,
x39_18.100,-2.7478330763039382,0.0,obgnme,0,
x39_18.200,-2.7664937391809516,0.0,obgnme,0,
x39_18.300,-2.766867503949474,0.0,obgnme,0,
x39_18.400,-2.7498808465114046,0.0,obgnme,0,
x39_18.500,-2.716367538898896,0.0,obgnme,0,
x39_18.600,-2.6671169646239825,0.0,obgnme,0,
x39_18.700,-2.602924599956594,0.0,obgnme,0,
x39_18.800,-2.524639417407229,0.0,obgnme,0,
x39_18.900,-2.4332029197143714,0.0,obgnme,0,
x39_19.000,-2.3296752097754534,0.0,obgnme,0,
x39_19.100,-2.215244959627517,0.0,obgnme,0,
x39_19.200,-2.091222153813481,0.0,obgnme,0,
x39_19.300,-1.9590146913051882,0.0,obgnme,0,
x39_19.400,-1.8200919305151033,0.0,obgnme,0,
x39_19.500,-1.675939708601291,0.0,obgnme,0,
x39_19.600,-1.5280120521318252,0.0,obgnme,0,
x39_19.700,-1.3776846838975274,0.0,obgnme,0,
x39_19.800,-1.2262146373106637,0.0,obgnme,0,
x39_19.900,-1.07470903761398,0.0,obgnme,0,
