,obsname,simval
0,x0_00.000,7.038070410253058
1,x0_00.100,7.224951519742577
2,x0_00.200,7.42708794610018
3,x0_00.300,7.644464956605209
4,x0_00.400,7.876721377863133
5,x0_00.500,8.123083632472033
6,x0_00.600,8.382279841056883
7,x0_00.700,8.652431699459354
8,x0_00.800,8.930922676692122
9,x0_00.900,9.2142426023393
10,x0_01.000,9.497811474279445
11,x0_01.100,9.775789589855757
12,x0_01.200,10.04088725339357
13,x0_01.300,10.284195286281692
14,x0_01.400,10.495066911854428
15,x0_01.500,10.661091485279613
16,x0_01.600,10.76820937730595
17,x0_01.700,10.801023698826723
18,x0_01.800,10.743364219785189
19,x0_01.900,10.579150926829232
20,x0_02.000,10.293582830148466
21,x0_02.100,9.874640946305249
22,x0_02.200,9.314839681161692
23,x0_02.300,8.61309318602812
24,x0_02.400,7.776488180595312
25,x0_02.500,6.821685154188016
26,x0_02.600,5.775626131016353
27,x0_02.700,4.6752268400530275
28,x0_02.800,3.5657970332713456
29,x0_02.900,2.4980780518752543
30,x0_03.000,1.5239997649208172
31,x0_03.100,0.6915013547157022
32,x0_03.200,0.0389743138977145
33,x0_03.300,-0.4099713335878787
34,x0_03.400,-0.6506312512081774
35,x0_03.500,-0.699372080186432
36,x0_03.600,-0.5929827981648383
37,x0_03.700,-0.3845670410710654
38,x0_03.800,-0.1359408701314959
39,x0_03.900,0.0925189357493328
40,x0_04.000,0.2526313882663857
41,x0_04.100,0.3173029324388926
42,x0_04.200,0.2853221749946197
43,x0_04.300,0.1807516479734262
44,x0_04.400,0.0469272957103704
45,x0_04.500,-0.0635658583373386
46,x0_04.600,-0.100532243027484
47,x0_04.700,-0.0266409752202937
48,x0_04.800,0.1755537975558515
49,x0_04.900,0.5011888333867848
50,x0_05.000,0.9251030272500036
51,x0_05.100,1.4071858335606358
52,x0_05.200,1.8996065929051376
53,x0_05.300,2.354564706960723
54,x0_05.400,2.731472475990437
55,x0_05.500,3.002709526004231
56,x0_05.600,3.1572140810321017
57,x0_05.700,3.2013062882504197
58,x0_05.800,3.1564513802011365
59,x0_05.900,3.0542499785580377
60,x0_06.000,2.9296759918070396
61,x0_06.100,2.814151455056616
62,x0_06.200,2.730132696419762
63,x0_06.300,2.688375486928024
64,x0_06.400,2.688162623280346
65,x0_06.500,2.719893613087617
66,x0_06.600,2.768897107409081
67,x0_06.700,2.819262456845461
68,x0_06.800,2.8568107811130483
69,x0_06.900,2.8708225975421886
70,x0_07.000,2.8545898753781573
71,x0_07.100,2.8051320270435203
72,x0_07.200,2.7224884258671773
73,x0_07.300,2.6089285447667323
74,x0_07.400,2.468287366018583
75,x0_07.500,2.305502611622382
76,x0_07.600,2.12633640982157
77,x0_07.700,1.9372133916213752
78,x0_07.800,1.745092584637573
79,x0_07.900,1.5572991642391656
80,x0_08.000,1.3812644654910284
81,x0_08.100,1.2241511121962172
82,x0_08.200,1.0923723840202837
83,x0_08.300,0.9910478702592238
84,x0_08.400,0.9234675965377144
85,x0_08.500,0.8906608152868282
86,x0_08.600,0.8911732604254112
87,x0_08.700,0.9211432196690028
88,x0_08.800,0.9747260910399382
89,x0_08.900,1.0448532739177827
90,x0_09.000,1.1242363424942654
91,x0_09.100,1.206462946736332
92,x0_09.200,1.2869951670887554
93,x0_09.300,1.3638891877660289
94,x0_09.400,1.4381050186055522
95,x0_09.500,1.5133537660210787
96,x0_09.600,1.5955163576469034
97,x0_09.700,1.6917410673920954
98,x0_09.800,1.8093729280937263
99,x0_09.900,1.9548814722958003
100,x0_10.000,2.132935876531554
101,x0_10.100,2.3457375092843695
102,x0_10.200,2.592669742974048
103,x0_10.300,2.8702734347039662
104,x0_10.400,3.172513267343084
105,x0_10.500,3.491268705071982
106,x0_10.600,3.8169678161960143
107,x0_10.700,4.13927990520806
108,x0_10.800,4.447793231283776
109,x0_10.900,4.732621053148033
110,x0_11.000,4.984900990659662
111,x0_11.100,5.197172504807313
112,x0_11.200,5.363634227185246
113,x0_11.300,5.48029427965889
114,x0_11.400,5.545032072433028
115,x0_11.500,5.5575906045403975
116,x0_11.600,5.519514744190859
117,x0_11.700,5.434045557251702
118,x0_11.800,5.30597499344628
119,x0_11.900,5.141460353687067
120,x0_12.000,4.947795502888755
121,x0_12.100,4.733136121136226
122,x0_12.200,4.506178969815077
123,x0_12.300,4.275800654853542
124,x0_12.400,4.0506679501491565
125,x0_12.500,3.838838762892704
126,x0_12.600,3.64737801767494
127,x0_12.700,3.4820167535477906
128,x0_12.800,3.3468824375790542
129,x0_12.900,3.2443254391834686
130,x0_13.000,3.1748600506178573
131,x0_13.100,3.137229490714783
132,x0_13.200,3.128593522284332
133,x0_13.300,3.144826492614186
134,x0_13.400,3.1809033423453075
135,x0_13.500,3.23134292235256
136,x0_13.600,3.290672297209151
137,x0_13.700,3.353873921966465
138,x0_13.800,3.416778441546054
139,x0_13.900,3.4763708729722627
140,x0_14.000,3.530985437292188
141,x0_14.100,3.5803741194573324
142,x0_14.200,3.625645364839013
143,x0_14.300,3.669081119992107
144,x0_14.400,3.7138516718752417
145,x0_14.500,3.763657317908268
146,x0_14.600,3.822332508663507
147,x0_14.700,3.8934507737245503
148,x0_14.800,3.979967505795293
149,x0_14.900,4.083931537124352
150,x0_15.000,4.206287854919078
151,x0_15.100,4.346782983186958
152,x0_15.200,4.503973768943117
153,x0_15.300,4.675330749835265
154,x0_15.400,4.857420250591801
155,x0_15.500,5.046144580173177
156,x0_15.600,5.237017706872368
157,x0_15.700,5.425453511955767
158,x0_15.800,5.607044799979723
159,x0_15.900,5.777813072596195
160,x0_16.000,5.934411603401153
161,x0_16.100,6.07426770059812
162,x0_16.200,6.195654490824635
163,x0_16.300,6.297688348783954
164,x0_16.400,6.380255569395787
165,x0_16.500,6.443879677432573
166,x0_16.600,6.489548092369956
167,x0_16.700,6.518521962051605
168,x0_16.800,6.53215421716867
169,x0_16.900,6.531737826742008
170,x0_17.000,6.518399394165148
171,x0_17.100,6.493044240246271
172,x0_17.200,6.456350198003989
173,x0_17.300,6.408800410112502
174,x0_17.400,6.350741598037696
175,x0_17.500,6.28245370027769
176,x0_17.600,6.204218754109772
177,x0_17.700,6.1163803396089245
178,x0_17.800,6.019388713964804
179,x0_17.900,5.913830109868117
180,x0_18.000,5.800441064835417
181,x0_18.100,5.680110020915894
182,x0_18.200,5.553868782281452
183,x0_18.300,5.422876237383156
184,x0_18.400,5.288396273330309
185,x0_18.500,5.151771227156216
186,x0_18.600,5.014392040514534
187,x0_18.700,4.877666335215422
188,x0_18.800,4.74298575583758
189,x0_18.900,4.6116943120776925
190,x0_19.000,4.485059596362377
191,x0_19.100,4.36424871830878
192,x0_19.200,4.250310345951701
193,x0_19.300,4.144163774796603
194,x0_19.400,4.04659510952669
195,x0_19.500,3.9582599663364695
196,x0_19.600,3.8796915136241186
197,x0_19.700,3.8113123730004745
198,x0_19.800,3.753448733486824
199,x0_19.900,3.7063452209225423
200,x1_00.000,8.542657993462639
201,x1_00.100,8.708286984105035
202,x1_00.200,8.878022646816518
203,x1_00.300,9.04800493574382
204,x1_00.400,9.213612648714529
205,x1_00.500,9.369389469943512
206,x1_00.600,9.50899197260313
207,x1_00.700,9.62517438564754
208,x1_00.800,9.709828367912436
209,x1_00.900,9.754098761814324
210,x1_01.000,9.748597718735654
211,x1_01.100,9.683738274412
212,x1_01.200,9.550203526104866
213,x1_01.300,9.339557716661318
214,x1_01.400,9.04498988497366
215,x1_01.500,8.662159262551297
216,x1_01.600,8.190085105333498
217,x1_01.700,7.631994968640985
218,x1_01.800,6.996018284308259
219,x1_01.900,6.29559363618942
220,x1_02.000,5.549454404385678
221,x1_02.100,4.781075658114019
222,x1_02.200,4.017510574499158
223,x1_02.300,3.287614217261246
224,x1_02.400,2.619740402519086
225,x1_02.500,2.039093537919407
226,x1_02.600,1.5650085858809213
227,x1_02.700,1.208515150669775
228,x1_02.800,0.9706128092576936
229,x1_02.900,0.841723192584159
230,x1_03.000,0.802736792127085
231,x1_03.100,0.8278624694203697
232,x1_03.200,0.8890621073742974
233,x1_03.300,0.9612713093259176
234,x1_03.400,1.02708322613672
235,x1_03.500,1.0794158027817384
236,x1_03.600,1.1211346431000693
237,x1_03.700,1.1616318942360546
238,x1_03.800,1.2115790326914635
239,x1_03.900,1.2778767768136774
240,x1_04.000,1.3607540456648028
241,x1_04.100,1.4540093369592233
242,x1_04.200,1.5480086403570508
243,x1_04.300,1.6339091114183686
244,x1_04.400,1.7071658864411183
245,x1_04.500,1.7688567455873212
246,x1_04.600,1.8245013612408525
247,x1_04.700,1.881309518762481
248,x1_04.800,1.945499566511962
249,x1_04.900,2.021088191276033
250,x1_05.000,2.1105422692331417
251,x1_05.100,2.216554073441052
252,x1_05.200,2.34361116537433
253,x1_05.300,2.4982334187898907
254,x1_05.400,2.6875319145848384
255,x1_05.500,2.9166603755675644
256,x1_05.600,3.186339534428555
257,x1_05.700,3.4916594332488864
258,x1_05.800,3.8227792332227226
259,x1_05.900,4.167231824349936
260,x1_06.000,4.512784751093342
261,x1_06.100,4.849627052304375
262,x1_06.200,5.17111249713497
263,x1_06.300,5.47307736304476
264,x1_06.400,5.752396631661578
265,x1_06.500,6.005642028917251
266,x1_06.600,6.228459468274436
267,x1_06.700,6.4158227146300035
268,x1_06.800,6.562915074440876
269,x1_06.900,6.66620316339628
270,x1_07.000,6.724305309778243
271,x1_07.100,6.738427177475239
272,x1_07.200,6.712325590266351
273,x1_07.300,6.651892474525452
274,x1_07.400,6.564505072509423
275,x1_07.500,6.458283375487063
276,x1_07.600,6.3413630427340095
277,x1_07.700,6.221254954627401
278,x1_07.800,6.104334796222989
279,x1_07.900,5.995488603888903
280,x1_08.000,5.897929792691565
281,x1_08.100,5.813193102628795
282,x1_08.200,5.741298101285548
283,x1_08.300,5.681056648162579
284,x1_08.400,5.630477944124085
285,x1_08.500,5.587206424295416
286,x1_08.600,5.548919604238322
287,x1_08.700,5.513620636232859
288,x1_08.800,5.4797856116703425
289,x1_08.900,5.446362185999826
290,x1_09.000,5.4126525419832845
291,x1_09.100,5.378136527522574
292,x1_09.200,5.34229223592873
293,x1_09.300,5.3044529835231184
294,x1_09.400,5.263711824790302
295,x1_09.500,5.218860962303148
296,x1_09.600,5.16834364872978
297,x1_09.700,5.110202704235814
298,x1_09.800,5.042027173857514
299,x1_09.900,4.960917278527391
300,x1_10.000,4.863498652614536
301,x1_10.100,4.746014960604227
302,x1_10.200,4.604513687248941
303,x1_10.300,4.4351189389172365
304,x1_10.400,4.234363815260535
305,x1_10.500,3.999540283412875
306,x1_10.600,3.729020225297198
307,x1_10.700,3.422506271960627
308,x1_10.800,3.081183704164365
309,x1_10.900,2.707760074451615
310,x1_11.000,2.3063939535391675
311,x1_11.100,1.882525574047124
312,x1_11.200,1.4426294057246225
313,x1_11.300,0.9939117945462006
314,x1_11.400,0.5439771505534307
315,x1_11.500,0.1004844630435078
316,x1_11.600,-0.3291862936791054
317,x1_11.700,-0.738241001461796
318,x1_11.800,-1.120736523363034
319,x1_11.900,-1.4717918824922096
320,x1_12.000,-1.7877351043394456
321,x1_12.100,-2.0661782756750693
322,x1_12.200,-2.3060171256891953
323,x1_12.300,-2.5073558386442785
324,x1_12.400,-2.6713633918632618
325,x1_12.500,-2.800073795225411
326,x1_12.600,-2.8961483530378684
327,x1_12.700,-2.962622824067136
328,x1_12.800,-3.0026646457074846
329,x1_12.900,-3.0193645624347525
330,x1_13.000,-3.015582473740462
331,x1_13.100,-2.993859770402001
332,x1_13.200,-2.9564003331025996
333,x1_13.300,-2.9051123133741537
334,x1_13.400,-2.841694064617147
335,x1_13.500,-2.767742085834272
336,x1_13.600,-2.684857566363113
337,x1_13.700,-2.5947309353114103
338,x1_13.800,-2.4991902450160035
339,x1_13.900,-2.400207445110794
340,x1_14.000,-2.2998651534016936
341,x1_14.100,-2.2002936302212057
342,x1_14.200,-2.103591989072577
343,x1_14.300,-2.011748544261975
344,x1_14.400,-1.9265726318509455
345,x1_14.500,-1.849644947577062
346,x1_14.600,-1.7822868419200053
347,x1_14.700,-1.725542749401742
348,x1_14.800,-1.680165796076779
349,x1_14.900,-1.6465954486996064
350,x1_15.000,-1.6249186418105082
351,x1_15.100,-1.6148112138917337
352,x1_15.200,-1.6154635492855156
353,x1_15.300,-1.6255014243093644
354,x1_15.400,-1.6429183716330913
355,x1_15.500,-1.665038280797559
356,x1_15.600,-1.68852576307284
357,x1_15.700,-1.709456975143334
358,x1_15.800,-1.7234558097314243
359,x1_15.900,-1.7258906667010876
360,x1_16.000,-1.7121170504880852
361,x1_16.100,-1.6777428094971096
362,x1_16.200,-1.6188876370454908
363,x1_16.300,-1.5324075965561923
364,x1_16.400,-1.4160601298563256
365,x1_16.500,-1.2685936546704233
366,x1_16.600,-1.08975694542065
367,x1_16.700,-0.8802351058828208
368,x1_16.800,-0.641527890046585
369,x1_16.900,-0.3757912627436056
370,x1_17.000,-0.0856638526052368
371,x1_17.100,0.2259029551436858
372,x1_17.200,0.5557976671294625
373,x1_17.300,0.9008762402000572
374,x1_17.400,1.2580618519932318
375,x1_17.500,1.624418046122428
376,x1_17.600,1.9971986574905416
377,x1_17.700,2.3738788964312967
378,x1_17.800,2.75217190902973
379,x1_17.900,3.130034578167081
380,x1_18.000,3.5056656023836346
381,x1_18.100,3.8774980844363567
382,x1_18.200,4.244188510257577
383,x1_18.300,4.604603420381388
384,x1_18.400,4.95780483476509
385,x1_18.500,5.303035318493834
386,x1_18.600,5.639703179765721
387,x1_18.700,5.967368047087201
388,x1_18.800,6.285726835746568
389,x1_18.900,6.594599845648047
390,x1_19.000,6.89391663142439
391,x1_19.100,7.183701270827341
392,x1_19.200,7.464056743542769
393,x1_19.300,7.735148283606521
394,x1_19.400,7.997185753082797
395,x1_19.500,8.250405241152755
396,x1_19.600,8.495050194204904
397,x1_19.700,8.731352451348608
398,x1_19.800,8.959513514079095
399,x1_19.900,9.179686352612602
400,x2_00.000,9.535096645126048
401,x2_00.100,9.547255368936725
402,x2_00.200,9.528559501866864
403,x2_00.300,9.474423339186302
404,x2_00.400,9.380334028764818
405,x2_00.500,9.24209346171727
406,x2_00.600,9.056113760419905
407,x2_00.700,8.819760200155226
408,x2_00.800,8.531727392396187
409,x2_00.900,8.192425090626394
410,x2_01.000,7.804339816136397
411,x2_01.100,7.372328989004036
412,x2_01.200,6.903797299834425
413,x2_01.300,6.4087028380968105
414,x2_01.400,5.899345292703071
415,x2_01.500,5.389901985514447
416,x2_01.600,4.895700429552873
417,x2_01.700,4.432247071773822
418,x2_01.800,4.0140705752941095
419,x2_01.900,3.6534783863385663
420,x2_02.000,3.359366409246064
421,x2_02.100,3.136255182887715
422,x2_02.200,2.983744239534377
423,x2_02.300,2.8965623644202965
424,x2_02.400,2.8653297894317755
425,x2_02.500,2.8780228979602693
426,x2_02.600,2.921951986529723
427,x2_02.700,2.985868406721294
428,x2_02.800,3.0616859847002553
429,x2_02.900,3.145321070599447
430,x2_03.000,3.236379018541629
431,x2_03.100,3.3368035943402936
432,x2_03.200,3.4490153203710157
433,x2_03.300,3.5742887458165327
434,x2_03.400,3.71200537953941
435,x2_03.500,3.8599907256789976
436,x2_03.600,4.015618866440513
437,x2_03.700,4.177043355428385
438,x2_03.800,4.343960089637985
439,x2_03.900,4.517645516303448
440,x2_04.000,4.700384276214533
441,x2_04.100,4.894593654425943
442,x2_04.200,5.101954950080027
443,x2_04.300,5.322789285868794
444,x2_04.400,5.55583413701829
445,x2_04.500,5.798453020867831
446,x2_04.600,6.047129896641574
447,x2_04.700,6.297968388632646
448,x2_04.800,6.546971088603632
449,x2_04.900,6.790097453298225
450,x2_05.000,7.023291092593568
451,x2_05.100,7.242649135031504
452,x2_05.200,7.444710134659106
453,x2_05.300,7.626663391882651
454,x2_05.400,7.786290104905327
455,x2_05.500,7.921612006242125
456,x2_05.600,8.030392944916919
457,x2_05.700,8.109687697376351
458,x2_05.800,8.155561258259844
459,x2_05.900,8.163006060595412
460,x2_06.000,8.126043393855875
461,x2_06.100,8.038007567610153
462,x2_06.200,7.892025362641514
463,x2_06.300,7.6816866689933505
464,x2_06.400,7.401859927929167
465,x2_06.500,7.049557968898231
466,x2_06.600,6.624717682477199
467,x2_06.700,6.130733304216915
468,x2_06.800,5.574599419222177
469,x2_06.900,4.966588354413036
470,x2_07.000,4.3194915940903655
471,x2_07.100,3.647557898194562
472,x2_07.200,2.965320878876287
473,x2_07.300,2.286510515646743
474,x2_07.400,1.62319574787198
475,x2_07.500,0.9852338819830092
476,x2_07.600,0.3800345275202951
477,x2_07.700,-0.1874057085980861
478,x2_07.800,-0.7142691096560133
479,x2_07.900,-1.1995621097824636
480,x2_08.000,-1.643711412989561
481,x2_08.100,-2.048166599319164
482,x2_08.200,-2.4150453249371635
483,x2_08.300,-2.7468383486962673
484,x2_08.400,-3.0461759284870396
485,x2_08.500,-3.315647736280526
486,x2_08.600,-3.5576649505884865
487,x2_08.700,-3.774356089980863
488,x2_08.800,-3.967493973252811
489,x2_08.900,-4.138457309224217
490,x2_09.000,-4.28823340937196
491,x2_09.100,-4.417467051720395
492,x2_09.200,-4.5265549964968805
493,x2_09.300,-4.615777592466755
494,x2_09.400,-4.685450932141044
495,x2_09.500,-4.736077434578435
496,x2_09.600,-4.768471226686587
497,x2_09.700,-4.783837843906925
498,x2_09.800,-4.7837947042136735
499,x2_09.900,-4.770327807961019
500,x2_10.000,-4.7456891261969085
501,x2_10.100,-4.712246673535594
502,x2_10.200,-4.672304969766283
503,x2_10.300,-4.627917032284414
504,x2_10.400,-4.580710905663451
505,x2_10.500,-4.531753138406904
506,x2_10.600,-4.481468016046039
507,x2_10.700,-4.429625071136551
508,x2_10.800,-4.375398333293086
509,x2_10.900,-4.317490907385481
510,x2_11.000,-4.254309556544535
511,x2_11.100,-4.184167721502838
512,x2_11.200,-4.1054927512584785
513,x2_11.300,-4.017014120970528
514,x2_11.400,-3.917913203721215
515,x2_11.500,-3.8079208227111616
516,x2_11.600,-3.687355211902484
517,x2_11.700,-3.557099493980735
518,x2_11.800,-3.4185238914586717
519,x2_11.900,-3.2733631758321597
520,x2_12.000,-3.123564176716849
521,x2_12.100,-2.9711209984537548
522,x2_12.200,-2.8179163191676313
523,x2_12.300,-2.6655857930572235
524,x2_12.400,-2.515418891660738
525,x2_12.500,-2.368304157745519
526,x2_12.600,-2.2247205596230075
527,x2_12.700,-2.084770802601143
528,x2_12.800,-1.94824771002438
529,x2_12.900,-1.8147220656134708
530,x2_13.000,-1.683639575414867
531,x2_13.100,-1.554415510972995
532,x2_13.200,-1.4265176429305373
533,x2_13.300,-1.299530552467446
534,x2_13.400,-1.1731970330340846
535,x2_13.500,-1.047434882262903
536,x2_13.600,-0.9223299074649786
537,x2_13.700,-0.7981083943533642
538,x2_13.800,-0.6750943984615746
539,x2_13.900,-0.5536587283895579
540,x2_14.000,-0.4341670148728491
541,x2_14.100,-0.3169336516423678
542,x2_14.200,-0.2021867177349956
543,x2_14.300,-0.0900466261487863
544,x2_14.400,0.0194812669415803
545,x2_14.500,0.1265019790735382
546,x2_14.600,0.2312173693101967
547,x2_14.700,0.3339073905709845
548,x2_14.800,0.4349093742981407
549,x2_14.900,0.53459758839422
550,x2_15.000,0.6333640691139347
551,x2_15.100,0.7316004893809197
552,x2_15.200,0.8296799066991668
553,x2_15.300,0.9279367592182772
554,x2_15.400,1.0266437982085588
555,x2_15.500,1.125985602789152
556,x2_15.600,1.2260299555332683
557,x2_15.700,1.326700265096855
558,x2_15.800,1.4277538905847276
559,x2_15.900,1.5287720524277932
560,x2_16.000,1.6291665098743036
561,x2_16.100,1.7282061808337503
562,x2_16.200,1.8250636523777792
563,x2_16.300,1.9188777200103628
564,x2_16.400,2.0088248269262805
565,x2_16.500,2.0941903891456866
566,x2_16.600,2.1744309634646424
567,x2_16.700,2.2492202407077317
568,x2_16.800,2.318475083565875
569,x2_16.900,2.3823614336269197
570,x2_17.000,2.441282906366183
571,x2_17.100,2.4958566820770085
572,x2_17.200,2.546881717269634
573,x2_17.300,2.5953036169858033
574,x2_17.400,2.6421792205243477
575,x2_17.500,2.688642524534797
576,x2_17.600,2.735872406009876
577,x2_17.700,2.7850618289669424
578,x2_17.800,2.8373878866357036
579,x2_17.900,2.893982006462531
580,x2_18.000,2.9558998061592745
581,x2_18.100,3.02409042980922
582,x2_18.200,3.0993653504677883
583,x2_18.300,3.182367005568439
584,x2_18.400,3.273537834637067
585,x2_18.500,3.3730904318378663
586,x2_18.600,3.480979783771517
587,x2_18.700,3.596878650302268
588,x2_18.800,3.7201572010595942
589,x2_18.900,3.849868030195588
590,x2_19.000,3.984737562557592
591,x2_19.100,4.123164659361572
592,x2_19.200,4.2632271082937585
593,x2_19.300,4.402696328119771
594,x2_19.400,4.539060473520269
595,x2_19.500,4.669555902785751
596,x2_19.600,4.791206896302808
597,x2_19.700,4.900873126736735
598,x2_19.800,4.995304587725345
599,x2_19.900,5.071203212484835
600,x3_00.000,7.523042686562093
601,x3_00.100,7.373821644877807
602,x3_00.200,7.197700202780889
603,x3_00.300,6.996436434904995
604,x3_00.400,6.772897148611081
605,x3_00.500,6.531106251030265
606,x3_00.600,6.2762283006223205
607,x3_00.700,6.014471907854635
608,x3_00.800,5.75290174043865
609,x3_00.900,5.499154982403436
610,x3_01.000,5.26106803620107
611,x3_01.100,5.046232116505776
612,x3_01.200,4.861511009321314
613,x3_01.300,4.712569198311337
614,x3_01.400,4.603471154019739
615,x3_01.500,4.536418911273959
616,x3_01.600,4.511690510269486
617,x3_01.700,4.527821529276625
618,x3_01.800,4.582033845290443
619,x3_01.900,4.670861806847151
620,x3_02.000,4.790867375857788
621,x3_02.100,4.939290343589026
622,x3_02.200,5.1144694871382885
623,x3_02.300,5.315913328211859
624,x3_02.400,5.5439940914185275
625,x3_02.500,5.799362545499977
626,x3_02.600,6.082287079212436
627,x3_02.700,6.392157092767265
628,x3_02.800,6.727328665455611
629,x3_02.900,7.085345266609783
630,x3_03.000,7.463399979165528
631,x3_03.100,7.8587984731917055
632,x3_03.200,8.269186556206451
633,x3_03.300,8.692416932286083
634,x3_03.400,9.126087312445762
635,x3_03.500,9.566912810579248
636,x3_03.600,10.010150677501723
637,x3_03.700,10.449264270432284
638,x3_03.800,10.875917133502952
639,x3_03.900,11.280270123889212
640,x3_04.000,11.651462859398032
641,x3_04.100,11.978128044229123
642,x3_04.200,12.248817877069094
643,x3_04.300,12.45229596405982
644,x3_04.400,12.57773347261312
645,x3_04.500,12.614908340211308
646,x3_04.600,12.554514131783796
647,x3_04.700,12.388638268945828
648,x3_04.800,12.111386897473032
649,x3_04.900,11.719545108799258
650,x3_05.000,11.21309658672362
651,x3_05.100,10.595417011548284
652,x3_05.200,9.873026346174022
653,x3_05.300,9.054929736621457
654,x3_05.400,8.151736294436413
655,x3_05.500,7.1748317262597325
656,x3_05.600,6.135840071991966
657,x3_05.700,5.046465143809752
658,x3_05.800,3.9186367153321786
659,x3_05.900,2.7647885245831305
660,x3_06.000,1.598098058467926
661,x3_06.100,0.4325924424068889
662,x3_06.200,-0.7168920345349585
663,x3_06.300,-1.834870662283938
664,x3_06.400,-2.9054801815199336
665,x3_06.500,-3.91288601912188
666,x3_06.600,-4.841872318586715
667,x3_06.700,-5.678624234520122
668,x3_06.800,-6.411632481283978
669,x3_06.900,-7.03256752567869
670,x3_07.000,-7.536934278157397
671,x3_07.100,-7.92435008541313
672,x3_07.200,-8.198378352232893
673,x3_07.300,-8.365956739728675
674,x3_07.400,-8.436543288838541
675,x3_07.500,-8.421141370568765
676,x3_07.600,-8.331356432726363
677,x3_07.700,-8.178597324215659
678,x3_07.800,-7.973483921458264
679,x3_07.900,-7.725475412572661
680,x3_08.000,-7.44269945748904
681,x3_08.100,-7.131941744179787
682,x3_08.200,-6.7987482953202605
683,x3_08.300,-6.44759410626905
684,x3_08.400,-6.0820783681932165
685,x3_08.500,-5.705116991112652
686,x3_08.600,-5.319113488183711
687,x3_08.700,-4.926099868287093
688,x3_08.800,-4.527847180042843
689,x3_08.900,-4.125950563566261
690,x3_09.000,-3.721895363242015
691,x3_09.100,-3.317109663611418
692,x3_09.200,-2.9130059334038374
693,x3_09.300,-2.5110117480247824
694,x3_09.400,-2.112588273017862
695,x3_09.500,-1.719235752508655
696,x3_09.600,-1.3324872853959535
697,x3_09.700,-0.9538945002404212
698,x3_09.800,-0.5850102377024416
699,x3_09.900,-0.2273733589211488
700,x3_10.000,0.1175007527905914
701,x3_10.100,0.448122845344194
702,x3_10.200,0.7630268993875947
703,x3_10.300,1.0607650269187792
704,x3_10.400,1.3399046733539572
705,x3_10.500,1.5990330937873838
706,x3_10.600,1.836774001260426
707,x3_10.700,2.0518202180720984
708,x3_10.800,2.2429844134315595
709,x3_10.900,2.4092670893523285
710,x3_11.000,2.5499375060420233
711,x3_11.100,2.6646195123013987
712,x3_11.200,2.7533713998992946
713,x3_11.300,2.816747675999932
714,x3_11.400,2.8558315998568484
715,x3_11.500,2.8722305078043484
716,x3_11.600,2.8680308548546467
717,x3_11.700,2.8457155404779453
718,x3_11.800,2.8080516031279146
719,x3_11.900,2.7579602549035425
720,x3_12.000,2.6983833809835227
721,x3_12.100,2.6321603188168607
722,x3_12.200,2.5619261420977755
723,x3_12.300,2.4900388103654634
724,x3_12.400,2.4185378708804843
725,x3_12.500,2.3491330632837917
726,x3_12.600,2.283217673542883
727,x3_12.700,2.221899614701897
728,x3_12.800,2.1660425037425983
729,x3_12.900,2.116309656883054
730,x3_13.000,2.073205318575931
731,x3_13.100,2.0371092777249142
732,x3_13.200,2.0083028587597496
733,x3_13.300,1.986986017235214
734,x3_13.400,1.9732866540576683
735,x3_13.500,1.9672642592540892
736,x3_13.600,1.9689105302591632
737,x3_13.700,1.978149646113182
738,x3_13.800,1.9948404647310416
739,x3_13.900,2.0187821291644346
740,x3_14.000,2.0497236139465276
741,x3_14.100,2.087376811924872
742,x3_14.200,2.131432052135509
743,x3_14.300,2.181574568958849
744,x3_14.400,2.2375004293044984
745,x3_14.500,2.298930701718747
746,x3_14.600,2.3656230815620924
747,x3_14.700,2.437380631388483
748,x3_14.800,2.51405760464128
749,x3_14.900,2.59556249905578
750,x3_15.000,2.681858433312456
751,x3_15.100,2.772960774401713
752,x3_15.200,2.868931699808938
753,x3_15.300,2.969871158755109
754,x3_15.400,3.0759035777986585
755,x3_15.500,3.1871597386390955
756,x3_15.600,3.303753571837543
757,x3_15.700,3.425754205975138
758,x3_15.800,3.553154450627514
759,x3_15.900,3.6858378812824983
760,x3_16.000,3.8235476371269015
761,x3_16.100,3.965860691773164
762,x3_16.200,4.112171463854617
763,x3_16.300,4.2616879579775775
764,x3_16.400,4.413442235005268
765,x3_16.500,4.566315112331771
766,x3_16.600,4.719072876315136
767,x3_16.700,4.870412122181955
768,x3_16.800,5.019007837060884
769,x3_16.900,5.163559765799348
770,x3_17.000,5.302832803184386
771,x3_17.100,5.435688429717796
772,x3_17.200,5.561105641680807
773,x3_17.300,5.678191151707933
774,x3_17.400,5.786179649162449
775,x3_17.500,5.884425567090163
776,x3_17.600,5.972388119770815
777,x3_17.700,6.049611463144551
778,x3_17.800,6.115701760238021
779,x3_17.900,6.170302799362778
780,x3_18.000,6.213071655170723
781,x3_18.100,6.243655716682389
782,x3_18.200,6.2616722857308496
783,x3_18.300,6.266691800099541
784,x3_18.400,6.258225611761776
785,x3_18.500,6.235719165529384
786,x3_18.600,6.198551285054332
787,x3_18.700,6.146040135579159
788,x3_18.800,6.077456329873458
789,x3_18.900,5.992043436704144
790,x3_19.000,5.889045948940943
791,x3_19.100,5.767744480276542
792,x3_19.200,5.627497690290519
793,x3_19.300,5.467789967989831
794,x3_19.400,5.288283523911278
795,x3_19.500,5.0888730387386225
796,x3_19.600,4.869740539437657
797,x3_19.700,4.631407727405624
798,x3_19.800,4.374782663435513
799,x3_19.900,4.101197522593158
800,x4_00.000,7.072158631744804
801,x4_00.100,6.936701051289069
802,x4_00.200,6.809520298140735
803,x4_00.300,6.694186444891209
804,x4_00.400,6.594264619030289
805,x4_00.500,6.513155793599812
806,x4_00.600,6.4539416882277045
807,x4_00.700,6.419251415611744
808,x4_00.800,6.411168210227509
809,x4_00.900,6.431192047964662
810,x4_01.000,6.480267424236195
811,x4_01.100,6.558875034111726
812,x4_01.200,6.667172641771142
813,x4_01.300,6.805156671012342
814,x4_01.400,6.972805898578126
815,x4_01.500,7.170166492129908
816,x4_01.600,7.397346775178849
817,x4_01.700,7.654410737864301
818,x4_01.800,7.941187000448579
819,x4_01.900,8.257035919977552
820,x4_02.000,8.600630975795196
821,x4_02.100,8.969803495947765
822,x4_02.200,9.361471598619202
823,x4_02.300,9.771634464205675
824,x4_02.400,10.195378307318547
825,x4_02.500,10.626827170077028
826,x4_02.600,11.058987938646233
827,x4_02.700,11.483480426514294
828,x4_02.800,11.890194833599589
829,x4_02.900,12.266963037233126
830,x4_03.000,12.599353501614573
831,x4_03.100,12.870695563661462
832,x4_03.200,13.06240806212697
833,x4_03.300,13.154658182876798
834,x4_03.400,13.127322301344572
835,x4_03.500,12.96117590092891
836,x4_03.600,12.639212696729915
837,x4_03.700,12.147980761515049
838,x4_03.800,11.47881706101634
839,x4_03.900,10.628858243215909
840,x4_04.000,9.601714972688407
841,x4_04.100,8.407737043975859
842,x4_04.200,7.063868179157683
843,x4_04.300,5.5931639931617685
844,x4_04.400,4.02407910345641
845,x4_04.500,2.3895948840570584
846,x4_04.600,0.7261810753925263
847,x4_04.700,-0.9274867612584888
848,x4_04.800,-2.532148801011063
849,x4_04.900,-4.049961067893996
850,x4_05.000,-5.446793029783659
851,x4_05.100,-6.694580680519581
852,x4_05.200,-7.773349788732123
853,x4_05.300,-8.672479362974842
854,x4_05.400,-9.39088703222841
855,x4_05.500,-9.936063933420694
856,x4_05.600,-10.32216388689973
857,x4_05.700,-10.5675462989414
858,x4_05.800,-10.692225473456334
859,x4_05.900,-10.715613285018192
860,x4_06.000,-10.654817077359452
861,x4_06.100,-10.523622690746016
862,x4_06.200,-10.332179763393276
863,x4_06.300,-10.08731515947302
864,x4_06.400,-9.79333175931487
865,x4_06.500,-9.453101464984396
866,x4_06.600,-9.069236124771209
867,x4_06.700,-8.645122633967603
868,x4_06.800,-8.185644228421124
869,x4_06.900,-7.697479966501659
870,x4_07.000,-7.188966735798612
871,x4_07.100,-6.66960086869426
872,x4_07.200,-6.149322691376921
873,x4_07.300,-5.6377508448858595
874,x4_07.400,-5.143512581321616
875,x4_07.500,-4.673764976902701
876,x4_07.600,-4.233942396739337
877,x4_07.700,-3.8277138451446615
878,x4_07.800,-3.4571019653468875
879,x4_07.900,-3.122703810633668
880,x4_08.000,-2.8239577211532687
881,x4_08.100,-2.5594135515503007
882,x4_08.200,-2.3269789506394427
883,x4_08.300,-2.124127903355788
884,x4_08.400,-1.9480678700690564
885,x4_08.500,-1.7958676469646535
886,x4_08.600,-1.6645514723520225
887,x4_08.700,-1.5511658375237594
888,x4_08.800,-1.4528258094932514
889,x4_08.900,-1.366747251833205
890,x4_09.000,-1.290270702534461
891,x4_09.100,-1.2208817292348022
892,x4_09.200,-1.1562309655271292
893,x4_09.300,-1.0941552888285542
894,x4_09.400,-1.0326996594426916
895,x4_09.500,-0.9701375778844984
896,x4_09.600,-0.9049871681224084
897,x4_09.700,-0.8360199346325331
898,x4_09.800,-0.7622601378021623
899,x4_09.900,-0.6829742485881425
900,x4_10.000,-0.5976517383466011
901,x4_10.100,-0.5059800108380875
902,x4_10.200,-0.4078172850433768
903,x4_10.300,-0.3031675061931298
904,x4_10.400,-0.1921608001554442
905,x4_10.500,-0.0750417289976391
906,x4_10.600,0.047834204609126
907,x4_10.700,0.1759973590742039
908,x4_10.800,0.3088574621148984
909,x4_10.900,0.4456984309170987
910,x4_11.000,0.585679429397124
911,x4_11.100,0.7278462669931002
912,x4_11.200,0.8711554492443706
913,x4_11.300,1.014510764434823
914,x4_11.400,1.156809704862621
915,x4_11.500,1.2969949288518778
916,x4_11.600,1.4341047515758951
917,x4_11.700,1.5673166578780129
918,x4_11.800,1.6959788849887394
919,x4_11.900,1.8196271396533388
920,x4_12.000,1.9379857712055208
921,x4_12.100,2.0509549412055805
922,x4_12.200,2.1585869885272015
923,x4_12.300,2.2610560539037916
924,x4_12.400,2.358625123427261
925,x4_12.500,2.4516141024284672
926,x4_12.600,2.5403715603404877
927,x4_12.700,2.6252517299346434
928,x4_12.800,2.7065973297667525
929,x4_12.900,2.7847280051049315
930,x4_13.000,2.8599336635926393
931,x4_13.100,2.932471739359002
932,x4_13.200,3.002567338123985
933,x4_13.300,3.070415311223711
934,x4_13.400,3.136183450671965
935,x4_13.500,3.200016172174241
936,x4_13.600,3.2620382261359224
937,x4_13.700,3.322358112288257
938,x4_13.800,3.3810709976912885
939,x4_13.900,3.438261016373823
940,x4_14.000,3.4940028965961667
941,x4_14.100,3.5483629139802217
942,x4_14.200,3.6013992117435594
943,x4_14.300,3.6531615653934297
944,x4_14.400,3.7036906958539184
945,x4_14.500,3.753017246865652
946,x4_14.600,3.801160539155868
947,x4_14.700,3.8481271958490098
948,x4_14.800,3.893909708829608
949,x4_14.900,3.938484987848595
950,x4_15.000,3.9818129207870343
951,x4_15.100,4.023834977533164
952,x4_15.200,4.064472916524221
953,x4_15.300,4.103627716097715
954,x4_15.400,4.141178919840903
955,x4_15.500,4.176984667602886
956,x4_15.600,4.210882741433711
957,x4_15.700,4.242692964890567
958,x4_15.800,4.272221232477225
959,x4_15.900,4.29926529603589
960,x4_16.000,4.323622204466588
961,x4_16.100,4.3450970117400285
962,x4_16.200,4.363512083110345
963,x4_16.300,4.37871609464256
964,x4_16.400,4.390591730159071
965,x4_16.500,4.399061135310486
966,x4_16.600,4.404088403082353
967,x4_16.700,4.4056787262691
968,x4_16.800,4.403874251206323
969,x4_16.900,4.398747042065702
970,x4_17.000,4.390389842250337
971,x4_17.100,4.378905467099831
972,x4_17.200,4.364395685429864
973,x4_17.300,4.346950380744384
974,x4_17.400,4.326637674149636
975,x4_17.500,4.303495572536728
976,x4_17.600,4.277525608009544
977,x4_17.700,4.248688857206448
978,x4_17.800,4.216904670806716
979,x4_17.900,4.182052389080926
980,x4_18.000,4.143976263844132
981,x4_18.100,4.10249372224145
982,x4_18.200,4.0574070304942955
983,x4_18.300,4.008518284071705
984,x4_18.400,3.9556475013420416
985,x4_18.500,3.89865344448421
986,x4_18.600,3.837456570164708
987,x4_18.700,3.772063286631404
988,x4_18.800,3.702590465368481
989,x4_18.900,3.62928889799222
990,x4_19.000,3.5525641725426427
991,x4_19.100,3.4729932807756776
992,x4_19.200,3.391335143374414
993,x4_19.300,3.308533284656261
994,x4_19.400,3.22570901638534
995,x4_19.500,3.144143799718239
996,x4_19.600,3.065249881809337
997,x4_19.700,2.990529060627548
998,x4_19.800,2.9215200522486
999,x4_19.900,2.85973598792326
1000,x5_00.000,7.571616256141803
1001,x5_00.100,7.614202891256895
1002,x5_00.200,7.670161850364424
1003,x5_00.300,7.741086472065474
1004,x5_00.400,7.8282977457018434
1005,x5_00.500,7.932825296983342
1006,x5_00.600,8.05538971159178
1007,x5_00.700,8.196380277142685
1008,x5_00.800,8.355822127840106
1009,x5_00.900,8.533328309023911
1010,x5_01.000,8.728035387695433
1011,x5_01.100,8.938525205582279
1012,x5_01.200,9.162739011528098
1013,x5_01.300,9.397892139608242
1014,x5_01.400,9.640396606614114
1015,x5_01.500,9.885795475891644
1016,x5_01.600,10.128707738780571
1017,x5_01.700,10.36277827893347
1018,x5_01.800,10.580626110438924
1019,x5_01.900,10.7737881117746
1020,x5_02.000,10.932664092168729
1021,x5_02.100,11.046481628774862
1022,x5_02.200,11.103312166719334
1023,x5_02.300,11.090181282895896
1024,x5_02.400,10.993321122788604
1025,x5_02.500,10.79860894169563
1026,x5_02.600,10.49221963819874
1027,x5_02.700,10.061493022414076
1028,x5_02.800,9.495981311733274
1029,x5_02.900,8.788607170939152
1030,x5_03.000,7.9368360523114205
1031,x5_03.100,6.943751533924126
1032,x5_03.200,5.818916859914234
1033,x5_03.300,4.578903486199385
1034,x5_03.400,3.247363650090549
1035,x5_03.500,1.8545251047898812
1036,x5_03.600,0.4360101510042524
1037,x5_03.700,-0.9690478194082358
1038,x5_03.800,-2.320483871376809
1039,x5_03.900,-3.5798921521830525
1040,x5_04.000,-4.713275736604415
1041,x5_04.100,-5.693037036724315
1042,x5_04.200,-6.4988955068966705
1043,x5_04.300,-7.117599631657461
1044,x5_04.400,-7.54167130105849
1045,x5_04.500,-7.76774129353505
1046,x5_04.600,-7.795174271594924
1047,x5_04.700,-7.625578573981118
1048,x5_04.800,-7.263473281430771
1049,x5_04.900,-6.717941067704707
1050,x5_05.000,-6.004676872385063
1051,x5_05.100,-5.147608700857024
1052,x5_05.200,-4.17933059403146
1053,x5_05.300,-3.139947637340972
1054,x5_05.400,-2.074447676894103
1055,x5_05.500,-1.029162592146524
1056,x5_05.600,-0.0480854646710526
1057,x5_05.700,0.8302682669237246
1058,x5_05.800,1.5750411189868807
1059,x5_05.900,2.1641548660374483
1060,x5_06.000,2.584516517361352
1061,x5_06.100,2.8315758491703784
1062,x5_06.200,2.9085102079923653
1063,x5_06.300,2.825244379900873
1064,x5_06.400,2.59741166623662
1065,x5_06.500,2.2452688606179456
1066,x5_06.600,1.7925217556018196
1067,x5_06.700,1.265016149330775
1068,x5_06.800,0.6892964156231435
1069,x5_06.900,0.0911077354210816
1070,x5_07.000,-0.5060178206149225
1071,x5_07.100,-1.0819246797814237
1072,x5_07.200,-1.6206089584077925
1073,x5_07.300,-2.1105373128888134
1074,x5_07.400,-2.544527043156417
1075,x5_07.500,-2.9192767214634254
1076,x5_07.600,-3.234675137598185
1077,x5_07.700,-3.4930201947681168
1078,x5_07.800,-3.698256398845745
1079,x5_07.900,-3.8553039555737647
1080,x5_08.000,-3.969516806081943
1081,x5_08.100,-4.0462778040454195
1082,x5_08.200,-4.09072049238672
1083,x5_08.300,-4.107557116451509
1084,x5_08.400,-4.100989128634843
1085,x5_08.500,-4.074678247475705
1086,x5_08.600,-4.0317588477382875
1087,x5_08.700,-3.974876865901172
1088,x5_08.800,-3.906243973428801
1089,x5_08.900,-3.8276991146219097
1090,x5_09.000,-3.740771942121306
1091,x5_09.100,-3.646744441331244
1092,x5_09.200,-3.5467083091570224
1093,x5_09.300,-3.441616375726714
1094,x5_09.400,-3.3323268690805437
1095,x5_09.500,-3.219639693298664
1096,x5_09.600,-3.10432427841584
1097,x5_09.700,-2.9871389748363377
1098,x5_09.800,-2.868842420892125
1099,x5_09.900,-2.7501977522541443
1100,x5_10.000,-2.631970829380511
1101,x5_10.100,-2.514923798267916
1102,x5_10.200,-2.3998052789381608
1103,x5_10.300,-2.2873382251477876
1104,x5_10.400,-2.178206240280357
1105,x5_10.500,-2.07303885488858
1106,x5_10.600,-1.9723960205112303
1107,x5_10.700,-1.876752114205908
1108,x5_10.800,-1.786479868047845
1109,x5_10.900,-1.7018350147900363
1110,x5_11.000,-1.6229428308752445
1111,x5_11.100,-1.5497881552511703
1112,x5_11.200,-1.4822106135910809
1113,x5_11.300,-1.4199066086896088
1114,x5_11.400,-1.362439084024741
1115,x5_11.500,-1.3092551898349492
1116,x5_11.600,-1.2597109338754384
1117,x5_11.700,-1.2131009292896973
1118,x5_11.800,-1.1686906116872005
1119,x5_11.900,-1.1257480798966286
1120,x5_12.000,-1.083572879306437
1121,x5_12.100,-1.0415196621100056
1122,x5_12.200,-0.9990155433359266
1123,x5_12.300,-0.9555708503758992
1124,x5_12.400,-0.9107837596972572
1125,x5_12.500,-0.864339856115475
1126,x5_12.600,-0.8160079420750538
1127,x5_12.700,-0.7656334179003768
1128,x5_12.800,-0.7131304122898223
1129,x5_12.900,-0.6584735626227349
1130,x5_13.000,-0.6016900428697295
1131,x5_13.100,-0.5428521560237862
1132,x5_13.200,-0.4820705845210009
1133,x5_13.300,-0.4194882377432795
1134,x5_13.400,-0.3552745572164263
1135,x5_13.500,-0.2896201228077763
1136,x5_13.600,-0.222731443535471
1137,x5_13.700,-0.1548258719872466
1138,x5_13.800,-0.0861266739786196
1139,x5_13.900,-0.0168583459656156
1140,x5_14.000,0.0527576776671553
1141,x5_14.100,0.1225067682988849
1142,x5_14.200,0.1921841564455775
1143,x5_14.300,0.2615971950872244
1144,x5_14.400,0.3305667861454159
1145,x5_14.500,0.3989279804646762
1146,x5_14.600,0.4665298065057876
1147,x5_14.700,0.5332344183698402
1148,x5_14.800,0.5989156603711577
1149,x5_14.900,0.6634571664901079
1150,x5_15.000,0.7267501051045503
1151,x5_15.100,0.7886906910581603
1152,x5_15.200,0.8491775956030712
1153,x5_15.300,0.9081094221939586
1154,x5_15.400,0.9653824318492404
1155,x5_15.500,1.02088874854439
1156,x5_15.600,1.074515297950302
1157,x5_15.700,1.1261437392601783
1158,x5_15.800,1.1756516229054137
1159,x5_15.900,1.2229149337479632
1160,x5_16.000,1.2678120563615476
1161,x5_16.100,1.310229034608225
1162,x5_16.200,1.3500658100925145
1163,x5_16.300,1.387242941077083
1164,x5_16.400,1.4217081847459323
1165,x5_16.500,1.4534422832614071
1166,x5_16.600,1.4824633531830458
1167,x5_16.700,1.508829447063846
1168,x5_16.800,1.5326390853135774
1169,x5_16.900,1.554029810088212
1170,x5_17.000,1.5731750420381023
1171,x5_17.100,1.5902796851960928
1172,x5_17.200,1.6055750086726488
1173,x5_17.300,1.6193133359174514
1174,x5_17.400,1.631763012165699
1175,x5_17.500,1.6432040139450486
1176,x5_17.600,1.653924444098153
1177,x5_17.700,1.6642180273485596
1178,x5_17.800,1.6743826099973087
1179,x5_17.900,1.6847195684379956
1180,x5_18.000,1.6955339480510143
1181,x5_18.100,1.7071351124838232
1182,x5_18.200,1.7198376103999782
1183,x5_18.300,1.7339619702170437
1184,x5_18.400,1.7498351287949785
1185,x5_18.500,1.7677901873723156
1186,x5_18.600,1.7881652520660627
1187,x5_18.700,1.811301182351492
1188,x5_18.800,1.8375381367519088
1189,x5_18.900,1.867210945084775
1190,x5_19.000,1.9006434680842768
1191,x5_19.100,1.9381422682365097
1192,x5_19.200,1.979990041579228
1193,x5_19.300,2.0264394236225485
1194,x5_19.400,2.0777078343560245
1195,x5_19.500,2.133974036469552
1196,x5_19.600,2.195376969712155
1197,x5_19.700,2.2620172129352225
1198,x5_19.800,2.333961051638871
1199,x5_19.900,2.411246697378679
1200,x6_00.000,7.978506851732912
1201,x6_00.100,8.024385944306328
1202,x6_00.200,8.077348907959085
1203,x6_00.300,8.135967986786351
1204,x6_00.400,8.198468184192041
1205,x6_00.500,8.262691949875288
1206,x6_00.600,8.326069155845989
1207,x6_00.700,8.385594024588029
1208,x6_00.800,8.437810660213565
1209,x6_00.900,8.478808728827532
1210,x6_01.000,8.504230933409962
1211,x6_01.100,8.509294307820777
1212,x6_01.200,8.488828365479185
1213,x6_01.300,8.437334827963697
1214,x6_01.400,8.34907589971734
1215,x6_01.500,8.218200473542396
1216,x6_01.600,8.038919315782588
1217,x6_01.700,7.805740333237908
1218,x6_01.800,7.513771408715106
1219,x6_01.900,7.159091270773955
1220,x6_02.000,6.739177122986558
1221,x6_02.100,6.253363726628545
1222,x6_02.200,5.703294535689961
1223,x6_02.300,5.093315509290495
1224,x6_02.400,4.430758902903071
1225,x6_02.500,3.726069458021051
1226,x6_02.600,2.992739131930892
1227,x6_02.700,2.247035768429877
1228,x6_02.800,1.5075333056862974
1229,x6_02.900,0.7944712010175504
1230,x6_03.000,0.128981358372246
1231,x6_03.100,-0.4677838041841166
1232,x6_03.200,-0.9756111049545344
1233,x6_03.300,-1.3762987279367875
1234,x6_03.400,-1.6548950578947563
1235,x6_03.500,-1.8011545723021891
1236,x6_03.600,-1.8111957888664072
1237,x6_03.700,-1.6892093665694392
1238,x6_03.800,-1.448885600845272
1239,x6_03.900,-1.114084619063037
1240,x6_04.000,-0.7182565185693491
1241,x6_04.100,-0.302296723338452
1242,x6_04.200,0.0891317693811404
1243,x6_04.300,0.412381505662118
1244,x6_04.400,0.6299867151833767
1245,x6_04.500,0.7153886151390739
1246,x6_04.600,0.6564732715805821
1247,x6_04.700,0.4573592240668577
1248,x6_04.800,0.1380984090776286
1249,x6_04.900,-0.2677780580641323
1250,x6_05.000,-0.7176028536007932
1251,x6_05.100,-1.165156306240084
1252,x6_05.200,-1.5665249395941634
1253,x6_05.300,-1.8851701583263532
1254,x6_05.400,-2.0953567804864477
1255,x6_05.500,-2.1835588710280867
1256,x6_05.600,-2.147988452133981
1257,x6_05.700,-1.9967757951552216
1258,x6_05.800,-1.7454657906058348
1259,x6_05.900,-1.4144098611874028
1260,x6_06.000,-1.0264332411804724
1261,x6_06.100,-0.6049469583311176
1262,x6_06.200,-0.1725181680910195
1263,x6_06.300,0.250172913859034
1264,x6_06.400,0.6450820270238239
1265,x6_06.500,0.9973293305857974
1266,x6_06.600,1.295544094923353
1267,x6_06.700,1.5320274002109775
1268,x6_06.800,1.7027173297821632
1269,x6_06.900,1.806946085648499
1270,x6_07.000,1.847002539730142
1271,x6_07.100,1.827545238353727
1272,x6_07.200,1.754936132438909
1273,x6_07.300,1.636574037236204
1274,x6_07.400,1.4802971174255355
1275,x6_07.500,1.2939001529653826
1276,x6_07.600,1.0847853574936417
1277,x6_07.700,0.8597414772877987
1278,x6_07.800,0.6248306935808249
1279,x6_07.900,0.3853561877431106
1280,x6_08.000,0.145883733558216
1281,x6_08.100,-0.0897053824509969
1282,x6_08.200,-0.3181469035136212
1283,x6_08.300,-0.536723000340466
1284,x6_08.400,-0.7431956210111079
1285,x6_08.500,-0.9357472808568664
1286,x6_08.600,-1.112930835077358
1287,x6_08.700,-1.273628094732849
1288,x6_08.800,-1.4170163780850382
1289,x6_08.900,-1.5425415591028884
1290,x6_09.000,-1.6498960206220048
1291,x6_09.100,-1.7389999364000843
1292,x6_09.200,-1.8099844208165816
1293,x6_09.300,-1.8631753031818064
1294,x6_09.400,-1.899076523418117
1295,x6_09.500,-1.9183523982102169
1296,x6_09.600,-1.92180829085107
1297,x6_09.700,-1.9103694968226137
1298,x6_09.800,-1.8850584384846043
1299,x6_09.900,-1.846970560726
1300,x6_10.000,-1.797249548558329
1301,x6_10.100,-1.7370626549774075
1302,x6_10.200,-1.667577057412923
1303,x6_10.300,-1.5899380794210036
1304,x6_10.400,-1.5052500694368751
1305,x6_10.500,-1.4145605750518917
1306,x6_10.600,-1.3188481446223042
1307,x6_10.700,-1.2190139704155498
1308,x6_10.800,-1.115877289582046
1309,x6_10.900,-1.010174336732254
1310,x6_11.000,-0.902560427110074
1311,x6_11.100,-0.7936146788606304
1312,x6_11.200,-0.6838467777930582
1313,x6_11.300,-0.5737051179199005
1314,x6_11.400,-0.4635856259009961
1315,x6_11.500,-0.3538405565934945
1316,x6_11.600,-0.2447866056113733
1317,x6_11.700,-0.136711769737903
1318,x6_11.800,-0.0298805605249941
1319,x6_11.900,0.0754626404251965
1320,x6_12.000,0.1790920702368353
1321,x6_12.100,0.2808007093333894
1322,x6_12.200,0.3804016975995349
1323,x6_12.300,0.4777306122340499
1324,x6_12.400,0.5726481708812392
1325,x6_12.500,0.6650429668221153
1326,x6_12.600,0.754833931357726
1327,x6_12.700,0.8419723019029395
1328,x6_12.800,0.9264429717562732
1329,x6_12.900,1.008265167534011
1330,x6_13.000,1.0874924528767946
1331,x6_13.100,1.1642120914378793
1332,x6_13.200,1.2385438191148657
1333,x6_13.300,1.3106380834284392
1334,x6_13.400,1.3806738111072292
1335,x6_13.500,1.4488557639565085
1336,x6_13.600,1.5154115499895546
1337,x6_13.700,1.5805883468498847
1338,x6_13.800,1.6446494121330029
1339,x6_13.900,1.7078704470930048
1340,x6_14.000,1.7705358819736787
1341,x6_14.100,1.8329351490861456
1342,x6_14.200,1.8953590006202885
1343,x6_14.300,1.958095916586295
1344,x6_14.400,2.021428636977804
1345,x6_14.500,2.0856308349731414
1346,x6_14.600,2.1509639347957843
1347,x6_14.700,2.217674056743417
1348,x6_14.800,2.2859890802393066
1349,x6_14.900,2.356115781563094
1350,x6_15.000,2.428237018668709
1351,x6_15.100,2.502508926978472
1352,x6_15.200,2.5790581052961428
1353,x6_15.300,2.657978761579899
1354,x6_15.400,2.739329833558427
1355,x6_15.500,2.823132102762222
1356,x6_15.600,2.90936535797466
1357,x6_15.700,2.9979656986411425
1358,x6_15.800,3.0888231075491945
1359,x6_15.900,3.1817794608101075
1360,x6_16.000,3.2766271769706425
1361,x6_16.100,3.373108730927813
1362,x6_16.200,3.470917270966223
1363,x6_16.300,3.5696985474269427
1364,x6_16.400,3.6690543296336258
1365,x6_16.500,3.768547425468451
1366,x6_16.600,3.8677082970570096
1367,x6_16.700,3.966043173732164
1368,x6_16.800,4.063043433350921
1369,x6_16.900,4.1581959132640955
1370,x6_17.000,4.250993709105063
1371,x6_17.100,4.340946961914731
1372,x6_17.200,4.427593107140003
1373,x6_17.300,4.510506081332529
1374,x6_17.400,4.589304043832847
1375,x6_17.500,4.663655275542751
1376,x6_17.600,4.733282038823988
1377,x6_17.700,4.797962322854699
1378,x6_17.800,4.857529526465048
1379,x6_17.900,4.911870244545581
1380,x6_18.000,4.960920407794512
1381,x6_18.100,5.004660074254909
1382,x6_18.200,5.043107196690536
1383,x6_18.300,5.076310672987761
1384,x6_18.400,5.104342967528928
1385,x6_18.500,5.127292543930215
1386,x6_18.600,5.145256305548984
1387,x6_18.700,5.15833220124542
1388,x6_18.800,5.166612102562306
1389,x6_18.900,5.1701750307026995
1390,x6_19.000,5.169080780511753
1391,x6_19.100,5.163363968046209
1392,x6_19.200,5.15302850737848
1393,x6_19.300,5.138042522811183
1394,x6_19.400,5.1183336968474045
1395,x6_19.500,5.093785069541866
1396,x6_19.600,5.064231334672314
1397,x6_19.700,5.029455707972975
1398,x6_19.800,4.989187512987579
1399,x6_19.900,4.943100685029975
1400,x7_00.000,7.623235126978346
1401,x7_00.100,7.591737635429088
1402,x7_00.200,7.5504453513350365
1403,x7_00.300,7.498284447254393
1404,x7_00.400,7.434035065368509
1405,x7_00.500,7.356378910545138
1406,x7_00.600,7.263956717457254
1407,x7_00.700,7.155437061325624
1408,x7_00.800,7.029597830972264
1409,x7_00.900,6.885421195634633
1410,x7_01.000,6.722201929734652
1411,x7_01.100,6.539667334386515
1412,x7_01.200,6.338104734605275
1413,x7_01.300,6.1184897453411065
1414,x7_01.400,5.8826055107754565
1415,x7_01.500,5.633140368660462
1416,x7_01.600,5.373749339845015
1417,x7_01.700,5.109063684365666
1418,x7_01.800,4.844632948699874
1419,x7_01.900,4.586784911402972
1420,x7_02.000,4.342391154148272
1421,x7_02.100,4.118529312822392
1422,x7_02.200,3.9220387515776074
1423,x7_02.300,3.7589746345702104
1424,x7_02.400,3.6339786021534057
1425,x7_02.500,3.549604084920474
1426,x7_02.600,3.505660610658539
1427,x7_02.700,3.4986727502159156
1428,x7_02.800,3.521579325309476
1429,x7_02.900,3.563815805025703
1430,x7_03.000,3.611913745522618
1431,x7_03.100,3.650703080547698
1432,x7_03.200,3.665108966535347
1433,x7_03.300,3.642400279352034
1434,x7_03.400,3.5745910761748863
1435,x7_03.500,3.4605539448486664
1436,x7_03.600,3.3073243115752384
1437,x7_03.700,3.130109176697746
1438,x7_03.800,2.9507002957908828
1439,x7_03.900,2.7943238415958125
1440,x7_04.000,2.6853654143304895
1441,x7_04.100,2.6427638551205903
1442,x7_04.200,2.676036896726116
1443,x7_04.300,2.7828181893905928
1444,x7_04.400,2.9484795985968053
1445,x7_04.500,3.1479904465450392
1446,x7_04.600,3.349735524285923
1447,x7_04.700,3.520642842388974
1448,x7_04.800,3.6316923398846592
1449,x7_04.900,3.662730508165677
1450,x7_05.000,3.6055791642957833
1451,x7_05.100,3.4647628511432593
1452,x7_05.200,3.255761162552345
1453,x7_05.300,3.001351887769959
1454,x7_05.400,2.7270962717813387
1455,x7_05.500,2.4571312788907473
1456,x7_05.600,2.2111557415973926
1457,x7_05.700,2.0029924903754863
1458,x7_05.800,1.840605540724384
1459,x7_05.900,1.7271270648928447
1460,x7_06.000,1.6623483720965166
1461,x7_06.100,1.6442033952224688
1462,x7_06.200,1.6699333350015484
1463,x7_06.300,1.7367924130753372
1464,x7_06.400,1.8422940220850217
1465,x7_06.500,1.9840908831331052
1466,x7_06.600,2.159633422553102
1467,x7_06.700,2.365763679098152
1468,x7_06.800,2.598383900651235
1469,x7_06.900,2.852296126127206
1470,x7_07.000,3.1212522267904212
1471,x7_07.100,3.3981964596484246
1472,x7_07.200,3.675639561495596
1473,x7_07.300,3.946083389996016
1474,x7_07.400,4.202419413907833
1475,x7_07.500,4.438246431395847
1476,x7_07.600,4.6480811574519745
1477,x7_07.700,4.827461723610923
1478,x7_07.800,4.972961833211777
1479,x7_07.900,5.082141754507094
1480,x7_08.000,5.153462823474835
1481,x7_08.100,5.186187968372782
1482,x7_08.200,5.180284212433374
1483,x7_08.300,5.136336607064406
1484,x7_08.400,5.0554773543522336
1485,x7_08.500,4.939329666541929
1486,x7_08.600,4.7899629930908745
1487,x7_08.700,4.609854739772803
1488,x7_08.800,4.401853042821627
1489,x7_08.900,4.169135644745998
1490,x7_09.000,3.915161087601304
1491,x7_09.100,3.643609959753619
1492,x7_09.200,3.3583160120339035
1493,x7_09.300,3.0631887872824275
1494,x7_09.400,2.762131107582369
1495,x7_09.500,2.4589558379997043
1496,x7_09.600,2.1573068932403436
1497,x7_09.700,1.860589146782936
1498,x7_09.800,1.5719110432561263
1499,x7_09.900,1.2940425101238195
1500,x7_10.000,1.0293892320174125
1501,x7_10.100,0.7799829365525572
1502,x7_10.200,0.5474862138239445
1503,x7_10.300,0.3332094325668105
1504,x7_10.400,0.1381369595740293
1505,x7_10.500,-0.0370402507549353
1506,x7_10.600,-0.1918885317934385
1507,x7_10.700,-0.3261942375685742
1508,x7_10.800,-0.4399273379813325
1509,x7_10.900,-0.5332073846855104
1510,x7_11.000,-0.6062729131010143
1511,x7_11.100,-0.6594549396246276
1512,x7_11.200,-0.6931548794696506
1513,x7_11.300,-0.7078269186871216
1514,x7_11.400,-0.7039646448570653
1515,x7_11.500,-0.6820915355424015
1516,x7_11.600,-0.6427547582679516
1517,x7_11.700,-0.5865216080634308
1518,x7_11.800,-0.513977877690542
1519,x7_11.900,-0.4257274223019597
1520,x7_12.000,-0.3223922656922723
1521,x7_12.100,-0.2046127088146345
1522,x7_12.200,-0.0730470258848899
1523,x7_12.300,0.0716294874828574
1524,x7_12.400,0.2287262057526034
1525,x7_12.500,0.397539553079915
1526,x7_12.600,0.577355961942156
1527,x7_12.700,0.7674551961471562
1528,x7_12.800,0.967113836483664
1529,x7_12.900,1.1756087152800514
1530,x7_13.000,1.3922201234595375
1531,x7_13.100,1.6162346090221575
1532,x7_13.200,1.8469472690369737
1533,x7_13.300,2.083663431730739
1534,x7_13.400,2.325699664389046
1535,x7_13.500,2.572384069770534
1536,x7_13.600,2.8230558305697273
1537,x7_13.700,3.0770640140374854
1538,x7_13.800,3.333765609464736
1539,x7_13.900,3.59252281473019
1540,x7_14.000,3.852699586581992
1541,x7_14.100,4.113657474223477
1542,x7_14.200,4.374750767736282
1543,x7_14.300,4.635321002572782
1544,x7_14.400,4.8946908644333265
1545,x7_14.500,5.152157556316534
1546,x7_14.600,5.406985697165389
1547,x7_14.700,5.658399862976334
1548,x7_14.800,5.905576855323006
1549,x7_14.900,6.147637888964694
1550,x7_15.000,6.383640888988887
1551,x7_15.100,6.612573181064392
1552,x7_15.200,6.833344881915262
1553,x7_15.300,7.044783516107024
1554,x7_15.400,7.245630336907549
1555,x7_15.500,7.434539044374148
1556,x7_15.600,7.610077677975648
1557,x7_15.700,7.770734552966818
1558,x7_15.800,7.914929177924204
1559,x7_15.900,8.041029088447802
1560,x7_16.000,8.147373442092722
1561,x7_16.100,8.232304026325318
1562,x7_16.200,8.29420399345788
1563,x7_16.300,8.331544033243768
1564,x7_16.400,8.342935094967183
1565,x7_16.500,8.32718593011928
1566,x7_16.600,8.283362715931814
1567,x7_16.700,8.210847234142477
1568,x7_16.800,8.109389330505838
1569,x7_16.900,7.979149020602407
1570,x7_17.000,7.820723727808049
1571,x7_17.100,7.635156874410074
1572,x7_17.200,7.423925365905252
1573,x7_17.300,7.188905314712792
1574,x7_17.400,6.932317432012987
1575,x7_17.500,6.656655508851484
1576,x7_17.600,6.364603075805966
1577,x7_17.700,6.058944303642754
1578,x7_17.800,5.742475475829139
1579,x7_17.900,5.417922833027584
1580,x7_18.000,5.087871423624651
1581,x7_18.100,4.7547082719563525
1582,x7_18.200,4.4205812730736005
1583,x7_18.300,4.087374018761125
1584,x7_18.400,3.756695488640222
1585,x7_18.500,3.429882540458054
1586,x7_18.600,3.108012869964948
1587,x7_18.700,2.7919259007503587
1588,x7_18.800,2.482249098701488
1589,x7_18.900,2.1794275669057863
1590,x7_19.000,1.883755088735218
1591,x7_19.100,1.595405166607634
1592,x7_19.200,1.3144609436533312
1593,x7_19.300,1.0409432134320438
1594,x7_19.400,0.7748359392947671
1595,x7_19.500,0.516108889491091
1596,x7_19.600,0.2647371224963813
1597,x7_19.700,0.0207171433284146
1598,x7_19.800,-0.2159203637325322
1599,x7_19.900,-0.4451012541487192
1600,x8_00.000,7.187069333448677
1601,x8_00.100,7.111824300247072
1602,x8_00.200,7.038400455996907
1603,x8_00.300,6.966635859533361
1604,x8_00.400,6.896572454897558
1605,x8_00.500,6.828479724806631
1606,x8_00.600,6.762875422998753
1607,x8_00.700,6.700540822246411
1608,x8_00.800,6.642527594722768
1609,x8_00.900,6.590153351693177
1610,x8_01.000,6.544983057727929
1611,x8_01.100,6.508794162893985
1612,x8_01.200,6.483524401297994
1613,x8_01.300,6.471202866826376
1614,x8_01.400,6.4738672165009055
1615,x8_01.500,6.493472575247672
1616,x8_01.600,6.5318007827931925
1617,x8_01.700,6.590381545366853
1618,x8_01.800,6.670439526143964
1619,x8_01.900,6.772882057913033
1620,x8_02.000,6.898340281027696
1621,x8_02.100,7.047270409996059
1622,x8_02.200,7.220110619509477
1623,x8_02.300,7.417472472355548
1624,x8_02.400,7.640325731215707
1625,x8_02.500,7.890115655918931
1626,x8_02.600,8.168739724057366
1627,x8_02.700,8.47831425628983
1628,x8_02.800,8.82068894404234
1629,x8_02.900,9.196722605592718
1630,x8_03.000,9.605411789843467
1631,x8_03.100,10.043049363140153
1632,x8_03.200,10.502655370615969
1633,x8_03.300,10.973933404186669
1634,x8_03.400,11.44393407895923
1635,x8_03.500,11.898444937405449
1636,x8_03.600,12.3239008938885
1637,x8_03.700,12.70938911778671
1638,x8_03.800,13.0482010281403
1639,x8_03.900,13.338443778243146
1640,x8_04.000,13.582482945138231
1641,x8_04.100,13.785372040982248
1642,x8_04.200,13.95277989792563
1643,x8_04.300,14.089095839162445
1644,x8_04.400,14.196298653923808
1645,x8_04.500,14.27386739340761
1646,x8_04.600,14.31963173620134
1647,x8_04.700,14.331161180487705
1648,x8_04.800,14.30717327588678
1649,x8_04.900,14.248514712244878
1650,x8_05.000,14.158477457585631
1651,x8_05.100,14.042458283183295
1652,x8_05.200,13.907160006934662
1653,x8_05.300,13.75961429218713
1654,x8_05.400,13.606283320225684
1655,x8_05.500,13.452413331068207
1656,x8_05.600,13.301712870172786
1657,x8_05.700,13.156341752874962
1658,x8_05.800,13.017135765770403
1659,x8_05.900,12.883963570118082
1660,x8_06.000,12.756115574367444
1661,x8_06.100,12.632652263525085
1662,x8_06.200,12.512677182215162
1663,x8_06.300,12.395532863235228
1664,x8_06.400,12.2809369638978
1665,x8_06.500,12.169079309305427
1666,x8_06.600,12.060692608783777
1667,x8_06.700,11.95709727954956
1668,x8_06.800,11.8602107543185
1669,x8_06.900,11.77250824435798
1670,x8_07.000,11.696926200733284
1671,x8_07.100,11.636709819595444
1672,x8_07.200,11.595217329678674
1673,x8_07.300,11.575702404944074
1674,x8_07.400,11.58109892391372
1675,x8_07.500,11.613829131268638
1676,x8_07.600,11.67564948743897
1677,x8_07.700,11.767540232126851
1678,x8_07.800,11.889637943181528
1679,x8_07.900,12.041206143274591
1680,x8_08.000,12.2206376192404
1681,x8_08.100,12.425482978009263
1682,x8_08.200,12.652502204348531
1683,x8_08.300,12.897738501544268
1684,x8_08.400,13.156616100128018
1685,x8_08.500,13.424064377335483
1686,x8_08.600,13.694670526298632
1687,x8_08.700,13.962860399503048
1688,x8_08.800,14.22310358678089
1689,x8_08.900,14.470133772091112
1690,x8_09.000,14.699170591366425
1691,x8_09.100,14.90612584377176
1692,x8_09.200,15.087775298278755
1693,x8_09.300,15.241879263972669
1694,x8_09.400,15.367239802279766
1695,x8_09.500,15.46368958123456
1696,x8_09.600,15.532015388620334
1697,x8_09.700,15.573826793994137
1698,x8_09.800,15.591385832104724
1699,x8_09.900,15.587416281160053
1700,x8_10.000,15.564910840095234
1701,x8_10.100,15.526951832681586
1702,x8_10.200,15.476557057166987
1703,x8_10.300,15.416557485443644
1704,x8_10.400,15.349509293715911
1705,x8_10.500,15.277639132458445
1706,x8_10.600,15.202818798484437
1707,x8_10.700,15.126564282261446
1708,x8_10.800,15.050053418154803
1709,x8_10.900,14.974156606672494
1710,x8_11.000,14.899475521467169
1711,x8_11.100,14.826385575895731
1712,x8_11.200,14.755078748203433
1713,x8_11.300,14.685604198585908
1714,x8_11.400,14.617904870631609
1715,x8_11.500,14.55184889886225
1716,x8_11.600,14.487255182221702
1717,x8_11.700,14.423912901924082
1718,x8_11.800,14.36159508400793
1719,x8_11.900,14.300066572708385
1720,x8_12.000,14.239086951832617
1721,x8_12.100,14.17840908495176
1722,x8_12.200,14.11777403931104
1723,x8_12.300,14.056903201089552
1724,x8_12.400,13.99548841189635
1725,x8_12.500,13.93318094203223
1726,x8_12.600,13.869580098067932
1727,x8_12.700,13.804222188629636
1728,x8_12.800,13.73657051464584
1729,x8_12.900,13.666006954706145
1730,x8_13.000,13.591825627620048
1731,x8_13.100,13.513228974505184
1732,x8_13.200,13.429326524743423
1733,x8_13.300,13.339136460322305
1734,x8_13.400,13.241589977521029
1735,x8_13.500,13.135538333815996
1736,x8_13.600,13.019762320229578
1737,x8_13.700,12.892983860643463
1738,x8_13.800,12.753879265638224
1739,x8_13.900,12.601093655108617
1740,x8_14.000,12.433256008133812
1741,x8_14.100,12.24899428426151
1742,x8_14.200,12.046950104390945
1743,x8_14.300,11.825792564277078
1744,x8_14.400,11.584230876192835
1745,x8_14.500,11.321025728881295
1746,x8_14.600,11.034999477532
1747,x8_14.700,10.725045575634647
1748,x8_14.800,10.390137866274952
1749,x8_14.900,10.02934076388852
1750,x8_15.000,9.641821550377532
1751,x8_15.100,9.226866286079392
1752,x8_15.200,8.783900955330033
1753,x8_15.300,8.312519600701865
1754,x8_15.400,7.812520974686221
1755,x8_15.500,7.283955013344554
1756,x8_15.600,6.727179844347955
1757,x8_15.700,6.142929188075089
1758,x8_15.800,5.532388820505316
1759,x8_15.900,4.8972792273906105
1760,x8_16.000,4.2399397460450965
1761,x8_16.100,3.563407447065632
1762,x8_16.200,2.871481871078179
1763,x8_16.300,2.168765146484025
1764,x8_16.400,1.4606658599763924
1765,x8_16.500,0.753355079314341
1766,x8_16.600,0.0536651183869296
1767,x8_16.700,-0.6310747192711524
1768,x8_16.800,-1.293265060213437
1769,x8_16.900,-1.925318061150357
1770,x8_17.000,-2.5199771703946605
1771,x8_17.100,-3.07065092311398
1772,x8_17.200,-3.571731283901625
1773,x8_17.300,-4.018865645990347
1774,x8_17.400,-4.409154826997958
1775,x8_17.500,-4.741257254909023
1776,x8_17.600,-5.0153905427852115
1777,x8_17.700,-5.233233914165629
1778,x8_17.800,-5.397746067019164
1779,x8_17.900,-5.512921202869046
1780,x8_18.000,-5.5835098584361385
1781,x8_18.100,-5.614731402547436
1782,x8_18.200,-5.61200092646858
1783,x8_18.300,-5.5806880177727765
1784,x8_18.400,-5.5259184184185495
1785,x8_18.500,-5.452422823917134
1786,x8_18.600,-5.364432502620567
1787,x8_18.700,-5.265617711931124
1788,x8_18.800,-5.159062342542063
1789,x8_18.900,-5.047267678634974
1790,x8_19.000,-4.932178084729104
1791,x8_19.100,-4.815222187227688
1792,x8_19.200,-4.697364034184111
1793,x8_19.300,-4.579160077959774
1794,x8_19.400,-4.460818761225797
1795,x8_19.500,-4.342260498530169
1796,x8_19.600,-4.2231765960073115
1797,x8_19.700,-4.103086172065494
1798,x8_19.800,-3.9813905135414913
1799,x8_19.900,-3.8574244759789793
1800,x9_00.000,6.8715622606988624
1801,x9_00.100,6.9288074344270925
1802,x9_00.200,6.988679286739321
1803,x9_00.300,7.0520821962999
1804,x9_00.400,7.11995125078248
1805,x9_00.500,7.193258456126943
1806,x9_00.600,7.273015255447026
1807,x9_00.700,7.360271476850173
1808,x9_00.800,7.456110845026752
1809,x9_00.900,7.561643142967537
1810,x9_01.000,7.677992931117053
1811,x9_01.100,7.806284436946284
1812,x9_01.200,7.947621757952549
1813,x9_01.300,8.103062908328448
1814,x9_01.400,8.273585549251582
1815,x9_01.500,8.460041596482569
1816,x9_01.600,8.663097534832424
1817,x9_01.700,8.88315743152656
1818,x9_01.800,9.12026675032456
1819,x9_01.900,9.37399718023051
1820,x9_02.000,9.64331600195761
1821,x9_02.100,9.926447539108551
1822,x9_02.200,10.22073816642308
1823,x9_02.300,10.52253910380466
1824,x9_02.400,10.827121624861478
1825,x9_02.500,11.12863701784534
1826,x9_02.600,11.420129114149695
1827,x9_02.700,11.693603206531266
1828,x9_02.800,11.940154065413148
1829,x9_02.900,12.150159393701756
1830,x9_03.000,12.313551755202194
1831,x9_03.100,12.420184358098554
1832,x9_03.200,12.460293578832449
1833,x9_03.300,12.425026598655844
1834,x9_03.400,12.30694989714895
1835,x9_03.500,12.1004057343358
1836,x9_03.600,11.80157460263991
1837,x9_03.700,11.408161441510662
1838,x9_03.800,10.918751939231218
1839,x9_03.900,10.332039251298824
1840,x9_04.000,9.64623109758554
1841,x9_04.100,8.858955087441236
1842,x9_04.200,7.96787492872958
1843,x9_04.300,6.972047143735832
1844,x9_04.400,5.873841052344346
1845,x9_04.500,4.681060492448917
1846,x9_04.600,3.408781073756721
1847,x9_04.700,2.080389864592832
1848,x9_04.800,0.7274191562427336
1849,x9_04.900,-0.6119940785401494
1850,x9_05.000,-1.8958710532729337
1851,x9_05.100,-3.081926311637253
1852,x9_05.200,-4.13125563252071
1853,x9_05.300,-5.01156839796027
1854,x9_05.400,-5.699522133690732
1855,x9_05.500,-6.181956277015844
1856,x9_05.600,-6.456044349502279
1857,x9_05.700,-6.528533343892769
1858,x9_05.800,-6.414308832531863
1859,x9_05.900,-6.134535447419625
1860,x9_06.000,-5.714606202967245
1861,x9_06.100,-5.1821060539040795
1862,x9_06.200,-4.564960375950468
1863,x9_06.300,-3.8898914154400583
1864,x9_06.400,-3.181251790637966
1865,x9_06.500,-2.4602482830819836
1866,x9_06.600,-1.744523654566483
1867,x9_06.700,-1.0480374896167215
1868,x9_06.800,-0.3811773770470265
1869,x9_06.900,0.2489638704846026
1870,x9_07.000,0.8381991515872269
1871,x9_07.100,1.3847892747970694
1872,x9_07.200,1.888951513805114
1873,x9_07.300,2.352363404129869
1874,x9_07.400,2.777685617219738
1875,x9_07.500,3.168121878100926
1876,x9_07.600,3.527027773141391
1877,x9_07.700,3.8575739680254735
1878,x9_07.800,4.16246471691985
1879,x9_07.900,4.443710115141801
1880,x9_08.000,4.70245099249554
1881,x9_08.100,4.938837733360574
1882,x9_08.200,5.151968225725622
1883,x9_08.300,5.33989360568365
1884,x9_08.400,5.499702402113431
1885,x9_08.500,5.627692197308109
1886,x9_08.600,5.719632594065168
1887,x9_08.700,5.7711133116104705
1888,x9_08.800,5.777958318370113
1889,x9_08.900,5.7366725968527446
1890,x9_09.000,5.6448762877655065
1891,x9_09.100,5.5016752543573375
1892,x9_09.200,5.30791946829995
1893,x9_09.300,5.066312917739478
1894,x9_09.400,4.781358490313882
1895,x9_09.500,4.459144747696784
1896,x9_09.600,4.107003682515398
1897,x9_09.700,3.733084445892415
1898,x9_09.800,3.34589484794529
1899,x9_09.900,2.953860224203053
1900,x9_10.000,2.564939191915497
1901,x9_10.100,2.186321685179861
1902,x9_10.200,1.824220108885347
1903,x9_10.300,1.4837511900554152
1904,x9_10.400,1.1688974334349096
1905,x9_10.500,0.8825319149416047
1906,x9_10.600,0.6264883698005907
1907,x9_10.700,0.4016600668638235
1908,x9_10.800,0.2081134086225446
1909,x9_10.900,0.0452056472468581
1910,x9_11.000,-0.0883006031542022
1911,x9_11.100,-0.1941304465860937
1912,x9_11.200,-0.2743995338496539
1913,x9_11.300,-0.3315271464181784
1914,x9_11.400,-0.3681590672232241
1915,x9_11.500,-0.3870991841832552
1916,x9_11.600,-0.3912486457089819
1917,x9_11.700,-0.383551358230319
1918,x9_11.800,-0.3669449596435422
1919,x9_11.900,-0.3443164604246811
1920,x9_12.000,-0.3184621515152065
1921,x9_12.100,-0.2920515878282307
1922,x9_12.200,-0.2675955139669588
1923,x9_12.300,-0.2474177964981964
1924,x9_12.400,-0.2336314276207405
1925,x9_12.500,-0.2281187035595159
1926,x9_12.600,-0.2325155484475233
1927,x9_12.700,-0.2482000675032704
1928,x9_12.800,-0.2762852651926505
1929,x9_12.900,-0.3176158920110929
1930,x9_13.000,-0.3727693624149434
1931,x9_13.100,-0.4420607319929357
1932,x9_13.200,-0.52555168486562
1933,x9_13.300,-0.6230635422056912
1934,x9_13.400,-0.7341942766424752
1935,x9_13.500,-0.8583394895188499
1936,x9_13.600,-0.9947172137089456
1937,x9_13.700,-1.1423963195351183
1938,x9_13.800,-1.3003280770401473
1939,x9_13.900,-1.4673802326937713
1940,x9_14.000,-1.6423726973446344
1941,x9_14.100,-1.8241136587027325
1942,x9_14.200,-2.0114346694576506
1943,x9_14.300,-2.2032230281819416
1944,x9_14.400,-2.398449583525643
1945,x9_14.500,-2.59619000623588
1946,x9_14.600,-2.7956375735277703
1947,x9_14.700,-2.9961056428315556
1948,x9_14.800,-3.1970181607377275
1949,x9_14.900,-3.3978869623693906
1950,x9_15.000,-3.5982749825122804
1951,x9_15.100,-3.797745051850927
1952,x9_15.200,-3.995794553631298
1953,x9_15.300,-4.19177700204076
1954,x9_15.400,-4.384812417055696
1955,x9_15.500,-4.5736895029541005
1956,x9_15.600,-4.756763915784445
1957,x9_15.700,-4.9318584630465985
1958,x9_15.800,-5.096172882880259
1959,x9_15.900,-5.24621280981628
1960,x9_16.000,-5.377749443112461
1961,x9_16.100,-5.485823006974154
1962,x9_16.200,-5.564803882274847
1963,x9_16.300,-5.608524246590094
1964,x9_16.400,-5.610490266079595
1965,x9_16.500,-5.564179134943279
1966,x9_16.600,-5.463415797048494
1967,x9_16.700,-5.302812668759464
1968,x9_16.800,-5.078242066750649
1969,x9_16.900,-4.78729830078293
1970,x9_17.000,-4.429697340519487
1971,x9_17.100,-4.0075600846433295
1972,x9_17.200,-3.525532610599305
1973,x9_17.300,-2.990713828731129
1974,x9_17.400,-2.4123855038612363
1975,x9_17.500,-1.8015667841204384
1976,x9_17.600,-1.1704397608263002
1977,x9_17.700,-0.5317084758078525
1978,x9_17.800,0.1020412427877288
1979,x9_17.900,0.7189202716553782
1980,x9_18.000,1.308207485377801
1981,x9_18.100,1.8606871198124344
1982,x9_18.200,2.3688465422270255
1983,x9_18.300,2.826943913653797
1984,x9_18.400,3.2309669929222453
1985,x9_18.500,3.5785106652456435
1986,x9_18.600,3.868601030938192
1987,x9_18.700,4.101491830372097
1988,x9_18.800,4.278454421919699
1989,x9_18.900,4.401576907288572
1990,x9_19.000,4.4735826746396485
1991,x9_19.100,4.497673917431665
1992,x9_19.200,4.477401578694001
1993,x9_19.300,4.41656064908597
1994,x9_19.400,4.319107668433245
1995,x9_19.500,4.189096353049713
1996,x9_19.600,4.030626833305484
1997,x9_19.700,3.84780458336805
1998,x9_19.800,3.644705205708453
1999,x9_19.900,3.425342517147262
2000,x10_00.000,8.248568074344403
2001,x10_00.100,8.262423272673256
2002,x10_00.200,8.28031515994593
2003,x10_00.300,8.302087471665551
2004,x10_00.400,8.327556936283278
2005,x10_00.500,8.35649502039239
2006,x10_00.600,8.388606525827935
2007,x10_00.700,8.423504908999634
2008,x10_00.800,8.460684308716163
2009,x10_00.900,8.49948841968686
2010,x10_01.000,8.539076558359701
2011,x10_01.100,8.578387510602035
2012,x10_01.200,8.616102044954875
2013,x10_01.300,8.65060530755326
2014,x10_01.400,8.679950666000611
2015,x10_01.500,8.701826932777239
2016,x10_01.600,8.713531210240994
2017,x10_01.700,8.711949945952858
2018,x10_01.800,8.693550823770044
2019,x10_01.900,8.654388268602059
2020,x10_02.000,8.590125060987559
2021,x10_02.100,8.496072305613113
2022,x10_02.200,8.36724946752867
2023,x10_02.300,8.198466285159
2024,x10_02.400,7.984429053581179
2025,x10_02.500,7.719875933141179
2026,x10_02.600,7.399749692708502
2027,x10_02.700,7.019421175780403
2028,x10_02.800,6.574979994743836
2029,x10_02.900,6.0636065131464205
2030,x10_03.000,5.484026000426335
2031,x10_03.100,4.837018028334917
2032,x10_03.200,4.125913758021912
2033,x10_03.300,3.356971820825205
2034,x10_03.400,2.5395000579525475
2035,x10_03.500,1.6856086227863911
2036,x10_03.600,0.8095530773178774
2037,x10_03.700,-0.0732560830627636
2038,x10_03.800,-0.947376013073598
2039,x10_03.900,-1.7983050780851624
2040,x10_04.000,-2.61303232051613
2041,x10_04.100,-3.3799870381180415
2042,x10_04.200,-4.088375189748333
2043,x10_04.300,-4.727063943566986
2044,x10_04.400,-5.283314462811399
2045,x10_04.500,-5.7417361969052045
2046,x10_04.600,-6.083834156557082
2047,x10_04.700,-6.2884494618517355
2048,x10_04.800,-6.333261019409628
2049,x10_04.900,-6.197329604757076
2050,x10_05.000,-5.86443555998106
2051,x10_05.100,-5.326714804100166
2052,x10_05.200,-4.587894531031974
2053,x10_05.300,-3.665354936341083
2054,x10_05.400,-2.59037125999698
2055,x10_05.500,-1.4062317838365586
2056,x10_05.600,-0.1644000114291955
2057,x10_05.700,1.0806491956271131
2058,x10_05.800,2.276992858386942
2059,x10_05.900,3.3802414613025835
2060,x10_06.000,4.357148142184961
2061,x10_06.100,5.187412221130618
2062,x10_06.200,5.863650132592947
2063,x10_06.300,6.389852111926172
2064,x10_06.400,6.7788470248479635
2065,x10_06.500,7.049344617230326
2066,x10_06.600,7.22304238278505
2067,x10_06.700,7.322133966989598
2068,x10_06.800,7.367392823404591
2069,x10_06.900,7.376869026584924
2070,x10_07.000,7.365143853424875
2071,x10_07.100,7.343038303356018
2072,x10_07.200,7.31765557443981
2073,x10_07.300,7.292645572408386
2074,x10_07.400,7.268599415254416
2075,x10_07.500,7.243506859019876
2076,x10_07.600,7.213234215182843
2077,x10_07.700,7.172001306803082
2078,x10_07.800,7.112851893247162
2079,x10_07.900,7.028122329627648
2080,x10_08.000,6.90991743183272
2081,x10_08.100,6.750601968579513
2082,x10_08.200,6.543309923189905
2083,x10_08.300,6.282463358887274
2084,x10_08.400,5.964279911306106
2085,x10_08.500,5.587233035975744
2086,x10_08.600,5.152418120256887
2087,x10_08.700,4.663771244101798
2088,x10_08.800,4.128091283303603
2089,x10_08.900,3.5548312871771945
2090,x10_09.000,2.955651896238295
2091,x10_09.100,2.343762683381317
2092,x10_09.200,1.7331118635954377
2093,x10_09.300,1.13751079789751
2094,x10_09.400,0.5697916976833691
2095,x10_09.500,0.0410906261763942
2096,x10_09.600,-0.4396742086211591
2097,x10_09.700,-0.8660923375914229
2098,x10_09.800,-1.2343183143134255
2099,x10_09.900,-1.542926346861275
2100,x10_10.000,-1.7926130329374412
2101,x10_10.100,-1.9858072786526757
2102,x10_10.200,-2.12624423321978
2103,x10_10.300,-2.218549731652556
2104,x10_10.400,-2.2678680616579903
2105,x10_10.500,-2.2795518618186494
2106,x10_10.600,-2.2589202950978495
2107,x10_10.700,-2.211083197358023
2108,x10_10.800,-2.14082285812611
2109,x10_10.900,-2.052522762605996
2110,x10_11.000,-1.950131779397944
2111,x10_11.100,-1.837153521401008
2112,x10_11.200,-1.7166522490141147
2113,x10_11.300,-1.591268655720826
2114,x10_11.400,-1.4632408858345716
2115,x10_11.500,-1.3344277041669832
2116,x10_11.600,-1.206332130662886
2117,x10_11.700,-1.0801247176510365
2118,x10_11.800,-0.9566663408125328
2119,x10_11.900,-0.8365306495083368
2120,x10_12.000,-0.7200265327157318
2121,x10_12.100,-0.607220944175636
2122,x10_12.200,-0.4979623593709451
2123,x10_12.300,-0.39190505571997
2124,x10_12.400,-0.2885343021411756
2125,x10_12.500,-0.1871924522841569
2126,x10_12.600,-0.0871059209595158
2127,x10_12.700,0.0125870390460051
2128,x10_12.800,0.1128078097607465
2129,x10_12.900,0.2145081756277415
2130,x10_13.000,0.3186403932562452
2131,x10_13.100,0.4261266132700675
2132,x10_13.200,0.5378276517966437
2133,x10_13.300,0.6545112078559848
2134,x10_13.400,0.7768196880348254
2135,x10_13.500,0.9052379107521552
2136,x10_13.600,1.0400611225375715
2137,x10_13.700,1.1813638844375405
2138,x10_13.800,1.3289705864311026
2139,x10_13.900,1.4824284495733782
2140,x10_14.000,1.640983980597497
2141,x10_14.100,1.8035638735780173
2142,x10_14.200,1.968761309627857
2143,x10_14.300,2.13482849492894
2144,x10_14.400,2.29967608190175
2145,x10_14.500,2.4608799028904893
2146,x10_14.600,2.6156951945440516
2147,x10_14.700,2.761078379155311
2148,x10_14.800,2.893716150524317
2149,x10_14.900,3.0100618880014283
2150,x10_15.000,3.1063793970159663
2151,x10_15.100,3.178794409218158
2152,x10_15.200,3.2233545353462736
2153,x10_15.300,3.2360994117521753
2154,x10_15.400,3.2131427762012064
2155,x10_15.500,3.150769115736954
2156,x10_15.600,3.045547716598034
2157,x10_15.700,2.8944668619332017
2158,x10_15.800,2.6950903063738783
2159,x10_15.900,2.4457367229662825
2160,x10_16.000,2.1456804085045893
2161,x10_16.100,1.7953679718685325
2162,x10_16.200,1.3966407934418867
2163,x10_16.300,0.9529471488802318
2164,x10_16.400,0.4695215352750556
2165,x10_16.500,-0.0464972824893446
2166,x10_16.600,-0.586041186237162
2167,x10_16.700,-1.138211472563604
2168,x10_16.800,-1.690525045384593
2169,x10_16.900,-2.229317212580362
2170,x10_17.000,-2.740289251543724
2171,x10_17.100,-3.2091650293023477
2172,x10_17.200,-3.622398922269422
2173,x10_17.300,-3.9678633203777474
2174,x10_17.400,-4.235442402273004
2175,x10_17.500,-4.417471541401927
2176,x10_17.600,-4.508985398220935
2177,x10_17.700,-4.507767149925674
2178,x10_17.800,-4.414218828449545
2179,x10_17.900,-4.231092873762313
2180,x10_18.000,-3.9631344770571024
2181,x10_18.100,-3.616684164261577
2182,x10_18.200,-3.1992816083412605
2183,x10_18.300,-2.71930037536536
2184,x10_18.400,-2.185631389177706
2185,x10_18.500,-1.6074215449248723
2186,x10_18.600,-0.993866695499554
2187,x10_18.700,-0.354053137151551
2188,x10_18.800,0.3031619987851879
2189,x10_18.900,0.9692416221092972
2190,x10_19.000,1.6360412326402651
2191,x10_19.100,2.295872324845061
2192,x10_19.200,2.941564614585927
2193,x10_19.300,3.566531741432295
2194,x10_19.400,4.164842787841862
2195,x10_19.500,4.73129854000891
2196,x10_19.600,5.261508560656641
2197,x10_19.700,5.751962256136552
2198,x10_19.800,6.200086289892137
2199,x10_19.900,6.604279909520803
2200,x11_00.000,7.394795648997078
2201,x11_00.100,7.379148532931522
2202,x11_00.200,7.362681865980339
2203,x11_00.300,7.344898892153251
2204,x11_00.400,7.325258258842684
2205,x11_00.500,7.303169723407293
2206,x11_00.600,7.277990384110793
2207,x11_00.700,7.249021946546457
2208,x11_00.800,7.215509598173891
2209,x11_00.900,7.176643132391311
2210,x11_01.000,7.131561063333893
2211,x11_01.100,7.079358570522435
2212,x11_01.200,7.019100238503425
2213,x11_01.300,6.949838693260128
2214,x11_01.400,6.870640368951124
2215,x11_01.500,6.780619748072805
2216,x11_01.600,6.678983434522135
2217,x11_01.700,6.565085311004993
2218,x11_01.800,6.438493564674717
2219,x11_01.900,6.299069590782984
2220,x11_02.000,6.147057361035888
2221,x11_02.100,5.983179824418711
2222,x11_02.200,5.808736256174393
2223,x11_02.300,5.625691389885347
2224,x11_02.400,5.436744002304179
2225,x11_02.500,5.245359781894349
2226,x11_02.600,5.055751410871195
2227,x11_02.700,4.872787773271522
2228,x11_02.800,4.701814500965326
2229,x11_02.900,4.548369975952768
2230,x11_03.000,4.417785247448495
2231,x11_03.100,4.314665561223745
2232,x11_03.200,4.242268288854681
2233,x11_03.300,4.201818322740477
2234,x11_03.400,4.191834892025077
2235,x11_03.500,4.207573659374491
2236,x11_03.600,4.240699695385813
2237,x11_03.700,4.279287386821363
2238,x11_03.800,4.308190811608723
2239,x11_03.900,4.309759286816672
2240,x11_04.000,4.264816464597985
2241,x11_04.100,4.153803723200876
2242,x11_04.200,3.958017292180137
2243,x11_04.300,3.660926036114617
2244,x11_04.400,3.2496097286350967
2245,x11_04.500,2.7163697748079665
2246,x11_04.600,2.060509842469256
2247,x11_04.700,1.2901610486656154
2248,x11_04.800,0.4238607323685494
2249,x11_04.900,-0.5085556000695397
2250,x11_05.000,-1.4662445453535795
2251,x11_05.100,-2.3992137041166472
2252,x11_05.200,-3.251844951846482
2253,x11_05.300,-3.967770609974225
2254,x11_05.400,-4.4954057428430145
2255,x11_05.500,-4.793227765190167
2256,x11_05.600,-4.833934087295295
2257,x11_05.700,-4.606862556397513
2258,x11_05.800,-4.118421990501458
2259,x11_05.900,-3.3906298138330726
2260,x11_06.000,-2.4581336295007463
2261,x11_06.100,-1.3642782555844184
2262,x11_06.200,-0.1568603982869765
2263,x11_06.300,1.1158287580287736
2264,x11_06.400,2.408221367622222
2265,x11_06.500,3.6797163593913207
2266,x11_06.600,4.895929606251944
2267,x11_06.700,6.029088594099311
2268,x11_06.800,7.057789946439212
2269,x11_06.900,7.966350666346379
2270,x11_07.000,8.743958160182677
2271,x11_07.100,9.383782107825324
2272,x11_07.200,9.882169384512096
2273,x11_07.300,10.238002918607298
2274,x11_07.400,10.4522681564696
2275,x11_07.500,10.52783556364466
2276,x11_07.600,10.469436005999892
2277,x11_07.700,10.283779868174086
2278,x11_07.800,9.979752342707345
2279,x11_07.900,9.568607668588466
2280,x11_08.000,9.064085368450051
2281,x11_08.100,8.482380505624725
2282,x11_08.200,7.8419182824066525
2283,x11_08.300,7.162908687933245
2284,x11_08.400,6.466685023513113
2285,x11_08.500,5.774862775724377
2286,x11_08.600,5.108380660614254
2287,x11_08.700,4.486508346410169
2288,x11_08.800,3.925914892079534
2289,x11_08.900,3.4398911683532725
2290,x11_09.000,3.037804387374791
2291,x11_09.100,2.7248359826870003
2292,x11_09.200,2.502021105429382
2293,x11_09.300,2.3665718365741033
2294,x11_09.400,2.312434846722026
2295,x11_09.500,2.3310119436709305
2296,x11_09.600,2.4119613454634683
2297,x11_09.700,2.543999467727416
2298,x11_09.800,2.7156353123718153
2299,x11_09.900,2.9157881279958544
2300,x11_10.000,3.1342608233324003
2301,x11_10.100,3.362062038997199
2302,x11_10.200,3.591585937429524
2303,x11_10.300,3.816670536392264
2304,x11_10.400,4.032560590544952
2305,x11_10.500,4.235802248897886
2306,x11_10.600,4.424094907052382
2307,x11_10.700,4.596121136455453
2308,x11_10.800,4.751371134490637
2309,x11_10.900,4.8899733648015165
2310,x11_11.000,5.012539098193457
2311,x11_11.100,5.120025269023188
2312,x11_11.200,5.2136176635007105
2313,x11_11.300,5.294634700547926
2314,x11_11.400,5.364450925904263
2315,x11_11.500,5.424438586769268
2316,x11_11.600,5.475925267144693
2317,x11_11.700,5.520165342189652
2318,x11_11.800,5.558323057550826
2319,x11_11.900,5.591465052588869
2320,x11_12.000,5.620560394808196
2321,x11_12.100,5.646486411375196
2322,x11_12.200,5.670038828477669
2323,x11_12.300,5.691945025126911
2324,x11_12.400,5.712879438036602
2325,x11_12.500,5.733480379507371
2326,x11_12.600,5.754367664092535
2327,x11_12.700,5.776160597770508
2328,x11_12.800,5.799495903104653
2329,x11_12.900,5.82504516785796
2330,x11_13.000,5.853531337020172
2331,x11_13.100,5.8857437062894995
2332,x11_13.200,5.922550709567512
2333,x11_13.300,5.964909690161365
2334,x11_13.400,6.013872708501391
2335,x11_13.500,6.070587327074154
2336,x11_13.600,6.136291288632589
2337,x11_13.700,6.21229994532487
2338,x11_13.800,6.299985469138966
2339,x11_13.900,6.400747006742962
2340,x11_14.000,6.515971247047862
2341,x11_14.100,6.6469832806465865
2342,x11_14.200,6.794988129054967
2343,x11_14.300,6.961003929259119
2344,x11_14.400,7.14578845710264
2345,x11_14.500,7.349761428796558
2346,x11_14.600,7.572925809498343
2347,x11_14.700,7.81479216242414
2348,x11_14.800,8.074310805965798
2349,x11_14.900,8.3498171174067
2350,x11_15.000,8.638995671915817
2351,x11_15.100,8.93886885024375
2352,x11_15.200,9.245814764619388
2353,x11_15.300,9.55561839133772
2354,x11_15.400,9.863557336715568
2355,x11_15.500,10.16452112518352
2356,x11_15.600,10.453159657230971
2357,x11_15.700,10.724053215851557
2358,x11_15.800,10.97189376593225
2359,x11_15.900,11.191665834223228
2360,x11_16.000,11.378815633077872
2361,x11_16.100,11.52939957361692
2362,x11_16.200,11.640207594888755
2363,x11_16.300,11.708861813723534
2364,x11_16.400,11.733896165331906
2365,x11_16.500,11.714825412528018
2366,x11_16.600,11.65221102152596
2367,x11_16.700,11.547726451606716
2368,x11_16.800,11.404215401906937
2369,x11_16.900,11.225725952594756
2370,x11_17.000,11.01749484762836
2371,x11_17.100,10.785853309791667
2372,x11_17.200,10.538031792364862
2373,x11_17.300,10.281856313317686
2374,x11_17.400,10.025350694098726
2375,x11_17.500,9.77628103864494
2376,x11_17.600,9.541694802332495
2377,x11_17.700,9.327511223900329
2378,x11_17.800,9.138211685454056
2379,x11_17.900,8.976659917984913
2380,x11_18.000,8.84405862387091
2381,x11_18.100,8.74002736687813
2382,x11_18.200,8.662770838994904
2383,x11_18.300,8.609300139404045
2384,x11_18.400,8.575670967431396
2385,x11_18.500,8.55721074268712
2386,x11_18.600,8.548717619653516
2387,x11_18.700,8.544625635523982
2388,x11_18.800,8.539140414680396
2389,x11_18.900,8.5263562143898
2390,x11_19.000,8.500368335582019
2391,x11_19.100,8.455394344595806
2392,x11_19.200,8.38591448831664
2393,x11_19.300,8.286835233437387
2394,x11_19.400,8.153673124811377
2395,x11_19.500,7.982748601773416
2396,x11_19.600,7.77137327838858
2397,x11_19.700,7.5180099959803695
2398,x11_19.800,7.222384943414686
2399,x11_19.900,6.885534004537374
2400,x12_00.000,6.611581355196685
2401,x12_00.100,6.6602892339399835
2402,x12_00.200,6.705940738041776
2403,x12_00.300,6.748921624532526
2404,x12_00.400,6.789610012772805
2405,x12_00.500,6.8283860407797645
2406,x12_00.600,6.86564247274647
2407,x12_00.700,6.901796337461531
2408,x12_00.800,6.937301613275314
2409,x12_00.900,6.972662882618356
2410,x12_01.000,7.0084497416517175
2411,x12_01.100,7.045311587523267
2412,x12_01.200,7.083992199826491
2413,x12_01.300,7.125343296939083
2414,x12_01.400,7.170335998308443
2415,x12_01.500,7.220068877541373
2416,x12_01.600,7.27577110766903
2417,x12_01.700,7.338799072853867
2418,x12_01.800,7.4106249765181715
2419,x12_01.900,7.492816269027449
2420,x12_02.000,7.58700549884475
2421,x12_02.100,7.694851324685203
2422,x12_02.200,7.817993136417708
2423,x12_02.300,7.958003674175179
2424,x12_02.400,8.11634619001452
2425,x12_02.500,8.294344436836262
2426,x12_02.600,8.493174441760868
2427,x12_02.700,8.713885650941002
2428,x12_02.800,8.957454846430853
2429,x12_02.900,9.224868377267445
2430,x12_03.000,9.51721654780975
2431,x12_03.100,9.835769304157465
2432,x12_03.200,10.181987227525378
2433,x12_03.300,10.557411322964228
2434,x12_03.400,10.963376693353156
2435,x12_03.500,11.400517127808644
2436,x12_03.600,11.868074505112643
2437,x12_03.700,12.363094307665245
2438,x12_03.800,12.879659379798218
2439,x12_03.900,13.408362001098894
2440,x12_04.000,13.93621412169491
2441,x12_04.100,14.44713600164524
2442,x12_04.200,14.92305525255568
2443,x12_04.300,15.34551981690742
2444,x12_04.400,15.697615560526778
2445,x12_04.500,15.96591158892352
2446,x12_04.600,16.142147520842215
2447,x12_04.700,16.224425482090783
2448,x12_04.800,16.217755702515785
2449,x12_04.900,16.13389932696699
2450,x12_05.000,15.99052391258591
2451,x12_05.100,15.809719117220752
2452,x12_05.200,15.61592778610713
2453,x12_05.300,15.433379369628987
2454,x12_05.400,15.283217102940087
2455,x12_05.500,15.18068104054332
2456,x12_05.600,15.132856983010504
2457,x12_05.700,15.137498857097556
2458,x12_05.800,15.183206755367472
2459,x12_05.900,15.250865463363898
2460,x12_06.000,15.315897078353531
2461,x12_06.100,15.350736879624677
2462,x12_06.200,15.327058123575664
2463,x12_06.300,15.2175553666967
2464,x12_06.400,14.997366978839532
2465,x12_06.500,14.645339418114965
2466,x12_06.600,14.145275883085732
2467,x12_06.700,13.487141649471374
2468,x12_06.800,12.668037511157866
2469,x12_06.900,11.692693251990054
2470,x12_07.000,10.57330269454705
2471,x12_07.100,9.328678910150476
2472,x12_07.200,7.982874285192325
2473,x12_07.300,6.563514525072787
2474,x12_07.400,5.1001078695387285
2475,x12_07.500,3.622523618115482
2476,x12_07.600,2.159734727626563
2477,x12_07.700,0.7388264391896373
2478,x12_07.800,-0.6157807933653718
2479,x12_07.900,-1.882957529173932
2480,x12_08.000,-3.045382165014823
2481,x12_08.100,-4.08995580177296
2482,x12_08.200,-5.0080894800768565
2483,x12_08.300,-5.7958208801146185
2484,x12_08.400,-6.453718661482311
2485,x12_08.500,-6.986548174786589
2486,x12_08.600,-7.402698931307725
2487,x12_08.700,-7.713402928535659
2488,x12_08.800,-7.9317998682615345
2489,x12_08.900,-8.071927120237387
2490,x12_09.000,-8.147725570233494
2491,x12_09.100,-8.172153175660634
2492,x12_09.200,-8.156487032289709
2493,x12_09.300,-8.109869015478079
2494,x12_09.400,-8.039115904780612
2495,x12_09.500,-7.948778102362568
2496,x12_09.600,-7.8414002178508815
2497,x12_09.700,-7.717917376589006
2498,x12_09.800,-7.578116061291773
2499,x12_09.900,-7.421095522551393
2500,x12_10.000,-7.245681181380861
2501,x12_10.100,-7.050759896051282
2502,x12_10.200,-6.835524105582723
2503,x12_10.300,-6.599625574768765
2504,x12_10.400,-6.3432483638605905
2505,x12_10.500,-6.067115655886221
2506,x12_10.600,-5.77244679738853
2507,x12_10.700,-5.46088047418468
2508,x12_10.800,-5.134378230530757
2509,x12_10.900,-4.795120276828272
2510,x12_11.000,-4.445402852774691
2511,x12_11.100,-4.087543969445796
2512,x12_11.200,-3.723802015671892
2513,x12_11.300,-3.356309674079564
2514,x12_11.400,-2.987024000432852
2515,x12_11.500,-2.6176922067946298
2516,x12_11.600,-2.249831859121203
2517,x12_11.700,-1.8847235943529632
2518,x12_11.800,-1.523414270406628
2519,x12_11.900,-1.1667283380766418
2520,x12_12.000,-0.8152854085397615
2521,x12_12.100,-0.4695221825620405
2522,x12_12.200,-0.1297171612842073
2523,x12_12.300,0.2039831319686392
2524,x12_12.400,0.5315374237413613
2525,x12_12.500,0.8529832114400298
2526,x12_12.600,1.1684110668576198
2527,x12_12.700,1.4779400758989285
2528,x12_12.800,1.7816946194563985
2529,x12_12.900,2.0797825789719044
2530,x12_13.000,2.3722749500985203
2531,x12_13.100,2.659186771197602
2532,x12_13.200,2.940459191377201
2533,x12_13.300,3.215942446215982
2534,x12_13.400,3.4853794483199554
2535,x12_13.500,3.748389661088832
2536,x12_13.600,4.004452898445736
2537,x12_13.700,4.252892748174321
2538,x12_13.800,4.492859397673725
2539,x12_13.900,4.723311869172122
2540,x12_14.000,4.9430000236546
2541,x12_14.100,5.150447208906049
2542,x12_14.200,5.3439351332785945
2543,x12_14.300,5.521493425431619
2544,x12_14.400,5.680897319041381
2545,x12_14.500,5.819677933242828
2546,x12_14.600,5.935150487834638
2547,x12_14.700,6.024466414551522
2548,x12_14.800,6.084695070543257
2549,x12_14.900,6.112940072472594
2550,x12_15.000,6.106492998228712
2551,x12_15.100,6.063023909839962
2552,x12_15.200,5.980803370529137
2553,x12_15.300,5.858945226708561
2554,x12_15.400,5.697652975497871
2555,x12_15.500,5.498447187953732
2556,x12_15.600,5.264347337657748
2557,x12_15.700,4.999980076731321
2558,x12_15.800,4.711588230750934
2559,x12_15.900,4.406921003298232
2560,x12_16.000,4.094995738619839
2561,x12_16.100,3.785734008298431
2562,x12_16.200,3.489488254025183
2563,x12_16.300,3.2164888217076415
2564,x12_16.400,2.976251607060261
2565,x12_16.500,2.776994023871712
2566,x12_16.600,2.625111091469826
2567,x12_16.700,2.524761088582963
2568,x12_16.800,2.4776033095296732
2569,x12_16.900,2.4827173015500357
2570,x12_17.000,2.5367143252629054
2571,x12_17.100,2.6340290360044945
2572,x12_17.200,2.767356031703518
2573,x12_17.300,2.9281764665008496
2574,x12_17.400,3.107308986468687
2575,x12_17.500,3.2954204057064276
2576,x12_17.600,3.4834444078368767
2577,x12_17.700,3.6628784616515953
2578,x12_17.800,3.8259538825869304
2579,x12_17.900,3.965695980875446
2580,x12_18.000,4.075905912371069
2581,x12_18.100,4.151101056461748
2582,x12_18.200,4.186448935548811
2583,x12_18.300,4.177721174486752
2584,x12_18.400,4.12128404503561
2585,x12_18.500,4.014132596566351
2586,x12_18.600,3.853966854977629
2587,x12_18.700,3.6393027831805296
2588,x12_18.800,3.369606811677589
2589,x12_18.900,3.0454397056418703
2590,x12_19.000,2.66859347570821
2591,x12_19.100,2.242203419821702
2592,x12_19.200,1.7708162901818545
2593,x12_19.300,1.26039613566015
2594,x12_19.400,0.7182519042773235
2595,x12_19.500,0.1528763489004021
2596,x12_19.600,-0.4263060466617102
2597,x12_19.700,-1.0092727678416658
2598,x12_19.800,-1.5857986383575935
2599,x12_19.900,-2.1458815134692513
2600,x13_00.000,8.741944341449258
2601,x13_00.100,8.719348651583328
2602,x13_00.200,8.705598451893527
2603,x13_00.300,8.700472868470134
2604,x13_00.400,8.703847720751417
2605,x13_00.500,8.715695418683453
2606,x13_00.600,8.736084730665864
2607,x13_00.700,8.765180304064373
2608,x13_00.800,8.803241748424528
2609,x13_00.900,8.850622027357234
2610,x13_01.000,8.907764828145533
2611,x13_01.100,8.97520049841858
2612,x13_01.200,9.05354003726274
2613,x13_01.300,9.143466498367236
2614,x13_01.400,9.245722994528183
2615,x13_01.500,9.361096262867443
2616,x13_01.600,9.490394456285976
2617,x13_01.700,9.634417414092397
2618,x13_01.800,9.793917236969513
2619,x13_01.900,9.96954640759124
2620,x13_02.000,10.16179019928332
2621,x13_02.100,10.370879685419968
2622,x13_02.200,10.596681582045491
2623,x13_02.300,10.838561597373616
2624,x13_02.400,11.095219246939449
2625,x13_02.500,11.364494626389936
2626,x13_02.600,11.643151276361944
2627,x13_02.700,11.92664436875844
2628,x13_02.800,12.20888937339044
2629,x13_02.900,12.482052501237384
2630,x13_03.000,12.736389752487517
2631,x13_03.100,12.960165472713843
2632,x13_03.200,13.139683294121363
2633,x13_03.300,13.259463012556786
2634,x13_03.400,13.302597299167338
2635,x13_03.500,13.25132339064854
2636,x13_03.600,13.08784650254698
2637,x13_03.700,12.795448488667814
2638,x13_03.800,12.359897425306082
2639,x13_03.900,11.771130146377825
2640,x13_04.000,11.025104165497154
2641,x13_04.100,10.125617377022778
2642,x13_04.200,9.085800002264032
2643,x13_04.300,7.928930518931584
2644,x13_04.400,6.688248375315971
2645,x13_04.500,5.405542412993079
2646,x13_04.600,4.128474242077104
2647,x13_04.700,2.90681719865689
2648,x13_04.800,1.7880153235911422
2649,x13_04.900,0.8126489194495747
2650,x13_05.000,0.0104831367114103
2651,x13_05.100,-0.6022725744298065
2652,x13_05.200,-1.024079098015307
2653,x13_05.300,-1.2674865474892807
2654,x13_05.400,-1.3571612816218248
2655,x13_05.500,-1.327077903781399
2656,x13_05.600,-1.2174497648441742
2657,x13_05.700,-1.0717584422740436
2658,x13_05.800,-0.933932498622906
2659,x13_05.900,-0.8455186776140801
2660,x13_06.000,-0.8427047900391066
2661,x13_06.100,-0.9532700890264326
2662,x13_06.200,-1.1938179260541883
2663,x13_06.300,-1.567823562297105
2664,x13_06.400,-2.0650253706492805
2665,x13_06.500,-2.662494360939894
2666,x13_06.600,-3.3273980122854723
2667,x13_06.700,-4.021106880635745
2668,x13_06.800,-4.703970217975936
2669,x13_06.900,-5.339907515005075
2670,x13_07.000,-5.9000043485182365
2671,x13_07.100,-6.364564953253353
2672,x13_07.200,-6.723483926717869
2673,x13_07.300,-6.975202934241481
2674,x13_07.400,-7.124784409282917
2675,x13_07.500,-7.181697520494609
2676,x13_07.600,-7.157800756738525
2677,x13_07.700,-7.065800401781556
2678,x13_07.800,-6.918254640063428
2679,x13_07.900,-6.727037574790865
2680,x13_08.000,-6.503100094014802
2681,x13_08.100,-6.256357229650272
2682,x13_08.200,-5.995575752733012
2683,x13_08.300,-5.728203315471304
2684,x13_08.400,-5.46014704807796
2685,x13_08.500,-5.195558229189183
2686,x13_08.600,-4.9366965548240955
2687,x13_08.700,-4.683935976628603
2688,x13_08.800,-4.435940369717955
2689,x13_08.900,-4.189997067601478
2690,x13_09.000,-3.942462702902255
2691,x13_09.100,-3.689258864110117
2692,x13_09.200,-3.426355480013381
2693,x13_09.300,-3.1501937952231898
2694,x13_09.400,-2.8580198855254815
2695,x13_09.500,-2.548117194279458
2696,x13_09.600,-2.2199384035237157
2697,x13_09.700,-1.8741432650322207
2698,x13_09.800,-1.5125515831214766
2699,x13_09.900,-1.1380221681284417
2700,x13_10.000,-0.7542707596113742
2701,x13_10.100,-0.3656426785187685
2702,x13_10.200,0.02314115421974
2703,x13_10.300,0.4072451092936607
2704,x13_10.400,0.7819672709616807
2705,x13_10.500,1.1429586078763172
2706,x13_10.600,1.4864008570442444
2707,x13_10.700,1.8091357435861832
2708,x13_10.800,2.1087436684923233
2709,x13_10.900,2.383574218933765
2710,x13_11.000,2.6327344427771155
2711,x13_11.100,2.856042731703701
2712,x13_11.200,3.0539571083662187
2713,x13_11.300,3.2274865650561337
2714,x13_11.400,3.3780932476889505
2715,x13_11.500,3.5075920029829057
2716,x13_11.600,3.6180523504391218
2717,x13_11.700,3.7117064504557185
2718,x13_11.800,3.7908654388097434
2719,x13_11.900,3.857845232785523
2720,x13_12.000,3.914902172440875
2721,x13_12.100,3.9641782097016214
2722,x13_12.200,4.007654832098796
2723,x13_12.300,4.047114732158319
2724,x13_12.400,4.084110087213762
2725,x13_12.500,4.11993635724396
2726,x13_12.600,4.155610537052834
2727,x13_12.700,4.191853104102861
2728,x13_12.800,4.229073064487555
2729,x13_12.900,4.267355826866237
2730,x13_13.000,4.306453946955492
2731,x13_13.100,4.345781115771338
2732,x13_13.200,4.384410070240986
2733,x13_13.300,4.421075404969655
2734,x13_13.400,4.454182491452136
2735,x13_13.500,4.481823901292433
2736,x13_13.600,4.501804770029588
2737,x13_13.700,4.511678643377324
2738,x13_13.800,4.508795099561346
2739,x13_13.900,4.490360297634311
2740,x13_14.000,4.453511223787617
2741,x13_14.100,4.395403886917368
2742,x13_14.200,4.313315069439263
2743,x13_14.300,4.204756394170883
2744,x13_14.400,4.06759839515219
2745,x13_14.500,3.900201002854631
2746,x13_14.600,3.7015453440190735
2747,x13_14.700,3.471360081035628
2748,x13_14.800,3.2102336935209492
2749,x13_14.900,2.919702659496814
2750,x13_15.000,2.6023043076829766
2751,x13_15.100,2.261582959670416
2752,x13_15.200,1.902039338312144
2753,x13_15.300,1.5290157230994563
2754,x13_15.400,1.1485145024103047
2755,x13_15.500,0.7669539628030654
2756,x13_15.600,0.3908725759104506
2757,x13_15.700,0.0266004859693377
2758,x13_15.800,-0.3200770157894803
2759,x13_15.900,-0.6442355586400895
2760,x13_16.000,-0.9420785304429502
2761,x13_16.100,-1.21112920165073
2762,x13_16.200,-1.450328971105874
2763,x13_16.300,-1.660031096639871
2764,x13_16.400,-1.841889272215803
2765,x13_16.500,-1.998650074465141
2766,x13_16.600,-2.133867727751625
2767,x13_16.700,-2.2515677210295557
2768,x13_16.800,-2.3558919267459575
2769,x13_16.900,-2.4507610894972287
2770,x13_17.000,-2.5395897556937435
2771,x13_17.100,-2.6250827896385176
2772,x13_17.200,-2.7091316641369745
2773,x13_17.300,-2.792813949496383
2774,x13_17.400,-2.876483621005602
2775,x13_17.500,-2.9599264905101177
2776,x13_17.600,-3.0425473403283108
2777,x13_17.700,-3.123554782991861
2778,x13_17.800,-3.2021158933124108
2779,x13_17.900,-3.2774629902690693
2780,x13_18.000,-3.3489464561557165
2781,x13_18.100,-3.4160373338454892
2782,x13_18.200,-3.4782902388574515
2783,x13_18.300,-3.535280147238458
2784,x13_18.400,-3.586526839445411
2785,x13_18.500,-3.631419201732483
2786,x13_18.600,-3.669149270258339
2787,x13_18.700,-3.698663758808043
2788,x13_18.800,-3.7186392502389065
2789,x13_18.900,-3.72748612975247
2790,x13_19.000,-3.7233854645015674
2791,x13_19.100,-3.7043617934751785
2792,x13_19.200,-3.6683929302786393
2793,x13_19.300,-3.6135545216089247
2794,x13_19.400,-3.538192857458798
2795,x13_19.500,-3.441114158384142
2796,x13_19.600,-3.3217733911952867
2797,x13_19.700,-3.18044151349995
2798,x13_19.800,-3.018328674747218
2799,x13_19.900,-2.83764268416164
2800,x14_00.000,7.096882036990097
2801,x14_00.100,7.214972653170902
2802,x14_00.200,7.327591235471029
2803,x14_00.300,7.435906085808247
2804,x14_00.400,7.540974762144618
2805,x14_00.500,7.64374780140475
2806,x14_00.600,7.745068235495559
2807,x14_00.700,7.845666566700633
2808,x14_00.800,7.946150802140507
2809,x14_00.900,8.046991073031244
2810,x14_01.000,8.14849829378573
2811,x14_01.100,8.250796282752194
2812,x14_01.200,8.353786767419487
2813,x14_01.300,8.457106767131407
2814,x14_01.400,8.560078012037298
2815,x14_01.500,8.661648355677249
2816,x14_01.600,8.760325604866896
2817,x14_01.700,8.85410493223666
2818,x14_01.800,8.940391971744493
2819,x14_01.900,9.015925090327134
2820,x14_02.000,9.0767019800987
2821,x14_02.100,9.117917863694398
2822,x14_02.200,9.133924855339576
2823,x14_02.300,9.118224696491987
2824,x14_02.400,9.06350941235849
2825,x14_02.500,8.961766226075218
2826,x14_02.600,8.804463332784884
2827,x14_02.700,8.582831551360481
2828,x14_02.800,8.288251831820853
2829,x14_02.900,7.912749669912805
2830,x14_03.000,7.449584864905983
2831,x14_03.100,6.893909133647808
2832,x14_03.200,6.243447134294135
2833,x14_03.300,5.499141945829354
2834,x14_03.400,4.6656969032050615
2835,x14_03.500,3.751944132732039
2836,x14_03.600,2.7709764404631057
2837,x14_03.700,1.739992020384518
2838,x14_03.800,0.6798206456305892
2839,x14_03.900,-0.385872840974888
2840,x14_04.000,-1.4316732440048263
2841,x14_04.100,-2.43170497281033
2842,x14_04.200,-3.360999149149704
2843,x14_04.300,-4.196790613049681
2844,x14_04.400,-4.919625920209584
2845,x14_04.500,-5.514238021046246
2846,x14_04.600,-5.9702282266968645
2847,x14_04.700,-6.282637065570394
2848,x14_04.800,-6.452439786883008
2849,x14_04.900,-6.486880705644494
2850,x14_05.000,-6.39943470447198
2851,x14_05.100,-6.209150515003933
2852,x14_05.200,-5.939243700917533
2853,x14_05.300,-5.615028994700557
2854,x14_05.400,-5.261493398767087
2855,x14_05.500,-4.900894685928441
2856,x14_05.600,-4.550695232904334
2857,x14_05.700,-4.221988504923509
2858,x14_05.800,-3.918461234194461
2859,x14_05.900,-3.635929797321805
2860,x14_06.000,-3.362562722272751
2861,x14_06.100,-3.079961607902359
2862,x14_06.200,-2.7652326294660075
2863,x14_06.300,-2.3940182544042155
2864,x14_06.400,-1.944214075630244
2865,x14_06.500,-1.399852891634264
2866,x14_06.600,-0.7544800477073061
2867,x14_06.700,-0.0133314269200387
2868,x14_06.800,0.8062062080215642
2869,x14_06.900,1.6760391392656009
2870,x14_07.000,2.5604800435020225
2871,x14_07.100,3.4204127614175746
2872,x14_07.200,4.2176839212578106
2873,x14_07.300,4.918931823613031
2874,x14_07.400,5.498307288936946
2875,x14_07.500,5.938880083239948
2876,x14_07.600,6.232823767334314
2877,x14_07.700,6.380658230261244
2878,x14_07.800,6.389885685070201
2879,x14_07.900,6.273323564671315
2880,x14_08.000,6.04736844395048
2881,x14_08.100,5.730355530244992
2882,x14_08.200,5.34112653971222
2883,x14_08.300,4.89788162532383
2884,x14_08.400,4.417357464391107
2885,x14_08.500,3.914342169758936
2886,x14_08.600,3.401499571844601
2887,x14_08.700,2.8894450339704756
2888,x14_08.800,2.386992797072623
2889,x14_08.900,1.9014894786162884
2890,x14_09.000,1.4391571275953468
2891,x14_09.100,1.005388519983445
2892,x14_09.200,0.6049609828277968
2893,x14_09.300,0.2421567654750091
2894,x14_09.400,-0.0792047029098987
2895,x14_09.500,-0.3558055730533049
2896,x14_09.600,-0.5849153271166937
2897,x14_09.700,-0.7644968733248132
2898,x14_09.800,-0.8933072298218153
2899,x14_09.900,-0.9709710120705246
2900,x14_10.000,-0.9980115443154662
2901,x14_10.100,-0.9758323607378122
2902,x14_10.200,-0.9066499835861498
2903,x14_10.300,-0.7933855937693851
2904,x14_10.400,-0.6395278027727063
2905,x14_10.500,-0.4489808933440833
2906,x14_10.600,-0.2259122133641255
2907,x14_10.700,0.025389381207781
2908,x14_10.800,0.3006355699826269
2909,x14_10.900,0.5956358352677915
2910,x14_11.000,0.9063682889672504
2911,x14_11.100,1.229024914291647
2912,x14_11.200,1.5600341737950432
2913,x14_11.300,1.896065230677864
2914,x14_11.400,2.2340184605317845
2915,x14_11.500,2.5710069399864808
2916,x14_11.600,2.904332949559872
2917,x14_11.700,3.231462827751622
2918,x14_11.800,3.550002488456842
2919,x14_11.900,3.8576752404641006
2920,x14_12.000,4.152302793864205
2921,x14_12.100,4.431789923467089
2922,x14_12.200,4.694113136000118
2923,x14_12.300,4.937313604418178
2924,x14_12.400,5.159494768554328
2925,x14_12.500,5.358825118897705
2926,x14_12.600,5.533546908631591
2927,x14_12.700,5.6819914606433475
2928,x14_12.800,5.802601771092387
2929,x14_12.900,5.893962859482994
2930,x14_13.000,5.954839983977159
2931,x14_13.100,5.984224283097361
2932,x14_13.200,5.981384899036942
2933,x14_13.300,5.945925896762938
2934,x14_13.400,5.877845647017575
2935,x14_13.500,5.777595705544856
2936,x14_13.600,5.646135703090568
2937,x14_13.700,5.4849803645067166
2938,x14_13.800,5.296234631198788
2939,x14_13.900,5.082612925074527
2940,x14_14.000,4.847438898133211
2941,x14_14.100,4.594622585201915
2942,x14_14.200,4.3286126431074745
2943,x14_14.300,4.054322297030056
2944,x14_14.400,3.777028737082477
2945,x14_14.500,3.502246881631124
2946,x14_14.600,3.235579746026004
2947,x14_14.700,2.982548891637758
2948,x14_14.800,2.7484104092290744
2949,x14_14.900,2.5379630193652036
2950,x14_15.000,2.3553571573497405
2951,x14_15.100,2.2039156281147707
2952,x14_15.200,2.0859783686437923
2953,x14_15.300,2.0027845451033963
2954,x14_15.400,1.9544059308707191
2955,x14_15.500,1.939743384225488
2956,x14_15.600,1.9565946088188717
2957,x14_15.700,2.001795210364394
2958,x14_15.800,2.071427049368498
2959,x14_15.900,2.1610790094352863
2960,x14_16.000,2.266137284578541
2961,x14_16.100,2.3820769498364975
2962,x14_16.200,2.5047254173836975
2963,x14_16.300,2.630471773976332
2964,x14_16.400,2.7564043038235826
2965,x14_16.500,2.880369202287469
2966,x14_16.600,3.0009544588754435
2967,x14_16.700,3.1174124650553217
2968,x14_16.800,3.2295404276594777
2969,x14_16.900,3.3375390492584924
2970,x14_17.000,3.441867527807522
2971,x14_17.100,3.5431082487351517
2972,x14_17.200,3.641849280912048
2973,x14_17.300,3.7385883681590033
2974,x14_17.400,3.8336591935488262
2975,x14_17.500,3.927179113047214
2976,x14_17.600,4.0190167895533975
2977,x14_17.700,4.108777590610208
2978,x14_17.800,4.195804014562419
2979,x14_17.900,4.279187870233962
2980,x14_18.000,4.35779076956574
2981,x14_18.100,4.430269800194254
2982,x14_18.200,4.495106329750538
2983,x14_18.300,4.550637175050238
2984,x14_18.400,4.595088818306659
2985,x14_18.500,4.626616803079133
2986,x14_18.600,4.6433532013825936
2987,x14_18.700,4.643465320552099
2988,x14_18.800,4.625228575559164
2989,x14_18.900,4.587115142194202
2990,x14_19.000,4.527898022297919
2991,x14_19.100,4.446767239629962
2992,x14_19.200,4.343451432737998
2993,x14_19.300,4.218334110249708
2994,x14_19.400,4.072550504222913
2995,x14_19.500,3.908048742904968
2996,x14_19.600,3.7275991203741823
2997,x14_19.700,3.5347385833893585
2998,x14_19.800,3.3336437683789
2999,x14_19.900,3.1289352516420883
3000,x15_00.000,7.895208731685271
3001,x15_00.100,7.890886513114316
3002,x15_00.200,7.895489525043929
3003,x15_00.300,7.908439596545851
3004,x15_00.400,7.929118205033646
3005,x15_00.500,7.956842696570093
3006,x15_00.600,7.990838837862457
3007,x15_00.700,8.030210082182768
3008,x15_00.800,8.073904051763256
3009,x15_00.900,8.120676959050167
3010,x15_01.000,8.169057053915054
3011,x15_01.100,8.217308652949468
3012,x15_01.200,8.263398926955865
3013,x15_01.300,8.304970373423863
3014,x15_01.400,8.339322751133064
3015,x15_01.500,8.363409176322994
3016,x15_01.600,8.373851938218877
3017,x15_01.700,8.36698442290581
3018,x15_01.800,8.338925758669701
3019,x15_01.900,8.285694818241856
3020,x15_02.000,8.203369078331928
3021,x15_02.100,8.088291818858993
3022,x15_02.200,7.937327478138003
3023,x15_02.300,7.748160089289185
3024,x15_02.400,7.519623101563874
3025,x15_02.500,7.252040877643435
3026,x15_02.600,6.947553736139468
3027,x15_02.700,6.610390165610663
3028,x15_02.800,6.2470432652756855
3029,x15_02.900,5.866305326204708
3030,x15_03.000,5.479116060175148
3031,x15_03.100,5.098187349931817
3032,x15_03.200,4.737381132990343
3033,x15_03.300,4.410835913885373
3034,x15_03.400,4.131860428925117
3035,x15_03.500,3.9116395833060302
3036,x15_03.600,3.757828439056092
3037,x15_03.700,3.673147779656487
3038,x15_03.800,3.6541411626182048
3039,x15_03.900,3.69030414985336
3040,x15_04.000,3.763836157170047
3041,x15_04.100,3.850265469229937
3042,x15_04.200,3.920126910772534
3043,x15_04.300,3.9417112659501017
3044,x15_04.400,3.884670721860628
3045,x15_04.500,3.724008745454261
3046,x15_04.600,3.443781082863076
3047,x15_04.700,3.039765275715016
3048,x15_04.800,2.520466861924062
3049,x15_04.900,1.9061288159676064
3050,x15_05.000,1.2258466777495056
3051,x15_05.100,0.5133532636164925
3052,x15_05.200,-0.1976283912755128
3053,x15_05.300,-0.8774898144944705
3054,x15_05.400,-1.5035459850187738
3055,x15_05.500,-2.061218160380272
3056,x15_05.600,-2.543709889654241
3057,x15_05.700,-2.950611017462584
3058,x15_05.800,-3.285978870015691
3059,x15_05.900,-3.556383743168097
3060,x15_06.000,-3.769242262946387
3061,x15_06.100,-3.931570357031556
3062,x15_06.200,-4.0491277133823536
3063,x15_06.300,-4.125841331970536
3064,x15_06.400,-4.1634109495242955
3065,x15_06.500,-4.161093235251357
3066,x15_06.600,-4.115769696372429
3067,x15_06.700,-4.022440770730633
3068,x15_06.800,-3.8752061555012216
3069,x15_06.900,-3.668616313787101
3070,x15_07.000,-3.399107191357728
3071,x15_07.100,-3.066160284395937
3072,x15_07.200,-2.672905722802958
3073,x15_07.300,-2.22606300025735
3074,x15_07.400,-1.7353032842593366
3075,x15_07.500,-1.212240922044026
3076,x15_07.600,-0.6692956182969725
3077,x15_07.700,-0.1186294000409897
3078,x15_07.800,0.4287055961202727
3079,x15_07.900,0.9633410275440096
3080,x15_08.000,1.4778737590813886
3081,x15_08.100,1.9668791785450617
3082,x15_08.200,2.426706172475512
3083,x15_08.300,2.855120656102686
3084,x15_08.400,3.250873113493323
3085,x15_08.500,3.6132648517891615
3086,x15_08.600,3.9417782528797463
3087,x15_08.700,4.235819157724483
3088,x15_08.800,4.494598199856541
3089,x15_08.900,4.717155672054739
3090,x15_09.000,4.902513989826284
3091,x15_09.100,5.049925066340388
3092,x15_09.200,5.159167730027003
3093,x15_09.300,5.2308438857693105
3094,x15_09.400,5.266622161955403
3095,x15_09.500,5.269385090743484
3096,x15_09.600,5.243250156859205
3097,x15_09.700,5.193454573780458
3098,x15_09.800,5.126114858084344
3099,x15_09.900,5.047891243750069
3100,x15_10.000,4.96559941788288
3101,x15_10.100,4.885815911557474
3102,x15_10.200,4.814519169390968
3103,x15_10.300,4.756796818433638
3104,x15_10.400,4.716636038414026
3105,x15_10.500,4.6968001740123215
3106,x15_10.600,4.698783637956665
3107,x15_10.700,4.722831126599988
3108,x15_10.800,4.768004708421046
3109,x15_10.900,4.832283636974487
3110,x15_11.000,4.912684917598247
3111,x15_11.100,5.005396497765219
3112,x15_11.200,5.1059182606497755
3113,x15_11.300,5.209208392154853
3114,x15_11.400,5.309833801063731
3115,x15_11.500,5.402123710695777
3116,x15_11.600,5.480325322489477
3117,x15_11.700,5.538760433389926
3118,x15_11.800,5.571981488224175
3119,x15_11.900,5.5749259344287205
3120,x15_12.000,5.543067306955425
3121,x15_12.100,5.472561106603485
3122,x15_12.200,5.360382879126895
3123,x15_12.300,5.2044544514484565
3124,x15_12.400,5.00375285583542
3125,x15_12.500,4.758395052648168
3126,x15_12.600,4.469690719980022
3127,x15_12.700,4.140155315963408
3128,x15_12.800,3.773476944479906
3129,x15_12.900,3.374433072131593
3130,x15_13.000,2.9487566995720607
3131,x15_13.100,2.502956129014954
3132,x15_13.200,2.044096443477556
3133,x15_13.300,1.5795546521007384
3134,x15_13.400,1.116762744604643
3135,x15_13.500,0.6629535809364674
3136,x15_13.600,0.2249239117219562
3137,x15_13.700,-0.1911738069624973
3138,x15_13.800,-0.5800015994297316
3139,x15_13.900,-0.9371627261755108
3140,x15_14.000,-1.2592826852844436
3141,x15_14.100,-1.5440448513764031
3142,x15_14.200,-1.7901832610058337
3143,x15_14.300,-1.997436408820378
3144,x15_14.400,-2.1664666434417694
3145,x15_14.500,-2.29875007738171
3146,x15_14.600,-2.3964420069063066
3147,x15_14.700,-2.462222899974394
3148,x15_14.800,-2.4991306180012938
3149,x15_14.900,-2.510385143789318
3150,x15_15.000,-2.499213488716044
3151,x15_15.100,-2.46868379207643
3152,x15_15.200,-2.421559010526819
3153,x15_15.300,-2.360180549870878
3154,x15_15.400,-2.286391775895109
3155,x15_15.500,-2.2015082320134396
3156,x15_15.600,-2.1063370070290377
3157,x15_15.700,-2.00124191492387
3158,x15_15.800,-1.8862450713001415
3159,x15_15.900,-1.7611503407904725
3160,x15_16.000,-1.6256712610661102
3161,x15_16.100,-1.479546186553546
3162,x15_16.200,-1.322626638368074
3163,x15_16.300,-1.154930476982036
3164,x15_16.400,-0.9766582818426348
3165,x15_16.500,-0.788177605036797
3166,x15_16.600,-0.5899843826125224
3167,x15_16.700,-0.3826529892053098
3168,x15_16.800,-0.1667861424728327
3169,x15_16.900,0.0570263505250245
3170,x15_17.000,0.2882343322120171
3171,x15_17.100,0.5263374168914935
3172,x15_17.200,0.7708794974122488
3173,x15_17.300,1.0214308546290702
3174,x15_17.400,1.277562273084044
3175,x15_17.500,1.5388157859481366
3176,x15_17.600,1.8046761460165912
3177,x15_17.700,2.074546131988428
3178,x15_17.800,2.347727626095754
3179,x15_17.900,2.6234092864690184
3180,x15_18.000,2.900660768014237
3181,x15_18.100,3.178432827367621
3182,x15_18.200,3.4555625000560948
3183,x15_18.300,3.730782523047205
3184,x15_18.400,4.00273440839126
3185,x15_18.500,4.269985045436957
3186,x15_18.600,4.531046981245366
3187,x15_18.700,4.7844027896580075
3188,x15_18.800,5.0285341905779966
3189,x15_18.900,5.26195641734892
3190,x15_19.000,5.483258054834587
3191,x15_19.100,5.691145939028917
3192,x15_19.200,5.884493946886334
3193,x15_19.300,6.062393241818836
3194,x15_19.400,6.2242004461685045
3195,x15_19.500,6.369579076897134
3196,x15_19.600,6.498528938787627
3197,x15_19.700,6.611398263433914
3198,x15_19.800,6.7088745961568
3199,x15_19.900,6.79195264955593
3200,x16_00.000,8.60076292642205
3201,x16_00.100,8.707474977908134
3202,x16_00.200,8.812460723784916
3203,x16_00.300,8.915729868327775
3204,x16_00.400,9.016979179817548
3205,x16_00.500,9.115589532690894
3206,x16_00.600,9.210623243218166
3207,x16_00.700,9.300824294596316
3208,x16_00.800,9.384624489270314
3209,x16_00.900,9.460158959388528
3210,x16_01.000,9.525294806736817
3211,x16_01.100,9.577676754004807
3212,x16_01.200,9.614793517880184
3213,x16_01.300,9.634067998551751
3214,x16_01.400,9.632973177557624
3215,x16_01.500,9.60917375025287
3216,x16_01.600,9.560690887764578
3217,x16_01.700,9.486084300277088
3218,x16_01.800,9.384641816375762
3219,x16_01.900,9.25656284516639
3220,x16_02.000,9.103118313897578
3221,x16_02.100,8.926766991187755
3222,x16_02.200,8.73120719072506
3223,x16_02.300,8.521344430062003
3224,x16_02.400,8.303160300997332
3225,x16_02.500,8.083476153240861
3226,x16_02.600,7.869617073586267
3227,x16_02.700,7.6689961710091055
3228,x16_02.800,7.488655426051012
3229,x16_02.900,7.3348149946571395
3230,x16_03.000,7.212494403620465
3231,x16_03.100,7.125273243326045
3232,x16_03.200,7.075251382087759
3233,x16_03.300,7.0632455955264835
3234,x16_03.400,7.089219890356954
3235,x16_03.500,7.152893044762693
3236,x16_03.600,7.254407267147107
3237,x16_03.700,7.39489031240266
3238,x16_03.800,7.576718284232784
3239,x16_03.900,7.803306355381305
3240,x16_04.000,8.078331897935369
3241,x16_04.100,8.404426260332434
3242,x16_04.200,8.78153284358452
3243,x16_04.300,9.205273774134769
3244,x16_04.400,9.665739249216234
3245,x16_04.500,10.14707113815924
3246,x16_04.600,10.628051736225473
3247,x16_04.700,11.08367351289814
3248,x16_04.800,11.487431448088213
3249,x16_04.900,11.813920618391752
3250,x16_05.000,12.041281586273817
3251,x16_05.100,12.15311032354094
3252,x16_05.200,12.139596982319288
3253,x16_05.300,11.997824088032573
3254,x16_05.400,11.731297397593528
3255,x16_05.500,11.348883471959716
3256,x16_05.600,10.8633866661121
3257,x16_05.700,10.290020299255636
3258,x16_05.800,9.645009414281644
3259,x16_05.900,8.944506193520388
3260,x16_06.000,8.203911212733738
3261,x16_06.100,7.437596666597068
3262,x16_06.200,6.6589494563048905
3263,x16_06.300,5.880607859898636
3264,x16_06.400,5.114756086693195
3265,x16_06.500,4.373350901416823
3266,x16_06.600,3.668172459375537
3267,x16_06.700,3.0106215609614293
3268,x16_06.800,2.4112414631514447
3269,x16_06.900,1.879030965011132
3270,x16_07.000,1.4207124518605363
3271,x16_07.100,1.0401770189945572
3272,x16_07.200,0.7383043540673498
3273,x16_07.300,0.51324814204512
3274,x16_07.400,0.3611328351722506
3275,x16_07.500,0.2769899429572134
3276,x16_07.600,0.2557142602451592
3277,x16_07.700,0.2928481351495896
3278,x16_07.800,0.38507691777566
3279,x16_07.900,0.5304049033716465
3280,x16_08.000,0.7280493388236129
3281,x16_08.100,0.978128171894364
3282,x16_08.200,1.2812252234731716
3283,x16_08.300,1.637904141090035
3284,x16_08.400,2.048221069172892
3285,x16_08.500,2.511266356873294
3286,x16_08.600,3.024754145019307
3287,x16_08.700,3.584678047674821
3288,x16_08.800,4.185058765375768
3289,x16_08.900,4.817819680528384
3290,x16_09.000,5.472831420565472
3291,x16_09.100,6.138159866300176
3292,x16_09.200,6.800529305408623
3293,x16_09.300,7.44597670894356
3294,x16_09.400,8.060631878772753
3295,x16_09.500,8.631524881343683
3296,x16_09.600,9.147307873766282
3297,x16_09.700,9.598790769432606
3298,x16_09.800,9.979225562915529
3299,x16_09.900,10.284322244506
3300,x16_10.000,10.512027075075991
3301,x16_10.100,10.662129063096485
3302,x16_10.200,10.735777603311236
3303,x16_10.300,10.734993190208504
3304,x16_10.400,10.662238872416388
3305,x16_10.500,10.52009850327297
3306,x16_10.600,10.311083725187853
3307,x16_10.700,10.037569883160582
3308,x16_10.800,9.701842758365087
3309,x16_10.900,9.306225457900076
3310,x16_11.000,8.853247924082671
3311,x16_11.100,8.345821386450488
3312,x16_11.200,7.787385862922587
3313,x16_11.300,7.182009411350685
3314,x16_11.400,6.534431038182857
3315,x16_11.500,5.850051735168056
3316,x16_11.600,5.134887569152465
3317,x16_11.700,4.395502721424479
3318,x16_11.800,3.6389392188577503
3319,x16_11.900,2.8726537354530945
3320,x16_12.000,2.10446372363849
3321,x16_12.100,1.3424966971561174
3322,x16_12.200,0.5951297987197515
3323,x16_12.300,-0.1290959198181811
3324,x16_12.400,-0.8216010241022228
3325,x16_12.500,-1.4739422621070453
3326,x16_12.600,-2.078037621645571
3327,x16_12.700,-2.6264327875516367
3328,x16_12.800,-3.112590568709114
3329,x16_12.900,-3.531177004142345
3330,x16_13.000,-3.87831417037268
3331,x16_13.100,-4.151770603196274
3332,x16_13.200,-4.351066769558054
3333,x16_13.300,-4.477482686263646
3334,x16_13.400,-4.53396672729154
3335,x16_13.500,-4.524955881978829
3336,x16_13.600,-4.456126510834157
3337,x16_13.700,-4.334099221479788
3338,x16_13.800,-4.166122765585506
3339,x16_13.900,-3.959759408180671
3340,x16_14.000,-3.722590053478507
3341,x16_14.100,-3.4619525970818947
3342,x16_14.200,-3.184722314701463
3343,x16_14.300,-2.8971392326876506
3344,x16_14.400,-2.604684472178237
3345,x16_14.500,-2.312005160780858
3346,x16_14.600,-2.022885621307974
3347,x16_14.700,-1.7402607681642022
3348,x16_14.800,-1.4662663997979348
3349,x16_14.900,-1.20231937417473
3350,x16_15.000,-0.9492199945099042
3351,x16_15.100,-0.7072683247512064
3352,x16_15.200,-0.4763862701835202
3353,x16_15.300,-0.2562378605360569
3354,x16_15.400,-0.046341352570153
3355,x16_15.500,0.1538319899428658
3356,x16_15.600,0.3447761223828941
3357,x16_15.700,0.5268878338673163
3358,x16_15.800,0.7004249236546096
3359,x16_15.900,0.8654849554069307
3360,x16_16.000,1.022003386963428
3361,x16_16.100,1.1697685708066563
3362,x16_16.200,1.3084498381184595
3363,x16_16.300,1.4376338116157168
3364,x16_16.400,1.5568635756695512
3365,x16_16.500,1.6656755616382224
3366,x16_16.600,1.763629929584257
3367,x16_16.700,1.850331789850171
3368,x16_16.800,1.92544235810944
3369,x16_16.900,1.9886807673984128
3370,x16_17.000,2.0398184670445856
3371,x16_17.100,2.0786688218105818
3372,x16_17.200,2.1050746923478023
3373,x16_17.300,2.1188965686477843
3374,x16_17.400,2.1200033933915425
3375,x16_17.500,2.108267680638294
3376,x16_17.600,2.0835659964136597
3377,x16_17.700,2.045785368874423
3378,x16_17.800,1.9948357562121928
3379,x16_17.900,1.9306683318939275
3380,x16_18.000,1.8532990486312633
3381,x16_18.100,1.7628366867530805
3382,x16_18.200,1.6595143780724055
3383,x16_18.300,1.5437233430101307
3384,x16_18.400,1.4160473244560765
3385,x16_18.500,1.277295829815989
3386,x16_18.600,1.1285338966759084
3387,x16_18.700,0.971105717768066
3388,x16_18.800,0.8066490238448074
3389,x16_18.900,0.6370969458556183
3390,x16_19.000,0.4646641191461781
3391,x16_19.100,0.2918143266152329
3392,x16_19.200,0.1212078139442897
3393,x16_19.300,-0.0443717707950904
3394,x16_19.400,-0.202108879869115
3395,x16_19.500,-0.3492615338175499
3396,x16_19.600,-0.4832738925111062
3397,x16_19.700,-0.6018868317202364
3398,x16_19.800,-0.7032367840696894
3399,x16_19.900,-0.7859331472653353
3400,x17_00.000,8.536539854160456
3401,x17_00.100,8.64568720747855
3402,x17_00.200,8.749623830880768
3403,x17_00.300,8.845707324727737
3404,x17_00.400,8.931158297787187
3405,x17_00.500,9.00309119349506
3406,x17_00.600,9.058563577823652
3407,x17_00.700,9.094645826446389
3408,x17_00.800,9.108512017914672
3409,x17_00.900,9.097551253009843
3410,x17_01.000,9.059496642396276
3411,x17_01.100,8.992566800877407
3412,x17_01.200,8.895612137674021
3413,x17_01.300,8.768255755108692
3414,x17_01.400,8.61101673753291
3415,x17_01.500,8.425402469056872
3416,x17_01.600,8.213956772863868
3417,x17_01.700,7.980252400279157
3418,x17_01.800,7.728820048294005
3419,x17_01.900,7.465011317869891
3420,x17_02.000,7.194799735855272
3421,x17_02.100,6.924531130163174
3422,x17_02.200,6.660641826378457
3423,x17_02.300,6.409368294744339
3424,x17_02.400,6.176474712816568
3425,x17_02.500,5.967024093604365
3426,x17_02.600,5.7852136586178435
3427,x17_02.700,5.634286150619021
3428,x17_02.800,5.516517343342138
3429,x17_02.900,5.433267860009262
3430,x17_03.000,5.385077539177917
3431,x17_03.100,5.371776171512996
3432,x17_03.200,5.392587517228526
3433,x17_03.300,5.446214425903713
3434,x17_03.400,5.530909219950763
3435,x17_03.500,5.6445501860491705
3436,x17_03.600,5.7847559697164685
3437,x17_03.700,5.949070062981299
3438,x17_03.800,6.135236278001427
3439,x17_03.900,6.341566538798164
3440,x17_04.000,6.567380099065998
3441,x17_04.100,6.813472299269738
3442,x17_04.200,7.082549355124872
3443,x17_04.300,7.379536976981366
3444,x17_04.400,7.711632190022187
3445,x17_04.500,8.087932181262644
3446,x17_04.600,8.518475410941562
3447,x17_04.700,9.012610594568306
3448,x17_04.800,9.57679026354896
3449,x17_04.900,10.212136687095594
3450,x17_05.000,10.912357570364874
3451,x17_05.100,11.662677208283878
3452,x17_05.200,12.440307790712287
3453,x17_05.300,13.21661896400409
3454,x17_05.400,13.960682815446637
3455,x17_05.500,14.643454229202192
3456,x17_05.600,15.241654817634126
3457,x17_05.700,15.740528626942256
3458,x17_05.800,16.134982458708734
3459,x17_05.900,16.429064383232365
3460,x17_06.000,16.634116093165094
3461,x17_06.100,16.76615054684372
3462,x17_06.200,16.843038022927185
3463,x17_06.300,16.88197842862562
3464,x17_06.400,16.897574927204445
3465,x17_06.500,16.9006623917726
3466,x17_06.600,16.897913810271106
3467,x17_06.700,16.89214855389605
3468,x17_06.800,16.883185189802116
3469,x17_06.900,16.869016597651903
3470,x17_07.000,16.847049239889365
3471,x17_07.100,16.815161305986724
3472,x17_07.200,16.772404146736974
3473,x17_07.300,16.719279447733683
3474,x17_07.400,16.657633466702915
3475,x17_07.500,16.590281983641763
3476,x17_07.600,16.52049895644103
3477,x17_07.700,16.45147634686276
3478,x17_07.800,16.385816281078316
3479,x17_07.900,16.325073561023366
3480,x17_08.000,16.269341702950964
3481,x17_08.100,16.216871686745673
3482,x17_08.200,16.163725218691336
3483,x17_08.300,16.10348490800541
3484,x17_08.400,16.02706575997064
3485,x17_08.500,15.922689349623305
3486,x17_08.600,15.77609102236139
3487,x17_08.700,15.571025047972007
3488,x17_08.800,15.2901095597157
3489,x17_08.900,14.916006223890813
3490,x17_09.000,14.432861067070672
3491,x17_09.100,13.827854750826312
3492,x17_09.200,13.092641601195323
3493,x17_09.300,12.224430235534888
3494,x17_09.400,11.226494863140053
3495,x17_09.500,10.108009455167563
3496,x17_09.600,8.883241171298708
3497,x17_09.700,7.570278686396057
3498,x17_09.800,6.1895583491356385
3499,x17_09.900,4.762462633534072
3500,x17_10.000,3.3102042547952037
3501,x17_10.100,1.8531054797483777
3502,x17_10.200,0.4102720270953296
3503,x17_10.300,-1.0004295797558964
3504,x17_10.400,-2.3622340934791737
3505,x17_10.500,-3.659335425727803
3506,x17_10.600,-4.876876585539021
3507,x17_10.700,-6.001157759536935
3508,x17_10.800,-7.020083232727024
3509,x17_10.900,-7.923794404643482
3510,x17_11.000,-8.705373872539603
3511,x17_11.100,-9.361466944873811
3512,x17_11.200,-9.892666865044731
3513,x17_11.300,-10.30354974756547
3514,x17_11.400,-10.602314995472828
3515,x17_11.500,-10.800067108574346
3516,x17_11.600,-10.909842491474546
3517,x17_11.700,-10.945523285783056
3518,x17_11.800,-10.920785294957073
3519,x17_11.900,-10.848201069223125
3520,x17_12.000,-10.7385789369243
3521,x17_12.100,-10.600573625641772
3522,x17_12.200,-10.440564939068274
3523,x17_12.300,-10.262773574646904
3524,x17_12.400,-10.069565976495548
3525,x17_12.500,-9.86189167034394
3526,x17_12.600,-9.63979348799955
3527,x17_12.700,-9.402931788940728
3528,x17_12.800,-9.151067157164512
3529,x17_12.900,-8.884453200070123
3530,x17_13.000,-8.604102636275105
3531,x17_13.100,-8.31190608690222
3532,x17_13.200,-8.01060253872807
3533,x17_13.300,-7.703620375030194
3534,x17_13.400,-7.394824573593462
3535,x17_13.500,-7.088215697956231
3536,x17_13.600,-6.787628053602515
3537,x17_13.700,-6.496467606392923
3538,x17_13.800,-6.21751821227271
3539,x17_13.900,-5.952829496879029
3540,x17_14.000,-5.703685596086934
3541,x17_14.100,-5.4706430262403885
3542,x17_14.200,-5.2536194071473785
3543,x17_14.300,-5.052012653464109
3544,x17_14.400,-4.864831661784427
3545,x17_14.500,-4.690823162830429
3546,x17_14.600,-4.52858407380074
3547,x17_14.700,-4.37665338326624
3548,x17_14.800,-4.233581486706812
3549,x17_14.900,-4.097978091325855
3550,x17_15.000,-3.968541699538892
3551,x17_15.100,-3.8440748029190535
3552,x17_15.200,-3.723489143399128
3553,x17_15.300,-3.605805283525531
3554,x17_15.400,-3.4901498424974484
3555,x17_15.500,-3.3757529940353126
3556,x17_15.600,-3.2619477550377383
3557,x17_15.700,-3.148171592855549
3558,x17_15.800,-3.033969998336001
3559,x17_15.900,-2.919001000606154
3560,x17_16.000,-2.80303921415417
3561,x17_16.100,-2.6859779512983395
3562,x17_16.200,-2.567828170884829
3563,x17_16.300,-2.4487135060361345
3564,x17_16.400,-2.3288612184030573
3565,x17_16.500,-2.2085894779464215
3566,x17_16.600,-2.088291809844533
3567,x17_16.700,-1.9684197589096264
3568,x17_16.800,-1.8494648139146368
3569,x17_16.900,-1.731940443785729
3570,x17_17.000,-1.6163648195051057
3571,x17_17.100,-1.5032444957400388
3572,x17_17.200,-1.393059093927735
3573,x17_17.300,-1.2862468898417845
3574,x17_17.400,-1.1831911806405075
3575,x17_17.500,-1.0842073598169046
3576,x17_17.600,-0.9895307514655396
3577,x17_17.700,-0.8993053974162075
3578,x17_17.800,-0.8135741420609097
3579,x17_17.900,-0.7322704855063085
3580,x17_18.000,-0.6552127734184532
3581,x17_18.100,-0.5821013434050196
3582,x17_18.200,-0.5125192707049734
3583,x17_18.300,-0.4459373260558139
3584,x17_18.400,-0.3817236571708406
3585,x17_18.500,-0.3191586144122529
3586,x17_18.600,-0.25745491228504
3587,x17_18.700,-0.1957830134378516
3588,x17_18.800,-0.133301316100534
3589,x17_18.900,-0.0691902284030414
3590,x17_19.000,-0.0026887196304452
3591,x17_19.100,0.0668686123502838
3592,x17_19.200,0.1400163341477626
3593,x17_19.300,0.2171276218367225
3594,x17_19.400,0.2983911528730449
3595,x17_19.500,0.3837979832057722
3596,x17_19.600,0.4731402604477691
3597,x17_19.700,0.5660225537693292
3598,x17_19.800,0.6618852578783212
3599,x17_19.900,0.7600381575584977
3600,x18_00.000,9.24712380621729
3601,x18_00.100,9.193524185708291
3602,x18_00.200,9.120559815019
3603,x18_00.300,9.026661967022456
3604,x18_00.400,8.91050163445452
3605,x18_00.500,8.771113119182726
3606,x18_00.600,8.60801692378694
3607,x18_00.700,8.421334195789361
3608,x18_00.800,8.211883554141371
3609,x18_00.900,7.981250465900942
3610,x18_01.000,7.731819643560679
3611,x18_01.100,7.466762472120237
3612,x18_01.200,7.18997428310024
3613,x18_01.300,6.905960278111984
3614,x18_01.400,6.619673778315345
3615,x18_01.500,6.336315666509084
3616,x18_01.600,6.061108809576408
3617,x18_01.700,5.799064872506733
3618,x18_01.800,5.554763277880778
3619,x18_01.900,5.332161519931572
3620,x18_02.000,5.134453616771335
3621,x18_02.100,4.963988468507201
3622,x18_02.200,4.82225345121123
3623,x18_02.300,4.709921077377812
3624,x18_02.400,4.626949764394315
3625,x18_02.500,4.572724221397106
3626,x18_02.600,4.546217972602562
3627,x18_02.700,4.5461602560271555
3628,x18_02.800,4.571191864576767
3629,x18_02.900,4.619998366105418
3630,x18_03.000,4.691413365622143
3631,x18_03.100,4.784487526386229
3632,x18_03.200,4.898520045869889
3633,x18_03.300,5.033048142264824
3634,x18_03.400,5.187787628794483
3635,x18_03.500,5.362515594919512
3636,x18_03.600,5.556886724970432
3637,x18_03.700,5.77017984649846
3638,x18_03.800,6.000981839803427
3639,x18_03.900,6.24683103126141
3640,x18_04.000,6.503857994895762
3641,x18_04.100,6.766472248502689
3642,x18_04.200,7.0271420906532205
3643,x18_04.300,7.276297754200386
3644,x18_04.400,7.502358135286001
3645,x18_04.500,7.691851704725456
3646,x18_04.600,7.829593555229008
3647,x18_04.700,7.898914488738941
3648,x18_04.800,7.88201857509324
3649,x18_04.900,7.7606457139696925
3650,x18_05.000,7.517275568544489
3651,x18_05.100,7.1370569432460105
3652,x18_05.200,6.610442311149807
3653,x18_05.300,5.936184074377716
3654,x18_05.400,5.124027903556055
3655,x18_05.500,4.196286895293149
3656,x18_05.600,3.187623622560804
3657,x18_05.700,2.142802037269832
3658,x18_05.800,1.1127354288735531
3659,x18_05.900,0.1496157762187794
3660,x18_06.000,-0.6979175438559377
3661,x18_06.100,-1.3887582689474969
3662,x18_06.200,-1.892002846198691
3663,x18_06.300,-2.1882432805020327
3664,x18_06.400,-2.269709977132626
3665,x18_06.500,-2.1396279196730177
3666,x18_06.600,-1.8111352239945568
3667,x18_06.700,-1.3060022798305653
3668,x18_06.800,-0.653250059060209
3669,x18_06.900,0.1123415742668919
3670,x18_07.000,0.9518852591598538
3671,x18_07.100,1.8242129542483971
3672,x18_07.200,2.6878203291126113
3673,x18_07.300,3.50279750065122
3674,x18_07.400,4.232581647511128
3675,x18_07.500,4.845386266147038
3676,x18_07.600,5.315214272309509
3677,x18_07.700,5.622430741677755
3678,x18_07.800,5.753928845850863
3679,x18_07.900,5.702963906433427
3680,x18_08.000,5.468753587115975
3681,x18_08.100,5.05595142240277
3682,x18_08.200,4.474095700312946
3683,x18_08.300,3.737117535746502
3684,x18_08.400,2.862956290907043
3685,x18_08.500,1.8732816386644524
3686,x18_08.600,0.7932586800342822
3687,x18_08.700,-0.3487670359550397
3688,x18_08.800,-1.5218303967487223
3689,x18_08.900,-2.693316647314126
3690,x18_09.000,-3.8304363911640142
3691,x18_09.100,-4.902167375475758
3692,x18_09.200,-5.8814439205844025
3693,x18_09.300,-6.747214337973628
3694,x18_09.400,-7.485916442739472
3695,x18_09.500,-8.091995241967867
3696,x18_09.600,-8.567295429702869
3697,x18_09.700,-8.919434073211784
3698,x18_09.800,-9.15949267576644
3699,x18_09.900,-9.299488270332
3700,x18_10.000,-9.350070715099331
3701,x18_10.100,-9.318786060631806
3702,x18_10.200,-9.209104369746294
3703,x18_10.300,-9.020280118413892
3704,x18_10.400,-8.74801623554562
3705,x18_10.500,-8.385827688081461
3706,x18_10.600,-7.92693271544522
3707,x18_10.700,-7.366427141340736
3708,x18_10.800,-6.70342860774848
3709,x18_10.900,-5.942837599449516
3710,x18_11.000,-5.096384554365957
3711,x18_11.100,-4.182734542591582
3712,x18_11.200,-3.226594942720612
3713,x18_11.300,-2.2569722326050288
3714,x18_11.400,-1.3048921813204617
3715,x18_11.500,-0.4009801296827127
3716,x18_11.600,0.4267229562135124
3717,x18_11.700,1.1544399210435563
3718,x18_11.800,1.7637086643260202
3719,x18_11.900,2.2418223971169633
3720,x18_12.000,2.581771761014984
3721,x18_12.100,2.781846697986945
3722,x18_12.200,2.845052767229393
3723,x18_12.300,2.778461453987472
3724,x18_12.400,2.592566268814997
3725,x18_12.500,2.300670796127557
3726,x18_12.600,1.9183004049412704
3727,x18_12.700,1.462613385429253
3728,x18_12.800,0.9517869952075424
3729,x18_12.900,0.4043681028225439
3730,x18_13.000,-0.161400729733093
3731,x18_13.100,-0.7282460910716982
3732,x18_13.200,-1.2804719661718065
3733,x18_13.300,-1.804458949383406
3734,x18_13.400,-2.289011054152762
3735,x18_13.500,-2.7255257819936056
3736,x18_13.600,-3.1079867704964226
3737,x18_13.700,-3.432801665396738
3738,x18_13.800,-3.69852366615562
3739,x18_13.900,-3.905503294710767
3740,x18_14.000,-4.055515372716763
3741,x18_14.100,-4.151398189058219
3742,x18_14.200,-4.196730358345937
3743,x18_14.300,-4.195558982371931
3744,x18_14.400,-4.152182748941282
3745,x18_14.500,-4.070986558400798
3746,x18_14.600,-3.956320350406369
3747,x18_14.700,-3.812413314105259
3748,x18_14.800,-3.643315411654067
3749,x18_14.900,-3.452859010365893
3750,x18_15.000,-3.244635375315197
3751,x18_15.100,-3.0219820889372304
3752,x18_15.200,-2.787978806299833
3753,x18_15.300,-2.545449060449374
3754,x18_15.400,-2.2969668509247207
3755,x18_15.500,-2.04486656054503
3756,x18_15.600,-1.791254989638699
3757,x18_15.700,-1.538024379738973
3758,x18_15.800,-1.286865409938275
3759,x18_15.900,-1.0392793314293247
3760,x18_16.000,-0.7965886579269408
3761,x18_16.100,-0.5599461065028676
3762,x18_16.200,-0.3303417875672019
3763,x18_16.300,-0.1086089801483079
3764,x18_16.400,0.1045710221933911
3765,x18_16.500,0.3086643650972743
3766,x18_16.600,0.5032797014212118
3767,x18_16.700,0.6881623320888083
3768,x18_16.800,0.86318702048235
3769,x18_16.900,1.028349290999167
3770,x18_17.000,1.1837552186869815
3771,x18_17.100,1.3296098898996955
3772,x18_17.200,1.46620483030372
3773,x18_17.300,1.5939047631479897
3774,x18_17.400,1.7131340886580713
3775,x18_17.500,1.824363465694578
3776,x18_17.600,1.9280968619853025
3777,x18_17.700,2.02485940750177
3778,x18_17.800,2.1151863674558897
3779,x18_17.900,2.1996135292625554
3780,x18_18.000,2.278669271661614
3781,x18_18.100,2.352868596414245
3782,x18_18.200,2.4227093115779947
3783,x18_18.300,2.488670552776665
3784,x18_18.400,2.551213737535648
3785,x18_18.500,2.61078588156622
3786,x18_18.600,2.667825084463389
3787,x18_18.700,2.722767784563821
3788,x18_18.800,2.776057125024998
3789,x18_18.900,2.8281515759471207
3790,x18_19.000,2.879532754748989
3791,x18_19.100,2.93071129011368
3792,x18_19.200,2.98222955929132
3793,x18_19.300,3.034660355357135
3794,x18_19.400,3.0886008683620148
3795,x18_19.500,3.1446618970123508
3796,x18_19.600,3.203452806393017
3797,x18_19.700,3.265563419434026
3798,x18_19.800,3.3315444527434113
3799,x18_19.900,3.401888447509247
3800,x19_00.000,8.22584623284521
3801,x19_00.100,8.116759826236684
3802,x19_00.200,7.989796980157298
3803,x19_00.300,7.846656486789622
3804,x19_00.400,7.689660100007244
3805,x19_00.500,7.52171720866749
3806,x19_00.600,7.346257343087538
3807,x19_00.700,7.167130165485122
3808,x19_00.800,6.988475752021125
3809,x19_00.900,6.8145714087432685
3810,x19_01.000,6.64966441956353
3811,x19_01.100,6.497802732098469
3812,x19_01.200,6.362677020246145
3813,x19_01.300,6.2474875462877115
3814,x19_01.400,6.154847586463997
3815,x19_01.500,6.086731874724386
3816,x19_01.600,6.044473948517918
3817,x19_01.700,6.028810859200467
3818,x19_01.800,6.039968524927642
3819,x19_01.900,6.077776362255094
3820,x19_02.000,6.141797008558496
3821,x19_02.100,6.23145603675883
3822,x19_02.200,6.346157738427713
3823,x19_02.300,6.485376005877408
3824,x19_02.400,6.648713215446694
3825,x19_02.500,6.835923911313931
3826,x19_02.600,7.046903202266446
3827,x19_02.700,7.281641566528657
3828,x19_02.800,7.54014812034908
3829,x19_02.900,7.822343745485646
3830,x19_03.000,8.127924367902766
3831,x19_03.100,8.456193807193305
3832,x19_03.200,8.805865446950742
3833,x19_03.300,9.174832769137504
3834,x19_03.400,9.559910681130384
3835,x19_03.500,9.956552879485406
3836,x19_03.600,10.358555879162507
3837,x19_03.700,10.757768899576668
3838,x19_03.800,11.143841368125711
3839,x19_03.900,11.504056296373657
3840,x19_04.000,11.823315312609363
3841,x19_04.100,12.08435380513646
3842,x19_04.200,12.268264638683585
3843,x19_04.300,12.3553889746459
3844,x19_04.400,12.326591988092984
3845,x19_04.500,12.16488731275579
3846,x19_04.600,11.85731890412832
3847,x19_04.700,11.396964520089211
3848,x19_04.800,10.78488799694002
3849,x19_04.900,10.031823611753092
3850,x19_05.000,9.15931195975012
3851,x19_05.100,8.199936119225889
3852,x19_05.200,7.196285078146473
3853,x19_05.300,6.198378115285193
3854,x19_05.400,5.259567554269704
3855,x19_05.500,4.431350151798238
3856,x19_05.600,3.757904156281691
3857,x19_05.700,3.271344481889013
3858,x19_05.800,2.9885411875117445
3859,x19_05.900,2.9099460571479305
3860,x19_06.000,3.020394090904384
3861,x19_06.100,3.2914786010590307
3862,x19_06.200,3.684924010989601
3863,x19_06.300,4.156380026720451
3864,x19_06.400,4.659156551601178
3865,x19_06.500,5.147549666069084
3866,x19_06.600,5.579542353294682
3867,x19_06.700,5.918785306446357
3868,x19_06.800,6.135873074780948
3869,x19_06.900,6.209016346959684
3870,x19_07.000,6.12426400403552
3871,x19_07.100,5.875437243645301
3872,x19_07.200,5.4639066579544995
3873,x19_07.300,4.898278389208019
3874,x19_07.400,4.193981102521147
3875,x19_07.500,3.3726858916517295
3876,x19_07.600,2.461472011004974
3877,x19_07.700,1.4916809598877891
3878,x19_07.800,0.4974724574717664
3879,x19_07.900,-0.4858186148430192
3880,x19_08.000,-1.4233545588449177
3881,x19_08.100,-2.282303376485067
3882,x19_08.200,-3.033019652121289
3883,x19_08.300,-3.649815778909233
3884,x19_08.400,-4.11135554427537
3885,x19_08.500,-4.400810611267264
3886,x19_08.600,-4.5060006677541615
3887,x19_08.700,-4.419746663336548
3888,x19_08.800,-4.140593042101671
3889,x19_08.900,-3.673895891722707
3890,x19_09.000,-3.0330655161945437
3891,x19_09.100,-2.2405603573788575
3892,x19_09.200,-1.328141453237834
3893,x19_09.300,-0.3359830822673747
3894,x19_09.400,0.6894991330139617
3895,x19_09.500,1.6988808028551463
3896,x19_09.600,2.643486514520536
3897,x19_09.700,3.4790071919889365
3898,x19_09.800,4.168408785187797
3899,x19_09.900,4.68382632629357
3900,x19_10.000,5.00744322058079
3901,x19_10.100,5.131580950832676
3902,x19_10.200,5.058309476160937
3903,x19_10.300,4.798839481655759
3904,x19_10.400,4.372822580785487
3905,x19_10.500,3.8075339481266774
3906,x19_10.600,3.136797390212938
3907,x19_10.700,2.399482344985532
3908,x19_10.800,1.637464055099452
3909,x19_10.900,0.8930834702493254
3910,x19_11.000,0.2063163402998508
3911,x19_11.100,-0.3879950701155192
3912,x19_11.200,-0.8624464189972662
3913,x19_11.300,-1.198581344684266
3914,x19_11.400,-1.3874402776879036
3915,x19_11.500,-1.429178805388087
3916,x19_11.600,-1.331947455406499
3917,x19_11.700,-1.1103094472827748
3918,x19_11.800,-0.7834767988400653
3919,x19_11.900,-0.373589791204588
3920,x19_12.000,0.095811880762831
3921,x19_12.100,0.6010526759702154
3922,x19_12.200,1.1193047873289657
3923,x19_12.300,1.6293135424263956
3924,x19_12.400,2.1119064700439893
3925,x19_12.500,2.5503338044788357
3926,x19_12.600,2.9304862308284103
3927,x19_12.700,3.2410254279306376
3928,x19_12.800,3.4734519608327994
3929,x19_12.900,3.622121699747704
3930,x19_13.000,3.684210581558915
3931,x19_13.100,3.659619467828622
3932,x19_13.200,3.550808589464708
3933,x19_13.300,3.36255394804965
3934,x19_13.400,3.101626347030423
3935,x19_13.500,2.7764043868163615
3936,x19_13.600,2.396443292415478
3937,x19_13.700,1.9720277896269551
3938,x19_13.800,1.513739721450148
3939,x19_13.900,1.0320672012358465
3940,x19_14.000,0.5370748187983002
3941,x19_14.100,0.0381453580998596
3942,x19_14.200,-0.4562053525623498
3943,x19_14.300,-0.9384456985196776
3944,x19_14.400,-1.4020870856346397
3945,x19_14.500,-1.841695606569251
3946,x19_14.600,-2.2528677142069897
3947,x19_14.700,-2.6321798805182257
3948,x19_14.800,-2.9771201606327304
3949,x19_14.900,-3.2860082586029793
3950,x19_15.000,-3.5579088601740567
3951,x19_15.100,-3.792541992528849
3952,x19_15.200,-3.990193310960197
3953,x19_15.300,-4.151626639958566
3954,x19_15.400,-4.278000525658199
3955,x19_15.500,-4.370790250748085
3956,x19_15.600,-4.431716294169253
3957,x19_15.700,-4.462679854708039
3958,x19_15.800,-4.465705682128804
3959,x19_15.900,-4.4428921482700225
3960,x19_16.000,-4.396368237110733
3961,x19_16.100,-4.32825694835606
3962,x19_16.200,-4.240644496406451
3963,x19_16.300,-4.135554783251631
3964,x19_16.400,-4.014928542606306
3965,x19_16.500,-3.880606623918507
3966,x19_16.600,-3.734317092143132
3967,x19_16.700,-3.577665750512769
3968,x19_16.800,-3.4121297938876025
3969,x19_16.900,-3.239054297868024
3970,x19_17.000,-3.059651277660707
3971,x19_17.100,-2.8750010250390376
3972,x19_17.200,-2.6860554391407225
3973,x19_17.300,-2.4936430679941655
3974,x19_17.400,-2.2984755903643244
3975,x19_17.500,-2.101155480285116
3976,x19_17.600,-1.9021846216059315
3977,x19_17.700,-1.7019736539773436
3978,x19_17.800,-1.5008518545263134
3979,x19_17.900,-1.2990773699255316
3980,x19_18.000,-1.0968476195129788
3981,x19_18.100,-0.8943097018960999
3982,x19_18.200,-0.691570613346945
3983,x19_18.300,-0.4887070989298375
3984,x19_18.400,-0.2857749393724688
3985,x19_18.500,-0.0828174640003812
3986,x19_18.600,0.1201269121758201
3987,x19_18.700,0.3230183229353123
3988,x19_18.800,0.5258104245950808
3989,x19_18.900,0.7284468237303575
3990,x19_19.000,0.9308589974103896
3991,x19_19.100,1.1329656404251782
3992,x19_19.200,1.3346732585622874
3993,x19_19.300,1.5358776929364009
3994,x19_19.400,1.7364661472622611
3995,x19_19.500,1.936319200625631
3996,x19_19.600,2.1353122524005035
3997,x19_19.700,2.3333158566441723
3998,x19_19.800,2.530194503994701
3999,x19_19.900,2.725803536423199
4000,x20_00.000,7.48236019784992
4001,x20_00.100,7.372100538842681
4002,x20_00.200,7.264085634115037
4003,x20_00.300,7.161369384642746
4004,x20_00.400,7.067020077720594
4005,x20_00.500,6.984024207193243
4006,x20_00.600,6.915195189635682
4007,x20_00.700,6.863095105183208
4008,x20_00.800,6.829976431829233
4009,x20_00.900,6.817748614063957
4010,x20_01.000,6.827971387170201
4011,x20_01.100,6.86187352153555
4012,x20_01.200,6.920392450624775
4013,x20_01.300,7.004227643931176
4014,x20_01.400,7.113898995786193
4015,x20_01.500,7.249801150404728
4016,x20_01.600,7.412245560163463
4017,x20_01.700,7.601483847056928
4018,x20_01.800,7.817708229300315
4019,x20_01.900,8.061026711469594
4020,x20_02.000,8.33141199706536
4021,x20_02.100,8.62862335392643
4022,x20_02.200,8.952100056557274
4023,x20_02.300,9.300823981116148
4024,x20_02.400,9.673148035370486
4025,x20_02.500,10.066587335224304
4026,x20_02.600,10.477571761203851
4027,x20_02.700,10.901162735123409
4028,x20_02.800,11.3307437637251
4029,x20_02.900,11.757703633087887
4030,x20_03.000,12.171142806447506
4031,x20_03.100,12.557646722097603
4032,x20_03.200,12.90118246092354
4033,x20_03.300,13.183185586056188
4034,x20_03.400,13.38290822365278
4035,x20_03.500,13.478093698997776
4036,x20_03.600,13.446023481058855
4037,x20_03.700,13.264945645769032
4038,x20_03.800,12.915840243290372
4039,x20_03.900,12.384410333084698
4040,x20_04.000,11.663116914414138
4041,x20_04.100,10.753016957271502
4042,x20_04.200,9.66513321928831
4043,x20_04.300,8.42109596599309
4044,x20_04.400,7.052854802817133
4045,x20_04.500,5.601354743256474
4046,x20_04.600,4.114189865654027
4047,x20_04.700,2.6423719409402566
4048,x20_04.800,1.236470540426999
4049,x20_04.900,-0.0575096827993393
4050,x20_05.000,-1.202057642975042
4051,x20_05.100,-2.1713742434045913
4052,x20_05.200,-2.953365613419303
4053,x20_05.300,-3.549991152049963
4054,x20_05.400,-3.9757615867114526
4055,x20_05.500,-4.254514907860673
4056,x20_05.600,-4.414991015358992
4057,x20_05.700,-4.48606640207788
4058,x20_05.800,-4.492648534170848
4059,x20_05.900,-4.4530760077533
4060,x20_06.000,-4.378448349021813
4061,x20_06.100,-4.273771773350046
4062,x20_06.200,-4.140352931524033
4063,x20_06.300,-3.9786409903517135
4064,x20_06.400,-3.7907373177981074
4065,x20_06.500,-3.581997315833626
4066,x20_06.600,-3.361440842743442
4067,x20_06.700,-3.140983111185842
4068,x20_06.800,-2.933745464765163
4069,x20_06.900,-2.7518764045731383
4070,x20_07.000,-2.604389122780489
4071,x20_07.100,-2.4954952287860026
4072,x20_07.200,-2.4237887822385433
4073,x20_07.300,-2.3824411385286015
4074,x20_07.400,-2.360351057423746
4075,x20_07.500,-2.3440104052759247
4076,x20_07.600,-2.3197307519992756
4077,x20_07.700,-2.2758475867462797
4078,x20_07.800,-2.2045630987272813
4079,x20_07.900,-2.10317949723722
4080,x20_08.000,-1.9745807491957723
4081,x20_08.100,-1.8269216191859117
4082,x20_08.200,-1.672568057856992
4083,x20_08.300,-1.5264058172891628
4084,x20_08.400,-1.403695494434949
4085,x20_08.500,-1.3177085260611108
4086,x20_08.600,-1.2774212741477622
4087,x20_08.700,-1.2855745833673111
4088,x20_08.800,-1.3374080967244502
4089,x20_08.900,-1.4203405543576493
4090,x20_09.000,-1.5147674483277946
4091,x20_09.100,-1.5959816036980876
4092,x20_09.200,-1.6370062609381864
4093,x20_09.300,-1.6119209499292242
4094,x20_09.400,-1.4991298783099083
4095,x20_09.500,-1.28402955823057
4096,x20_09.600,-0.9606785484172232
4097,x20_09.700,-0.5323053927531872
4098,x20_09.800,-0.0107242369271387
4099,x20_09.900,0.5851053268502693
4100,x20_10.000,1.2310643991443222
4101,x20_10.100,1.9001062602521812
4102,x20_10.200,2.564489124320315
4103,x20_10.300,3.197842387126915
4104,x20_10.400,3.776962232452559
4105,x20_10.500,4.283275185085724
4106,x20_10.600,4.703925768694424
4107,x20_10.700,5.032434930652991
4108,x20_10.800,5.268863357521813
4109,x20_10.900,5.419414626461637
4110,x20_11.000,5.495453883103602
4111,x20_11.100,5.512004541919899
4112,x20_11.200,5.485902180233828
4113,x20_11.300,5.433886025348449
4114,x20_11.400,5.370946305261241
4115,x20_11.500,5.309191959836954
4116,x20_11.600,5.257372726919523
4117,x20_11.700,5.221029120255545
4118,x20_11.800,5.203110445428114
4119,x20_11.900,5.204831262818812
4120,x20_12.000,5.226537892717448
4121,x20_12.100,5.268409188799037
4122,x20_12.200,5.330891613802875
4123,x20_12.300,5.414841983200992
4124,x20_12.400,5.521408203829176
4125,x20_12.500,5.651715043802988
4126,x20_12.600,5.806440868327427
4127,x20_12.700,5.985376703366123
4128,x20_12.800,6.187053623110242
4129,x20_12.900,6.408509626745326
4130,x20_13.000,6.645243433718516
4131,x20_13.100,6.891371449937295
4132,x20_13.200,7.139970083738146
4133,x20_13.300,7.383554170245969
4134,x20_13.400,7.614620530666834
4135,x20_13.500,7.82617849553708
4136,x20_13.600,8.012197417586421
4137,x20_13.700,8.167922753490124
4138,x20_13.800,8.290039268740816
4139,x20_13.900,8.376687379756097
4140,x20_14.000,8.427359156216587
4141,x20_14.100,8.442711818165181
4142,x20_14.200,8.424338552851847
4143,x20_14.300,8.374531239954115
4144,x20_14.400,8.296060425669555
4145,x20_14.500,8.19198761319214
4146,x20_14.600,8.06551580893506
4147,x20_14.700,7.919877375433015
4148,x20_14.800,7.758254325569245
4149,x20_14.900,7.583723980249923
4150,x20_15.000,7.399223020945237
4151,x20_15.100,7.207523772654904
4152,x20_15.200,7.0112181564828
4153,x20_15.300,6.8127059091815445
4154,x20_15.400,6.61418549762672
4155,x20_15.500,6.417646875897502
4156,x20_15.600,6.224866047609419
4157,x20_15.700,6.037401786749136
4158,x20_15.800,5.85659499883108
4159,x20_15.900,5.6835711566647475
4160,x20_16.000,5.519246082785666
4161,x20_16.100,5.364335113178798
4162,x20_16.200,5.219365442943907
4163,x20_16.300,5.084691267676309
4164,x20_16.400,4.960511114503324
4165,x20_16.500,4.846886670618941
4166,x20_16.600,4.743762373312258
4167,x20_16.700,4.650985011921385
4168,x20_16.800,4.568322664736133
4169,x20_16.900,4.495482393982031
4170,x20_17.000,4.432126247914106
4171,x20_17.100,4.377885257896826
4172,x20_17.200,4.332371253123773
4173,x20_17.300,4.295186438168508
4174,x20_17.400,4.265930777311956
4175,x20_17.500,4.244207311839839
4176,x20_17.600,4.229625586859317
4177,x20_17.700,4.221803402835066
4178,x20_17.800,4.2203671185419855
4179,x20_17.900,4.224950735313427
4180,x20_18.000,4.235193987327828
4181,x20_18.100,4.25073962414253
4182,x20_18.200,4.271230084977612
4183,x20_18.300,4.296303704756987
4184,x20_18.400,4.325590564560445
4185,x20_18.500,4.358708100397303
4186,x20_18.600,4.395256527594961
4187,x20_18.700,4.434814113076985
4188,x20_18.800,4.476932337942962
4189,x20_18.900,4.521130960931243
4190,x20_19.000,4.566893008318222
4191,x20_19.100,4.613659722110636
4192,x20_19.200,4.6608255701240635
4193,x20_19.300,4.707733421234183
4194,x20_19.400,4.753670083962352
4195,x20_19.500,4.797862455625579
4196,x20_19.600,4.839474610533509
4197,x20_19.700,4.877606132391134
4198,x20_19.800,4.911292111433693
4199,x20_19.900,4.939505137039342
4200,x21_00.000,7.842248299853845
4201,x21_00.100,7.765377011591424
4202,x21_00.200,7.703276172070183
4203,x21_00.300,7.657584432891001
4204,x21_00.400,7.629709310266348
4205,x21_00.500,7.620811135589483
4206,x21_00.600,7.631800752789371
4207,x21_00.700,7.663347183839878
4208,x21_00.800,7.715890564976714
4209,x21_00.900,7.789655278693857
4210,x21_01.000,7.884658375567132
4211,x21_01.100,8.000708955131403
4212,x21_01.200,8.137394925057771
4213,x21_01.300,8.294054246015397
4214,x21_01.400,8.469728216752372
4215,x21_01.500,8.66309452478487
4216,x21_01.600,8.872377789954037
4217,x21_01.700,9.095235528057067
4218,x21_01.800,9.328618071196397
4219,x21_01.900,9.568602727311932
4220,x21_02.000,9.810205423905652
4221,x21_02.100,10.047177844648129
4222,x21_02.200,10.271804336636263
4223,x21_02.300,10.474721050667949
4224,x21_02.400,10.644788772108912
4225,x21_02.500,10.769060280739186
4226,x21_02.600,10.832890536233425
4227,x21_02.700,10.820242377124218
4228,x21_02.800,10.714237645887364
4229,x21_02.900,10.497990866342551
4230,x21_03.000,10.15573761262522
4231,x21_03.100,9.674230484216398
4232,x21_03.200,9.044323803874144
4233,x21_03.300,8.262610158398058
4234,x21_03.400,7.332916681412986
4235,x21_03.500,6.26742926696105
4236,x21_03.600,5.087202833249949
4237,x21_03.700,3.821847350165171
4238,x21_03.800,2.5082620773561195
4239,x21_03.900,1.1884243435747064
4240,x21_04.000,-0.0935886027772687
4241,x21_04.100,-1.2949908563687402
4242,x21_04.200,-2.377616436485337
4243,x21_04.300,-3.3106980504697057
4244,x21_04.400,-4.072736770601716
4245,x21_04.500,-4.652335823923162
4246,x21_04.600,-5.04811200502461
4247,x21_04.700,-5.2679381360776505
4248,x21_04.800,-5.3277492547934395
4249,x21_04.900,-5.250003739437169
4250,x21_05.000,-5.061748493761347
4251,x21_05.100,-4.792224761525511
4252,x21_05.200,-4.470115628319094
4253,x21_05.300,-4.120794595971947
4254,x21_05.400,-3.764112786006409
4255,x21_05.500,-3.4132118966872507
4256,x21_05.600,-3.0745642684458776
4257,x21_05.700,-2.749068770144933
4258,x21_05.800,-2.4337691267998056
4259,x21_05.900,-2.123719094339098
4260,x21_06.000,-1.8136514836325317
4261,x21_06.100,-1.499284292677842
4262,x21_06.200,-1.1782092765409546
4263,x21_06.300,-0.8503402743390076
4264,x21_06.400,-0.5179026361802078
4265,x21_06.500,-0.1849812564194147
4266,x21_06.600,0.1432732119313242
4267,x21_06.700,0.461585464748545
4268,x21_06.800,0.7653957070365832
4269,x21_06.900,1.051375480653791
4270,x21_07.000,1.31750022257768
4271,x21_07.100,1.5627080292662947
4272,x21_07.200,1.7863132745563066
4273,x21_07.300,1.9874227825118476
4274,x21_07.400,2.1645938919996186
4275,x21_07.500,2.315881412138812
4276,x21_07.600,2.439276930215918
4277,x21_07.700,2.5333991476955937
4278,x21_07.800,2.5981977077564813
4279,x21_07.900,2.635418197495083
4280,x21_08.000,2.648646763561101
4281,x21_08.100,2.6428843509290663
4282,x21_08.200,2.623748209401396
4283,x21_08.300,2.596515514354943
4284,x21_08.400,2.56527543955253
4285,x21_08.500,2.5324318783933006
4286,x21_08.600,2.4987052598930815
4287,x21_08.700,2.4636458389902613
4288,x21_08.800,2.4265216411079735
4289,x21_08.900,2.387317975162924
4290,x21_09.000,2.3475193227131905
4291,x21_09.100,2.3103736516328173
4292,x21_09.200,2.280478738772615
4293,x21_09.300,2.2627565942335135
4294,x21_09.400,2.261120816014064
4295,x21_09.500,2.277290273629733
4296,x21_09.600,2.3101834887253268
4297,x21_09.700,2.3561376311997635
4298,x21_09.800,2.4099158080792176
4299,x21_09.900,2.466213873491471
4300,x21_10.000,2.521245318071131
4301,x21_10.100,2.573993926344728
4302,x21_10.200,2.626842330942438
4303,x21_10.300,2.685451394308368
4304,x21_10.400,2.757929248618837
4305,x21_10.500,2.8534657778893866
4306,x21_10.600,2.980704902058702
4307,x21_10.700,3.1461776113357875
4308,x21_10.800,3.353107410256963
4309,x21_10.900,3.600819220794957
4310,x21_11.000,3.884838381136717
4311,x21_11.100,4.1975957407766185
4312,x21_11.200,4.529511317820538
4313,x21_11.300,4.870165178347621
4314,x21_11.400,5.209298246585992
4315,x21_11.500,5.537494136975608
4316,x21_11.600,5.84652179204346
4317,x21_11.700,6.129415840884576
4318,x21_11.800,6.380409690361322
4319,x21_11.900,6.594822017987263
4320,x21_12.000,6.76895437337182
4321,x21_12.100,6.900014837881038
4322,x21_12.200,6.986056952096103
4323,x21_12.300,7.025917916233454
4324,x21_12.400,7.01914976165829
4325,x21_12.500,6.965951650867256
4326,x21_12.600,6.867121912184117
4327,x21_12.700,6.724049859020666
4328,x21_12.800,6.5387590275304746
4329,x21_12.900,6.313997910926683
4330,x21_13.000,6.053356522893879
4331,x21_13.100,5.761373141572832
4332,x21_13.200,5.443589588610692
4333,x21_13.300,5.10651844570642
4334,x21_13.400,4.757500509376867
4335,x21_13.500,4.404451921878009
4336,x21_13.600,4.055522559600716
4337,x21_13.700,3.718703824719589
4338,x21_13.800,3.401432931253837
4339,x21_13.900,3.1102389071989354
4340,x21_14.000,2.850466014603758
4341,x21_14.100,2.6260959468191425
4342,x21_14.200,2.439674758739202
4343,x21_14.300,2.2923373103183966
4344,x21_14.400,2.1839127863205237
4345,x21_14.500,2.113089932694368
4346,x21_14.600,2.077619613870463
4347,x21_14.700,2.07453410155253
4348,x21_14.800,2.1003656549338663
4349,x21_14.900,2.1513512648013076
4350,x21_15.000,2.2236143314465813
4351,x21_15.100,2.3133178293756376
4352,x21_15.200,2.4167863876830364
4353,x21_15.300,2.530597695206292
4354,x21_15.400,2.6516448011141716
4355,x21_15.500,2.777172583669522
4356,x21_15.600,2.9047922714767043
4357,x21_15.700,3.032478224431466
4358,x21_15.800,3.1585511767049477
4359,x21_15.900,3.2816518748984884
4360,x21_16.000,3.400708592924577
4361,x21_16.100,3.5149014759400803
4362,x21_16.200,3.623626077655568
4363,x21_16.300,3.7264578519229854
4364,x21_16.400,3.823118884769364
4365,x21_16.500,3.9134476653510775
4366,x21_16.600,3.997372309665849
4367,x21_16.700,4.074887379635889
4368,x21_16.800,4.146034211410128
4369,x21_16.900,4.210884522841524
4370,x21_17.000,4.269526980335402
4371,x21_17.100,4.322056363389445
4372,x21_17.200,4.368564956976048
4373,x21_17.300,4.409135818784863
4374,x21_17.400,4.44383760278881
4375,x21_17.500,4.472720661877315
4376,x21_17.600,4.4958142003145225
4377,x21_17.700,4.513124292465064
4378,x21_17.800,4.524632629310399
4379,x21_17.900,4.5302958938429905
4380,x21_18.000,4.530045702649116
4381,x21_18.100,4.523789077601797
4382,x21_18.200,4.511409440131293
4383,x21_18.300,4.492768136190934
4384,x21_18.400,4.467706508342568
4385,x21_18.500,4.436048550608262
4386,x21_18.600,4.39760417637633
4387,x21_18.700,4.352173123583559
4388,x21_18.800,4.29954953027117
4389,x21_18.900,4.239527193625755
4390,x21_19.000,4.171905519911851
4391,x21_19.100,4.096496155977974
4392,x21_19.200,4.01313029596081
4393,x21_19.300,3.9216666235135897
4394,x21_19.400,3.821999853677576
4395,x21_19.500,3.714069818081632
4396,x21_19.600,3.5978710216038277
4397,x21_19.700,3.473462571307175
4398,x21_19.800,3.340978354627728
4399,x21_19.900,3.200637294875357
4400,x22_00.000,7.086688541729845
4401,x22_00.100,7.1384318136211675
4402,x22_00.200,7.203488067539472
4403,x22_00.300,7.282213519351535
4404,x22_00.400,7.374647191473303
4405,x22_00.500,7.480516919458575
4406,x22_00.600,7.599237571225139
4407,x22_00.700,7.729899524324352
4408,x22_00.800,7.871245901120723
4409,x22_00.900,8.021637588055599
4410,x22_01.000,8.17900576821095
4411,x22_01.100,8.34079258936274
4412,x22_01.200,8.503881841647553
4413,x22_01.300,8.66452322080493
4414,x22_01.400,8.81825596553589
4415,x22_01.500,8.959840415701951
4416,x22_01.600,9.083209162064009
4417,x22_01.700,9.181453007458192
4418,x22_01.800,9.246859884120886
4419,x22_01.900,9.27102769462002
4420,x22_02.000,9.245072831679856
4421,x22_02.100,9.15995489485378
4422,x22_02.200,9.006932708360981
4423,x22_02.300,8.77815719726338
4424,x22_02.400,8.467391094315659
4425,x22_02.500,8.070823742666908
4426,x22_02.600,7.587923357447827
4427,x22_02.700,7.022241356187703
4428,x22_02.800,6.382058884949821
4429,x22_02.900,5.680751796209033
4430,x22_03.000,4.93675431144148
4431,x22_03.100,4.173028611787375
4432,x22_03.200,3.4159991929793936
4433,x22_03.300,2.693979269944166
4434,x22_03.400,2.0351876582962483
4435,x22_03.500,1.4655114313469964
4436,x22_03.600,1.0062001621477603
4437,x22_03.700,0.6716861881309638
4438,x22_03.800,0.4677309400951666
4439,x22_03.900,0.3901210215725889
4440,x22_04.000,0.4241798793525584
4441,x22_04.100,0.5453820982485813
4442,x22_04.200,0.7212917915348905
4443,x22_04.300,0.9148433369459056
4444,x22_04.400,1.0886580818135418
4445,x22_04.500,1.209745044680879
4446,x22_04.600,1.2537071869597276
4447,x22_04.700,1.207582889012938
4448,x22_04.800,1.070718860790188
4449,x22_04.900,0.8535292931924265
4450,x22_05.000,0.5745129602497656
4451,x22_05.100,0.2563155776215516
4452,x22_05.200,-0.0781980685071526
4453,x22_05.300,-0.4090206173798343
4454,x22_05.400,-0.7207536625256823
4455,x22_05.500,-1.003015560082285
4456,x22_05.600,-1.249844122248407
4457,x22_05.700,-1.4585823483703475
4458,x22_05.800,-1.6286862952723862
4459,x22_05.900,-1.7607380057893696
4460,x22_06.000,-1.8557836138324424
4461,x22_06.100,-1.914999998741947
4462,x22_06.200,-1.9396266462671072
4463,x22_06.300,-1.9310655194521271
4464,x22_06.400,-1.8910388903117856
4465,x22_06.500,-1.8217029755767524
4466,x22_06.600,-1.7256468905486255
4467,x22_06.700,-1.605757366205298
4468,x22_06.800,-1.46498417243655
4469,x22_06.900,-1.3060793739491616
4470,x22_07.000,-1.1313919175883151
4471,x22_07.100,-0.9427784597436456
4472,x22_07.200,-0.7416531305886456
4473,x22_07.300,-0.5291586356863013
4474,x22_07.400,-0.3064090607096534
4475,x22_07.500,-0.0747361078637559
4476,x22_07.600,0.1641324998238736
4477,x22_07.700,0.4080189342225625
4478,x22_07.800,0.6543898880758894
4479,x22_07.900,0.9005815549716021
4480,x22_08.000,1.144096784849015
4481,x22_08.100,1.3828951782436572
4482,x22_08.200,1.6156025146330328
4483,x22_08.300,1.841594886961029
4484,x22_08.400,2.060951161494097
4485,x22_08.500,2.274298814715812
4486,x22_08.600,2.4825944893916327
4487,x22_08.700,2.68688275797996
4488,x22_08.800,2.88807243253586
4489,x22_08.900,3.086764874285834
4490,x22_09.000,3.2831609252821417
4491,x22_09.100,3.477055390760698
4492,x22_09.200,3.6678984266995625
4493,x22_09.300,3.854872910499991
4494,x22_09.400,4.036928074401748
4495,x22_09.500,4.212738087298319
4496,x22_09.600,4.3806111896369115
4497,x22_09.700,4.538426555692383
4498,x22_09.800,4.683685179037285
4499,x22_09.900,4.813715556146603
4500,x22_10.000,4.925998113590584
4501,x22_10.100,5.018507282037496
4502,x22_10.200,5.089951854295362
4503,x22_10.300,5.139831220517741
4504,x22_10.400,5.168296302107126
4505,x22_10.500,5.175876000802934
4506,x22_10.600,5.1631711353031715
4507,x22_10.700,5.130614175042868
4508,x22_10.800,5.078350923270995
4509,x22_10.900,5.00624271725702
4510,x22_11.000,4.913942493268756
4511,x22_11.100,4.800984683290704
4512,x22_11.200,4.666848278631208
4513,x22_11.300,4.510988401879086
4514,x22_11.400,4.332861521865478
4515,x22_11.500,4.1319776072658945
4516,x22_11.600,3.907998282543834
4517,x22_11.700,3.660874847340425
4518,x22_11.800,3.3909981335146924
4519,x22_11.900,3.0993233095201176
4520,x22_12.000,2.7874381675538022
4521,x22_12.100,2.4575591997680792
4522,x22_12.200,2.112458678410915
4523,x22_12.300,1.755341904724595
4524,x22_12.400,1.3897026287754926
4525,x22_12.500,1.019185103542401
4526,x22_12.600,0.6474740183943616
4527,x22_12.700,0.2782221136593764
4528,x22_12.800,-0.0849878568462926
4529,x22_12.900,-0.4386608187601101
4530,x22_13.000,-0.7794066966781746
4531,x22_13.100,-1.1039767851717064
4532,x22_13.200,-1.4093323221060867
4533,x22_13.300,-1.692747425541314
4534,x22_13.400,-1.9519365926963237
4535,x22_13.500,-2.185187249428844
4536,x22_13.600,-2.391473191296571
4537,x22_13.700,-2.57052659459669
4538,x22_13.800,-2.722853332348185
4539,x22_13.900,-2.8496867830456636
4540,x22_14.000,-2.952885751138935
4541,x22_14.100,-3.034790271418613
4542,x22_14.200,-3.098053509598928
4543,x22_14.300,-3.1454685849122543
4544,x22_14.400,-3.179806772000387
4545,x22_14.500,-3.2036793568942934
4546,x22_14.600,-3.2194306431074864
4547,x22_14.700,-3.229065048117941
4548,x22_14.800,-3.2342077259459217
4549,x22_14.900,-3.2360952141048687
4550,x22_15.000,-3.2355911132260116
4551,x22_15.100,-3.2332209034415933
4552,x22_15.200,-3.229219905253642
4553,x22_15.300,-3.223588681021214
4554,x22_15.400,-3.2161510032497653
4555,x22_15.500,-3.2066103083227375
4556,x22_15.600,-3.1946015890585255
4557,x22_15.700,-3.1797366371376756
4558,x22_15.800,-3.161641437435478
4559,x22_15.900,-3.139985273959542
4560,x22_16.000,-3.114501719637388
4561,x22_16.100,-3.085002134946893
4562,x22_16.200,-3.051382598087148
4563,x22_16.300,-3.0136253448548276
4564,x22_16.400,-2.9717958651977265
4565,x22_16.500,-2.926036755232929
4566,x22_16.600,-2.8765593314437083
4567,x22_16.700,-2.8236338834928083
4568,x22_16.800,-2.7675792888264064
4569,x22_16.900,-2.7087525567335597
4570,x22_17.000,-2.6475387272221527
4571,x22_17.100,-2.5843414168730656
4572,x22_17.200,-2.5195741944640053
4573,x22_17.300,-2.4536528780426607
4574,x22_17.400,-2.386988777886714
4575,x22_17.500,-2.3199828544351484
4576,x22_17.600,-2.2530207288594055
4577,x22_17.700,-2.1864684563747483
4578,x22_17.800,-2.120668964171236
4579,x22_17.900,-2.0559390497952044
4580,x22_18.000,-1.9925668336291664
4581,x22_18.100,-1.9308095835198065
4582,x22_18.200,-1.8708918080038968
4583,x22_18.300,-1.8130035570074348
4584,x22_18.400,-1.7572988752448429
4585,x22_18.500,-1.7038943528600807
4586,x22_18.600,-1.6528677554432885
4587,x22_18.700,-1.604256725170068
4588,x22_18.800,-1.5580575567492003
4589,x22_18.900,-1.5142240795920932
4590,x22_19.000,-1.472666693897966
4591,x22_19.100,-1.4332516272481102
4592,x22_19.200,-1.395800508156156
4593,x22_19.300,-1.360090368123292
4594,x22_19.400,-1.325854211649494
4595,x22_19.500,-1.2927823137567365
4596,x22_19.600,-1.2605244326487812
4597,x22_19.700,-1.228693108339594
4598,x22_19.800,-1.1968682592000328
4599,x22_19.900,-1.1646032413033982
4600,x23_00.000,7.943374563302407
4601,x23_00.100,8.012092375519206
4602,x23_00.200,8.093513395301956
4603,x23_00.300,8.18546796783059
4604,x23_00.400,8.28553837955223
4605,x23_00.500,8.391018245699836
4606,x23_00.600,8.498874645826996
4607,x23_00.700,8.605716347528192
4608,x23_00.800,8.707772551667523
4609,x23_00.900,8.800887693946816
4610,x23_01.000,8.880538954709994
4611,x23_01.100,8.94188392986229
4612,x23_01.200,8.979846328802504
4613,x23_01.300,8.989247255173979
4614,x23_01.400,8.964988266396439
4615,x23_01.500,8.902289734782013
4616,x23_01.600,8.796983656603008
4617,x23_01.700,8.645854064387205
4618,x23_01.800,8.44700999665092
4619,x23_01.900,8.200266961217986
4620,x23_02.000,7.907502712828858
4621,x23_02.100,7.572944007089242
4622,x23_02.200,7.203334336332561
4623,x23_02.300,6.8079306281398395
4624,x23_02.400,6.398281399513353
4625,x23_02.500,5.987752007297545
4626,x23_02.600,5.59078512729286
4627,x23_02.700,5.221915635924993
4628,x23_02.800,4.894597940047905
4629,x23_02.900,4.619947547208163
4630,x23_03.000,4.405542117653549
4631,x23_03.100,4.254464874178461
4632,x23_03.200,4.164793863395658
4633,x23_03.300,4.129728141166755
4634,x23_03.400,4.138479735484566
4635,x23_03.500,4.177935749084148
4636,x23_03.600,4.234914365750976
4637,x23_03.700,4.29863560840895
4638,x23_03.800,4.362865518924898
4639,x23_03.900,4.427148212676836
4640,x23_04.000,4.496673218022669
4641,x23_04.100,4.580641852181453
4642,x23_04.200,4.689423764683814
4643,x23_04.300,4.831193288428713
4644,x23_04.400,5.008948998326776
4645,x23_04.500,5.2187507231516195
4646,x23_04.600,5.449667493237528
4647,x23_04.700,5.685432758430372
4648,x23_04.800,5.907318791528209
4649,x23_04.900,6.097426482746292
4650,x23_05.000,6.24153599639776
4651,x23_05.100,6.33088235979993
4652,x23_05.200,6.362615611447907
4653,x23_05.300,6.339117757960529
4654,x23_05.400,6.266622705179784
4655,x23_05.500,6.1536451865161945
4656,x23_05.600,6.009604015292199
4657,x23_05.700,5.843828005876857
4658,x23_05.800,5.664958529648819
4659,x23_05.900,5.480662830693405
4660,x23_06.000,5.2975433463575206
4661,x23_06.100,5.121143261730957
4662,x23_06.200,4.955981256986897
4663,x23_06.300,4.805582472709115
4664,x23_06.400,4.672501632096586
4665,x23_06.500,4.5583529333989485
4666,x23_06.600,4.463867064634805
4667,x23_06.700,4.3889887954321045
4668,x23_06.800,4.333013613461021
4669,x23_06.900,4.2947469679312
4670,x23_07.000,4.272662037218478
4671,x23_07.100,4.265034270888952
4672,x23_07.200,4.270041147975111
4673,x23_07.300,4.285828078414815
4674,x23_07.400,4.310550840323656
4675,x23_07.500,4.342408194828663
4676,x23_07.600,4.379674780680578
4677,x23_07.700,4.420736671372386
4678,x23_07.800,4.46412379368465
4679,x23_07.900,4.508529050996511
4680,x23_08.000,4.5528056966079875
4681,x23_08.100,4.595941720840546
4682,x23_08.200,4.6370188158437395
4683,x23_08.300,4.675169495788315
4684,x23_08.400,4.709546167722715
4685,x23_08.500,4.739310196549213
4686,x23_08.600,4.763640184686736
4687,x23_08.700,4.781750060368279
4688,x23_08.800,4.792902557375768
4689,x23_08.900,4.796403984552026
4690,x23_09.000,4.791572426415596
4691,x23_09.100,4.777682504998697
4692,x23_09.200,4.75390256887482
4693,x23_09.300,4.719250027809599
4694,x23_09.400,4.672592320288889
4695,x23_09.500,4.612711711209147
4696,x23_09.600,4.5384331661145145
4697,x23_09.700,4.448792066386613
4698,x23_09.800,4.343200656036673
4699,x23_09.900,4.221565761462759
4700,x23_10.000,4.084319110064778
4701,x23_10.100,3.932343908880344
4702,x23_10.200,3.76681110684369
4703,x23_10.300,3.5889660896568096
4704,x23_10.400,3.3999224129106818
4705,x23_10.500,3.2005181585780624
4706,x23_10.600,2.9912733772032785
4707,x23_10.700,2.7724602827755116
4708,x23_10.800,2.544269097029757
4709,x23_10.900,2.307029872838042
4710,x23_11.000,2.0614397314159136
4711,x23_11.100,1.8087479821318688
4712,x23_11.200,1.550866540558511
4713,x23_11.300,1.290393882692172
4714,x23_11.400,1.030559831171858
4715,x23_11.500,0.7751097979253797
4716,x23_11.600,0.5281495187588602
4717,x23_11.700,0.2939674859341326
4718,x23_11.800,0.0768473934699263
4719,x23_11.900,-0.1191205197218409
4720,x23_12.000,-0.2902203401124202
4721,x23_12.100,-0.4332735614291405
4722,x23_12.200,-0.5457741527093277
4723,x23_12.300,-0.6259870367537977
4724,x23_12.400,-0.6730055083092463
4725,x23_12.500,-0.6867681529163353
4726,x23_12.600,-0.6680401749772155
4727,x23_12.700,-0.6183661409812926
4728,x23_12.800,-0.5400007781727085
4729,x23_12.900,-0.4358219906891316
4730,x23_13.000,-0.309227090407443
4731,x23_13.100,-0.1640112327317303
4732,x23_13.200,-0.0042268942952222
4733,x23_13.300,0.165973982714202
4734,x23_13.400,0.3425090155764899
4735,x23_13.500,0.5215344808054647
4736,x23_13.600,0.6995997769681526
4737,x23_13.700,0.873772240780656
4738,x23_13.800,1.0417198799223892
4739,x23_13.900,1.2017454898006756
4740,x23_14.000,1.3527724929074867
4741,x23_14.100,1.4942892640643954
4742,x23_14.200,1.6262632384980664
4743,x23_14.300,1.7490380190221486
4744,x23_14.400,1.8632261427657273
4745,x23_14.500,1.9696078308308989
4746,x23_14.600,2.069042781192155
4747,x23_14.700,2.1623987182795315
4748,x23_14.800,2.2504976733976787
4749,x23_14.900,2.334078861194957
4750,x23_15.000,2.4137759175381124
4751,x23_15.100,2.490105763826305
4752,x23_15.200,2.563466423862782
4753,x23_15.300,2.6341413673110305
4754,x23_15.400,2.702308480507527
4755,x23_15.500,2.7680521132505076
4756,x23_15.600,2.8313770376770795
4757,x23_15.700,2.8922234209972424
4758,x23_15.800,2.950482105590887
4759,x23_15.900,3.006009620929764
4760,x23_16.000,3.0586424516005133
4761,x23_16.100,3.1082101688228163
4762,x23_16.200,3.154547115036933
4763,x23_16.300,3.1975024034679382
4764,x23_16.400,3.236948090618579
4765,x23_16.500,3.27278546211148
4766,x23_16.600,3.3049494397626735
4767,x23_16.700,3.333411197836195
4768,x23_16.800,3.3581791278237656
4769,x23_16.900,3.3792983339027836
4770,x23_17.000,3.3968488681783633
4771,x23_17.100,3.410942929919157
4772,x23_17.200,3.4217212552975034
4773,x23_17.300,3.4293489172082237
4774,x23_17.400,3.4340107425681565
4775,x23_17.500,3.435906534437482
4776,x23_17.600,3.4352462676026163
4777,x23_17.700,3.4322454013727635
4778,x23_17.800,3.427120433199595
4779,x23_17.900,3.420084794071524
4780,x23_18.000,3.41134516288909
4781,x23_18.100,3.401098271965208
4782,x23_18.200,3.3895282358285796
4783,x23_18.300,3.3768044420775
4784,x23_18.400,3.3630800273547536
4785,x23_18.500,3.348490935740149
4786,x23_18.600,3.333155565450048
4787,x23_18.700,3.317174999687954
4788,x23_18.800,3.300633803280943
4789,x23_18.900,3.2836013727020803
4790,x23_19.000,3.2661338204022057
4791,x23_19.100,3.2482763738758083
4792,x23_19.200,3.2300662642756217
4793,x23_19.300,3.211536082301302
4794,x23_19.400,3.1927175704592914
4795,x23_19.500,3.173645815455578
4796,x23_19.600,3.1543637925138106
4797,x23_19.700,3.134927200587057
4798,x23_19.800,3.115409501928965
4799,x23_19.900,3.095907055028861
4800,x24_00.000,8.70485871525105
4801,x24_00.100,8.823499236969372
4802,x24_00.200,8.924959671278696
4803,x24_00.300,9.007350394989972
4804,x24_00.400,9.068525232682113
4805,x24_00.500,9.10617278457416
4806,x24_00.600,9.117925323032994
4807,x24_00.700,9.101487345627223
4808,x24_00.800,9.054784265662942
4809,x24_00.900,8.976129558718773
4810,x24_01.000,8.86440600662464
4811,x24_01.100,8.719253497653478
4812,x24_01.200,8.541252427341597
4813,x24_01.300,8.332088377464464
4814,x24_01.400,8.094680913048174
4815,x24_01.500,7.833257611545237
4816,x24_01.600,7.553354509823697
4817,x24_01.700,7.261726465019121
4818,x24_01.800,6.966156503650745
4819,x24_01.900,6.67516152781312
4820,x24_02.000,6.397603495445785
4821,x24_02.100,6.142228918994128
4822,x24_02.200,5.917174879902408
4823,x24_02.300,5.729493278460385
4824,x24_02.400,5.584755225195534
4825,x24_02.500,5.486799983072923
4826,x24_02.600,5.437683531145029
4827,x24_02.700,5.437857051452274
4828,x24_02.800,5.486564653108946
4829,x24_02.900,5.5823956949678175
4830,x24_03.000,5.723871733927663
4831,x24_03.100,5.9099096863602485
4832,x24_03.200,6.140002783128157
4833,x24_03.300,6.414015526308749
4834,x24_03.400,6.731596859280414
4835,x24_03.500,7.091351542790157
4836,x24_03.600,7.490024714005073
4837,x24_03.700,7.921993281068409
4838,x24_03.800,8.37928289171535
4839,x24_03.900,8.852148257398275
4840,x24_04.000,9.330030346551217
4841,x24_04.100,9.802537877629195
4842,x24_04.200,10.260085555981684
4843,x24_04.300,10.693983311289946
4844,x24_04.400,11.096039057333016
4845,x24_04.500,11.457975507417952
4846,x24_04.600,11.771046327918103
4847,x24_04.700,12.026134531536234
4848,x24_04.800,12.21439324399154
4849,x24_04.900,12.328263282407868
4850,x24_05.000,12.36256981211796
4851,x24_05.100,12.31539452199386
4852,x24_05.200,12.188513235551468
4853,x24_05.300,11.987325078765805
4854,x24_05.400,11.720325261145495
4855,x24_05.500,11.398257389699545
4856,x24_05.600,11.033114350650884
4857,x24_05.700,10.637148013909176
4858,x24_05.800,10.222010792318969
4859,x24_05.900,9.798104219519946
4860,x24_06.000,9.37416289396129
4861,x24_06.100,8.95706466863008
4862,x24_06.200,8.551833423133871
4863,x24_06.300,8.161787327686122
4864,x24_06.400,7.788781754956465
4865,x24_06.500,7.4334982799328735
4866,x24_06.600,7.095738141128825
4867,x24_06.700,6.774688675637807
4868,x24_06.800,6.469143140372435
4869,x24_06.900,6.177666369062009
4870,x24_07.000,5.8987090240391264
4871,x24_07.100,5.6306801888130265
4872,x24_07.200,5.371991407907529
4873,x24_07.300,5.1210851314003145
4874,x24_07.400,4.876457941928754
4875,x24_07.500,4.636685028120786
4876,x24_07.600,4.400447909617126
4877,x24_07.700,4.166563542552445
4878,x24_07.800,3.934010239999183
4879,x24_07.900,3.70194510489613
4880,x24_08.000,3.4697089689765477
4881,x24_08.100,3.236817765248043
4882,x24_08.200,3.0029425114087087
4883,x24_08.300,2.767882562064466
4884,x24_08.400,2.5315376776432696
4885,x24_08.500,2.2938837946156463
4886,x24_08.600,2.054955887629251
4887,x24_08.700,1.8148396808977991
4888,x24_08.800,1.5736726432679773
4889,x24_08.900,1.331653628672749
4890,x24_09.000,1.0890595054037708
4891,x24_09.100,0.8462662048190172
4892,x24_09.200,0.6037712039209209
4893,x24_09.300,0.3622148515628944
4894,x24_09.400,0.12239887757214
4895,x24_09.500,-0.1146991123440405
4896,x24_09.600,-0.3479172916215314
4897,x24_09.700,-0.5759117822410148
4898,x24_09.800,-0.7971755194587186
4899,x24_09.900,-1.0100790104274733
4900,x24_10.000,-1.212933329151616
4901,x24_10.100,-1.4040682682203398
4902,x24_10.200,-1.5819119481680997
4903,x24_10.300,-1.74505624951371
4904,x24_10.400,-1.892296255228195
4905,x24_10.500,-2.0226403418243746
4906,x24_10.600,-2.1352970406034912
4907,x24_10.700,-2.2296512391724423
4908,x24_10.800,-2.3052439312569537
4909,x24_10.900,-2.3617662273088396
4910,x24_11.000,-2.3990718799023787
4911,x24_11.100,-2.4172058029962735
4912,x24_11.200,-2.4164414496199003
4913,x24_11.300,-2.397318401197373
4914,x24_11.400,-2.360672544135658
4915,x24_11.500,-2.3076532592632155
4916,x24_11.600,-2.239723822904923
4917,x24_11.700,-2.158642210857847
4918,x24_11.800,-2.0664203586801593
4919,x24_11.900,-1.9652611545448515
4920,x24_12.000,-1.857474825832813
4921,x24_12.100,-1.7453794476863314
4922,x24_12.200,-1.631193163497493
4923,x24_12.300,-1.5169277462938071
4924,x24_12.400,-1.404293435801626
4925,x24_12.500,-1.2946236926511494
4926,x24_12.600,-1.1888258821706637
4927,x24_12.700,-1.0873610341210307
4928,x24_12.800,-0.9902528943442248
4929,x24_12.900,-0.8971242447284847
4930,x24_13.000,-0.8072567478778648
4931,x24_13.100,-0.7196691899125218
4932,x24_13.200,-0.6332078144561326
4933,x24_13.300,-0.546641370884766
4934,x24_13.400,-0.4587528291079696
4935,x24_13.500,-0.3684198304179844
4936,x24_13.600,-0.2746770975638171
4937,x24_13.700,-0.1767564036605388
4938,x24_13.800,-0.0741026619653759
4939,x24_13.900,0.0336320419143322
4940,x24_14.000,0.1466120508369252
4941,x24_14.100,0.2648533784745783
4942,x24_14.200,0.3882642539513675
4943,x24_14.300,0.5166853458803358
4944,x24_14.400,0.6499254377930868
4945,x24_14.500,0.7877899640935165
4946,x24_14.600,0.930101348823792
4947,x24_14.700,1.0767112927737963
4948,x24_14.800,1.2275059381714288
4949,x24_14.900,1.3824052765539832
4950,x24_15.000,1.5413582726841444
4951,x24_15.100,1.704335110603346
4952,x24_15.200,1.8713177848298
4953,x24_15.300,2.042290038198665
4954,x24_15.400,2.21722741791474
4955,x24_15.500,2.3960880249637517
4956,x24_15.600,2.578804355468495
4957,x24_15.700,2.765276491122983
4958,x24_15.800,2.955366780922737
4959,x24_15.900,3.1488960640498385
4960,x24_16.000,3.3456414091441893
4961,x24_16.100,3.545335288214376
4962,x24_16.200,3.7476660657702094
4963,x24_16.300,3.952279638949618
4964,x24_16.400,4.158782058689452
4965,x24_16.500,4.366742963524665
4966,x24_16.600,4.5756996355616835
4967,x24_16.700,4.785161521204734
4968,x24_16.800,4.994615066612631
4969,x24_16.900,5.203528743994016
4970,x24_17.000,5.411358159519504
4971,x24_17.100,5.6175511618630205
4972,x24_17.200,5.821552887322927
4973,x24_17.300,6.022810695883455
4974,x24_17.400,6.220778963006493
4975,x24_17.500,6.41492370598877
4976,x24_17.600,6.604727024490213
4977,x24_17.700,6.789691344178541
4978,x24_17.800,6.969343447727381
4979,x24_17.900,7.1432382785524045
4980,x24_18.000,7.3109625066850255
4981,x24_18.100,7.472137817244445
4982,x24_18.200,7.626423924137669
4983,x24_18.300,7.773521266164074
4984,x24_18.400,7.9131733493221486
4985,x24_18.500,8.045168722850969
4986,x24_18.600,8.169342543514455
4987,x24_18.700,8.285577691491069
4988,x24_18.800,8.393805414380491
4989,x24_18.900,8.494005462243907
4990,x24_19.000,8.586205686399166
4991,x24_19.100,8.670481080541133
4992,x24_19.200,8.746952245513427
4993,x24_19.300,8.815783270761642
4994,x24_19.400,8.877179036258593
4995,x24_19.500,8.931381952025719
4996,x24_19.600,8.97866815976668
4997,x24_19.700,9.019343261179836
4998,x24_19.800,9.053737622550562
4999,x24_19.900,9.08220134958601
5000,x25_00.000,8.770219729799132
5001,x25_00.100,8.618381948703586
5002,x25_00.200,8.45775493366898
5003,x25_00.300,8.28681156507898
5004,x25_00.400,8.104718123053159
5005,x25_00.500,7.911394121668058
5006,x25_00.600,7.7075575399553475
5007,x25_00.700,7.494748929952619
5008,x25_00.800,7.275327728952247
5009,x25_00.900,7.052434753127619
5010,x25_01.000,6.829916283629784
5011,x25_01.100,6.6122075762065355
5012,x25_01.200,6.4041768972687
5013,x25_01.300,6.21093521666243
5014,x25_01.400,6.0376212022770215
5015,x25_01.500,5.889175646126906
5016,x25_01.600,5.770123395741742
5017,x25_01.700,5.684383185122245
5018,x25_01.800,5.635126265664364
5019,x25_01.900,5.624701373897318
5020,x25_02.000,5.654636802436772
5021,x25_02.100,5.725719104515976
5022,x25_02.200,5.838133527541295
5023,x25_02.300,5.991635606685567
5024,x25_02.400,6.185710535124057
5025,x25_02.500,6.4196711804327435
5026,x25_02.600,6.692651298220151
5027,x25_02.700,7.003468610502234
5028,x25_02.800,7.35035975612155
5029,x25_02.900,7.730617476775196
5030,x25_03.000,8.140179093084457
5031,x25_03.100,8.57321641050921
5032,x25_03.200,9.021760794923258
5033,x25_03.300,9.47537467835562
5034,x25_03.400,9.92087063879332
5035,x25_03.500,10.342096562201348
5036,x25_03.600,10.719849436061471
5037,x25_03.700,11.032029136573886
5038,x25_03.800,11.254162989365836
5039,x25_03.900,11.36039691641302
5040,x25_04.000,11.32496163304567
5041,x25_04.100,11.124016050296468
5042,x25_04.200,10.737689163759576
5043,x25_04.300,10.152110931087773
5044,x25_04.400,9.361232680741503
5045,x25_04.500,8.368254942332241
5046,x25_04.600,7.186481171317803
5047,x25_04.700,5.839412447042751
5048,x25_04.800,4.359930884214481
5049,x25_04.900,2.7885239279912715
5050,x25_05.000,1.1706696287146936
5051,x25_05.100,-0.4463190872244355
5052,x25_05.200,-2.016575991274806
5053,x25_05.300,-3.4986615647363313
5054,x25_05.400,-4.8579022969371435
5055,x25_05.500,-6.067896665148061
5056,x25_05.600,-7.111147016177937
5057,x25_05.700,-7.978896981623641
5058,x25_05.800,-8.670333435286413
5059,x25_05.900,-9.191349379146024
5060,x25_06.000,-9.553069953924371
5061,x25_06.100,-9.770323574671158
5062,x25_06.200,-9.860202840657896
5063,x25_06.300,-9.84081222689854
5064,x25_06.400,-9.73025341942622
5065,x25_06.500,-9.54586006560158
5066,x25_06.600,-9.30366600773277
5067,x25_06.700,-9.018076132274658
5068,x25_06.800,-8.701702415475697
5069,x25_06.900,-8.365327843520884
5070,x25_07.000,-8.0179635072142
5071,x25_07.100,-7.666969153268909
5072,x25_07.200,-7.318211990306394
5073,x25_07.300,-6.976243993931396
5074,x25_07.400,-6.644482881571446
5075,x25_07.500,-6.325386440050133
5076,x25_07.600,-6.020613922604532
5077,x25_07.700,-5.731171094427009
5078,x25_07.800,-5.457537595819601
5079,x25_07.900,-5.199776577492119
5080,x25_08.000,-4.957627353638547
5081,x25_08.100,-4.730582385870531
5082,x25_08.200,-4.517950396064688
5083,x25_08.300,-4.318907749129355
5084,x25_08.400,-4.132540461045423
5085,x25_08.500,-3.957878942735374
5086,x25_08.600,-3.79392725244478
5087,x25_08.700,-3.639687958410216
5088,x25_08.800,-3.494183218444448
5089,x25_08.900,-3.356472324315636
5090,x25_09.000,-3.2256659767613627
5091,x25_09.100,-3.1009379055913744
5092,x25_09.200,-2.981534825365575
5093,x25_09.300,-2.8667859976338472
5094,x25_09.400,-2.756113455025381
5095,x25_09.500,-2.64904317968583
5096,x25_09.600,-2.545216324357591
5097,x25_09.700,-2.4443983819414488
5098,x25_09.800,-2.346483529552949
5099,x25_09.900,-2.2514916131406957
5100,x25_10.000,-2.1595565004560338
5101,x25_10.100,-2.0709064475386203
5102,x25_10.200,-1.9858390474377692
5103,x25_10.300,-1.9046944420301717
5104,x25_10.400,-1.8278303406347656
5105,x25_10.500,-1.7556010013345973
5106,x25_10.600,-1.688340233540763
5107,x25_10.700,-1.6263466263682371
5108,x25_10.800,-1.5698682196474536
5109,x25_10.900,-1.5190841874931231
5110,x25_11.000,-1.4740825739757712
5111,x25_11.100,-1.4348352363648584
5112,x25_11.200,-1.401173115329894
5113,x25_11.300,-1.3727661432628804
5114,x25_11.400,-1.349112185045784
5115,x25_11.500,-1.329538448308901
5116,x25_11.600,-1.3132171262073755
5117,x25_11.700,-1.299195098734088
5118,x25_11.800,-1.2864355582948843
5119,x25_11.900,-1.2738678629368456
5120,x25_12.000,-1.2604407014966257
5121,x25_12.100,-1.2451731225160303
5122,x25_12.200,-1.227198266282324
5123,x25_12.300,-1.205795626379182
5124,x25_12.400,-1.1804093504451902
5125,x25_12.500,-1.1506520684558683
5126,x25_12.600,-1.11629568320433
5127,x25_12.700,-1.0772520090550533
5128,x25_12.800,-1.033547027285804
5129,x25_12.900,-0.985292659458042
5130,x25_13.000,-0.9326594959961602
5131,x25_13.100,-0.8758530329628481
5132,x25_13.200,-0.8150948610894905
5133,x25_13.300,-0.7506091704816092
5134,x25_13.400,-0.6826140434924532
5135,x25_13.500,-0.611316443370639
5136,x25_13.600,-0.536909627837277
5137,x25_13.700,-0.4595718585733638
5138,x25_13.800,-0.379465667986794
5139,x25_13.900,-0.2967373737494653
5140,x25_14.000,-0.211516898540161
5141,x25_14.100,-0.1239181538946215
5142,x25_14.200,-0.0340402711529774
5143,x25_14.300,0.0580301426995286
5144,x25_14.400,0.1522157081225729
5145,x25_14.500,0.2484440740218219
5146,x25_14.600,0.3466430568560833
5147,x25_14.700,0.4467353998020147
5148,x25_14.800,0.5486334140998869
5149,x25_14.900,0.652233723902376
5150,x25_15.000,0.7574122718650108
5151,x25_15.100,0.8640196904577914
5152,x25_15.200,0.9718770926171856
5153,x25_15.300,1.080772325881412
5154,x25_15.400,1.1904566976030255
5155,x25_15.500,1.3006421876529497
5156,x25_15.600,1.4109991646438715
5157,x25_15.700,1.521154626768172
5158,x25_15.800,1.6306909984198248
5159,x25_15.900,1.7391455227581072
5160,x25_16.000,1.846010299607221
5161,x25_16.100,1.9507330308120252
5162,x25_16.200,2.0527185535219408
5163,x25_16.300,2.151331222370326
5164,x25_16.400,2.2458982342430347
5165,x25_16.500,2.335713998182725
5166,x25_16.600,2.4200456065430735
5167,x25_16.700,2.498139490236176
5168,x25_16.800,2.5692293030485067
5169,x25_16.900,2.632545059257748
5170,x25_17.000,2.6873234986774217
5171,x25_17.100,2.7328196167674945
5172,x25_17.200,2.768319238742035
5173,x25_17.300,2.7931524605874745
5174,x25_17.400,2.806707715131533
5175,x25_17.500,2.808446168760746
5176,x25_17.600,2.797916094816055
5177,x25_17.700,2.7747668334526727
5178,x25_17.800,2.7387619119270767
5179,x25_17.900,2.6897908887277766
5180,x25_18.000,2.62787949031199
5181,x25_18.100,2.553197630491075
5182,x25_18.200,2.4660649558921564
5183,x25_18.300,2.3669536072277944
5184,x25_18.400,2.2564879965109155
5185,x25_18.500,2.1354414502448416
5186,x25_18.600,2.004729682584925
5187,x25_18.700,1.865401196836791
5188,x25_18.800,1.7186247432183233
5189,x25_18.900,1.5656740991962406
5190,x25_19.000,1.4079104981378854
5191,x25_19.100,1.2467631325250907
5192,x25_19.200,1.083708103408456
5193,x25_19.300,0.9202463613310786
5194,x25_19.400,0.7578810995904237
5195,x25_19.500,0.5980951012093466
5196,x25_19.600,0.4423284804291227
5197,x25_19.700,0.2919573596123173
5198,x25_19.800,0.1482737953250615
5199,x25_19.900,0.0124673822939368
5200,x26_00.000,6.330369251990702
5201,x26_00.100,6.315037450062039
5202,x26_00.200,6.289485688655016
5203,x26_00.300,6.258460423596969
5204,x26_00.400,6.2266207325447045
5205,x26_00.500,6.198503567742529
5206,x26_00.600,6.178471079835101
5207,x26_00.700,6.1706458888258435
5208,x26_00.800,6.1788413845073
5209,x26_00.900,6.20649495483103
5210,x26_01.000,6.256612123194591
5211,x26_01.100,6.3317287864276315
5212,x26_01.200,6.4338966460152225
5213,x26_01.300,6.564693402397206
5214,x26_01.400,6.725254353608938
5215,x26_01.500,6.916316056831642
5216,x26_01.600,7.13825653096709
5217,x26_01.700,7.391111297397341
5218,x26_01.800,7.674542002858766
5219,x26_01.900,7.987735670406677
5220,x26_02.000,8.329218766301087
5221,x26_02.100,8.696580869236154
5222,x26_02.200,9.086116217534384
5223,x26_02.300,9.492405475975994
5224,x26_02.400,9.907871882822384
5225,x26_02.500,10.322354748699524
5226,x26_02.600,10.722748509930115
5227,x26_02.700,11.092760955420443
5228,x26_02.800,11.412851150744867
5229,x26_02.900,11.660416609076773
5230,x26_03.000,11.8103072606425
5231,x26_03.100,11.835742919011572
5232,x26_03.200,11.709692220018916
5233,x26_03.300,11.406729097156102
5234,x26_03.400,10.905315302506647
5235,x26_03.500,10.190367777162532
5236,x26_03.600,9.255868168024833
5237,x26_03.700,8.107175237326693
5238,x26_03.800,6.762637654866797
5239,x26_03.900,5.254108132921598
5240,x26_04.000,3.626056884605625
5241,x26_04.100,1.9331765797829237
5242,x26_04.200,0.2366307999690168
5243,x26_04.300,-1.400632714611798
5244,x26_04.400,-2.9188699938538902
5245,x26_04.500,-4.266096186737088
5246,x26_04.600,-5.4015209444716366
5247,x26_04.700,-6.297385555842872
5248,x26_04.800,-6.939063093758226
5249,x26_04.900,-7.323672638520919
5250,x26_05.000,-7.457775556933624
5251,x26_05.100,-7.354851217862928
5252,x26_05.200,-7.0331500167322
5253,x26_05.300,-6.514248321471422
5254,x26_05.400,-5.822305734079152
5255,x26_05.500,-4.983775185331885
5256,x26_05.600,-4.027214831125099
5257,x26_05.700,-2.9829013247079263
5258,x26_05.800,-1.8820901071230485
5259,x26_05.900,-0.7559377111596093
5260,x26_06.000,0.3657713638978695
5261,x26_06.100,1.455895449244641
5262,x26_06.200,2.491018130149815
5263,x26_06.300,3.45221423831841
5264,x26_06.400,4.325441503276428
5265,x26_06.500,5.101564142161064
5266,x26_06.600,5.776060146765637
5267,x26_06.700,6.348488931997433
5268,x26_06.800,6.821804872727116
5269,x26_06.900,7.201598703624192
5270,x26_07.000,7.49533725728039
5271,x26_07.100,7.711656554478674
5272,x26_07.200,7.859745743274111
5273,x26_07.300,7.948842880256399
5274,x26_07.400,7.987849212648945
5275,x26_07.500,7.98505703964081
5276,x26_07.600,7.947979027734864
5277,x26_07.700,7.883262075648056
5278,x26_07.800,7.796667364274693
5279,x26_07.900,7.693098584655578
5280,x26_08.000,7.576662430342704
5281,x26_08.100,7.450747879948341
5282,x26_08.200,7.31811403524717
5283,x26_08.300,7.180979126666594
5284,x26_08.400,7.041105668467976
5285,x26_08.500,6.899878987551742
5286,x26_08.600,6.758377534317689
5287,x26_08.700,6.617434551517325
5288,x26_08.800,6.477691230047181
5289,x26_08.900,6.3396419061899625
5290,x26_09.000,6.203672024369414
5291,x26_09.100,6.070089624520377
5292,x26_09.200,5.939151050348187
5293,x26_09.300,5.811081429509293
5294,x26_09.400,5.686090334026369
5295,x26_09.500,5.564382915965538
5296,x26_09.600,5.446166754080766
5297,x26_09.700,5.3316546366699615
5298,x26_09.800,5.221063555617776
5299,x26_09.900,5.114610324872325
5300,x26_10.000,5.012504460310036
5301,x26_10.100,4.9149392403047045
5302,x26_10.200,4.822082124395463
5303,x26_10.300,4.734065790058714
5304,x26_10.400,4.650980938480921
5305,x26_10.500,4.572871696145485
5306,x26_10.600,4.499734014721657
5307,x26_10.700,4.431517106400784
5308,x26_10.800,4.368127694453144
5309,x26_10.900,4.30943674206534
5310,x26_11.000,4.255288281865336
5311,x26_11.100,4.205509907340996
5312,x26_11.200,4.159924351062551
5313,x26_11.300,4.118361366496988
5314,x26_11.400,4.080668904608106
5315,x26_11.500,4.0467224457082285
5316,x26_11.600,4.016431384912855
5317,x26_11.700,3.9897416303997337
5318,x26_11.800,3.966634021973825
5319,x26_11.900,3.947118750959061
5320,x26_12.000,3.9312265304115024
5321,x26_12.100,3.918997723937514
5322,x26_12.200,3.910470877126615
5323,x26_12.300,3.9056720729027505
5324,x26_12.400,3.90460625922596
5325,x26_12.500,3.907251250096761
5326,x26_12.600,3.913554584736509
5327,x26_12.700,3.9234329595207824
5328,x26_12.800,3.9367735979384415
5329,x26_12.900,3.953436744091848
5330,x26_13.000,3.9732584562621223
5331,x26_13.100,3.9960529983626887
5332,x26_13.200,4.021614359893802
5333,x26_13.300,4.049716695873173
5334,x26_13.400,4.080113742240371
5335,x26_13.500,4.1125374787111255
5336,x26_13.600,4.146696438032281
5337,x26_13.700,4.182274115410084
5338,x26_13.800,4.2189278624287
5339,x26_13.900,4.256288545006553
5340,x26_14.000,4.293961092518421
5341,x26_14.100,4.331525918715487
5342,x26_14.200,4.368541085816453
5343,x26_14.300,4.404545021156495
5344,x26_14.400,4.439059577493808
5345,x26_14.500,4.471593255288879
5346,x26_14.600,4.501644448966959
5347,x26_14.700,4.528704650035628
5348,x26_14.800,4.552261556576038
5349,x26_14.900,4.571802132912932
5350,x26_15.000,4.586815660252808
5351,x26_15.100,4.596796859320903
5352,x26_15.200,4.60124914796647
5353,x26_15.300,4.599688163000748
5354,x26_15.400,4.591645588537029
5355,x26_15.500,4.576673377849018
5356,x26_15.600,4.554348423050193
5357,x26_15.700,4.5242777068618425
5358,x26_15.800,4.486103949990087
5359,x26_15.900,4.4395117410783955
5360,x26_16.000,4.384234108059905
5361,x26_16.100,4.320059464175126
5362,x26_16.200,4.24683883112747
5363,x26_16.300,4.1644932022631895
5364,x26_16.400,4.073020894191467
5365,x26_16.500,3.972504696545677
5366,x26_16.600,3.863118600580967
5367,x26_16.700,3.745133870144562
5368,x26_16.800,3.6189241979606024
5369,x26_16.900,3.4849696763325397
5370,x26_17.000,3.343859312937137
5371,x26_17.100,3.1962918281689254
5372,x26_17.200,3.0430744925798408
5373,x26_17.300,2.885119796388442
5374,x26_17.400,2.723439797655032
5375,x26_17.500,2.5591380525253733
5376,x26_17.600,2.393399118280235
5377,x26_17.700,2.227475693836898
5378,x26_17.800,2.062673565664818
5379,x26_17.900,1.9003346145315891
5380,x26_18.000,1.7418182016556008
5381,x26_18.100,1.588481411594062
5382,x26_18.200,1.441658539532016
5383,x26_18.300,1.3026403748613686
5384,x26_18.400,1.172653835056899
5385,x26_18.500,1.052842376202252
5386,x26_18.600,0.944247690472296
5387,x26_18.700,0.8477931352008655
5388,x26_18.800,0.7642691898241055
5389,x26_18.900,0.6943212458789685
5390,x26_19.000,0.6384399289033825
5391,x26_19.100,0.5969540957401149
5392,x26_19.200,0.5700265600751743
5393,x26_19.300,0.5576526043375511
5394,x26_19.400,0.5596612537927355
5395,x26_19.500,0.5757192764231203
5396,x26_19.600,0.6053378573922925
5397,x26_19.700,0.6478818347243791
5398,x26_19.800,0.7025814010036628
5399,x26_19.900,0.768546102502788
5400,x27_00.000,8.416184193248577
5401,x27_00.100,8.381551780791884
5402,x27_00.200,8.378972846932625
5403,x27_00.300,8.408619847007607
5404,x27_00.400,8.470653854217856
5405,x27_00.500,8.565191954297196
5406,x27_00.600,8.692268103665647
5407,x27_00.700,8.85178312678633
5408,x27_00.800,9.043436930602862
5409,x27_00.900,9.266634137773138
5410,x27_01.000,9.520353685801092
5411,x27_01.100,9.802973965491857
5412,x27_01.200,10.112048195261876
5413,x27_01.300,10.444030105198694
5414,x27_01.400,10.793957434505206
5415,x27_01.500,11.15510967211873
5416,x27_01.600,11.51866593293178
5417,x27_01.700,11.873398274693816
5418,x27_01.800,12.205443483085654
5419,x27_01.900,12.498203349557532
5420,x27_02.000,12.73242803721303
5421,x27_02.100,12.886540120097036
5422,x27_02.200,12.937254762121825
5423,x27_02.300,12.860543033608156
5424,x27_02.400,12.63296346422592
5425,x27_02.500,12.23334707151596
5426,x27_02.600,11.644763755844457
5427,x27_02.700,10.856629257540868
5428,x27_02.800,9.86674558617177
5429,x27_02.900,8.683023610662234
5430,x27_03.000,7.32462902350044
5431,x27_03.100,5.82232276141427
5432,x27_03.200,4.217826870987381
5433,x27_03.300,2.562125539978688
5434,x27_03.400,0.9127093735734808
5435,x27_03.500,-0.6700970477470231
5436,x27_03.600,-2.127415329078824
5437,x27_03.700,-3.406217893702733
5438,x27_03.800,-4.463273381931007
5439,x27_03.900,-5.268110196658843
5440,x27_04.000,-5.80471779495523
5441,x27_04.100,-6.072036796283927
5442,x27_04.200,-6.083533706034687
5443,x27_04.300,-5.866169187777636
5444,x27_04.400,-5.458853096893442
5445,x27_04.500,-4.910201006981076
5446,x27_04.600,-4.275297112855452
5447,x27_04.700,-3.6113555609702535
5448,x27_04.800,-2.9725911754722976
5449,x27_04.900,-2.405035421708605
5450,x27_05.000,-1.9422266621629705
5451,x27_05.100,-1.6025685747784826
5452,x27_05.200,-1.3887630966508977
5453,x27_05.300,-1.2892602856153783
5454,x27_05.400,-1.2812871426923185
5455,x27_05.500,-1.334802531306437
5456,x27_05.600,-1.416683352014118
5457,x27_05.700,-1.4945398330934074
5458,x27_05.800,-1.5397419501988736
5459,x27_05.900,-1.5294555140996844
5460,x27_06.000,-1.4476875406213692
5461,x27_06.100,-1.2854849406342028
5462,x27_06.200,-1.0405001331645949
5463,x27_06.300,-0.7161420700475042
5464,x27_06.400,-0.3204947942758555
5465,x27_06.500,0.1348621796173611
5466,x27_06.600,0.6360385351660259
5467,x27_06.700,1.1679562867156383
5468,x27_06.800,1.715360490420031
5469,x27_06.900,2.2636773309218636
5470,x27_07.000,2.7996914432568785
5471,x27_07.100,3.31202779849853
5472,x27_07.200,3.791439822920656
5473,x27_07.300,4.23091967937405
5474,x27_07.400,4.625658052446368
5475,x27_07.500,4.9728875293374895
5476,x27_07.600,5.271645207819355
5477,x27_07.700,5.522488253712661
5478,x27_07.800,5.727191269669567
5479,x27_07.900,5.888448163128285
5480,x27_08.000,6.009594928263949
5481,x27_08.100,6.094363726987068
5482,x27_08.200,6.14667381617691
5483,x27_08.300,6.170461106213758
5484,x27_08.400,6.169545095213449
5485,x27_08.500,6.147530571832766
5486,x27_08.600,6.107739899417475
5487,x27_08.700,6.053171520385986
5488,x27_08.800,5.986479980338886
5489,x27_08.900,5.909973075359845
5490,x27_09.000,5.82562203532459
5491,x27_09.100,5.735081073449335
5492,x27_09.200,5.63971329105481
5493,x27_09.300,5.540620432057104
5494,x27_09.400,5.438674547061176
5495,x27_09.500,5.334550080712943
5496,x27_09.600,5.22875526821778
5497,x27_09.700,5.12166196310055
5498,x27_09.800,5.013533193496855
5499,x27_09.900,4.904547881338653
5500,x27_10.000,4.794822303434142
5501,x27_10.100,4.684428069960744
5502,x27_10.200,4.573406629113223
5503,x27_10.300,4.461780547801372
5504,x27_10.400,4.349562007611251
5505,x27_10.500,4.236759049061369
5506,x27_10.600,4.123380072435562
5507,x27_10.700,4.00943697809492
5508,x27_10.800,3.8949471494471473
5509,x27_10.900,3.7799343098662206
5510,x27_11.000,3.6644281716455143
5511,x27_11.100,3.5484627758550205
5512,x27_11.200,3.4320734992738293
5513,x27_11.300,3.315292854040286
5514,x27_11.400,3.1981453900602372
5515,x27_11.500,3.080642182054804
5516,x27_11.600,2.9627755077639857
5517,x27_11.700,2.844514375873634
5518,x27_11.800,2.7258015325441596
5519,x27_11.900,2.606552462434694
5520,x27_12.000,2.486656720722585
5521,x27_12.100,2.365981698415269
5522,x27_12.200,2.2443786805028156
5523,x27_12.300,2.121690825058637
5524,x27_12.400,1.9977625145276616
5525,x27_12.500,1.8724494232932456
5526,x27_12.600,1.7456286317652063
5527,x27_12.700,1.6172081567168874
5528,x27_12.800,1.4871353838717831
5529,x27_12.900,1.355404024719009
5530,x27_13.000,1.2220593668049904
5531,x27_13.100,1.087201723577337
5532,x27_13.200,0.9509881009915032
5533,x27_13.300,0.8136321740922832
5534,x27_13.400,0.6754027126270328
5535,x27_13.500,0.5366206072365738
5536,x27_13.600,0.3976546549046088
5537,x27_13.700,0.2589162349966495
5538,x27_13.800,0.1208530305774386
5539,x27_13.900,-0.0160580532996881
5540,x27_14.000,-0.1513185939380484
5541,x27_14.100,-0.2844167616707241
5542,x27_14.200,-0.414835592975772
5543,x27_14.300,-0.5420611649502058
5544,x27_14.400,-0.6655904066818379
5545,x27_14.500,-0.7849383085905645
5546,x27_14.600,-0.8996443282575004
5547,x27_14.700,-1.009277857225787
5548,x27_14.800,-1.11344263832786
5549,x27_14.900,-1.2117801273373914
5550,x27_15.000,-1.303971809464126
5551,x27_15.100,-1.3897405389103337
5552,x27_15.200,-1.4688509827472231
5553,x27_15.300,-1.5411093052328155
5554,x27_15.400,-1.606362187719953
5555,x27_15.500,-1.6644953155656317
5556,x27_15.600,-1.7154314448742525
5557,x27_15.700,-1.7591281544588684
5558,x27_15.800,-1.79557537894646
5559,x27_15.900,-1.8247928103004711
5560,x27_16.000,-1.846827247406267
5561,x27_16.100,-1.8617499689042616
5562,x27_16.200,-1.8696542001114769
5563,x27_16.300,-1.8706527475643455
5564,x27_16.400,-1.8648758715039992
5565,x27_16.500,-1.852469461975683
5566,x27_16.600,-1.8335935884595749
5567,x27_16.700,-1.8084214776543668
5568,x27_16.800,-1.777138963065625
5569,x27_16.900,-1.739944427284597
5570,x27_17.000,-1.6970492316613992
5571,x27_17.100,-1.6486785905521224
5572,x27_17.200,-1.5950728065079345
5573,x27_17.300,-1.5364887372676366
5574,x27_17.400,-1.473201320713457
5575,x27_17.500,-1.405504940609147
5576,x27_17.600,-1.3337143850197888
5577,x27_17.700,-1.258165126372414
5578,x27_17.800,-1.1792126528670444
5579,x27_17.900,-1.0972305995173688
5580,x27_18.000,-1.012607464307368
5581,x27_18.100,-0.9257417856162672
5582,x27_18.200,-0.8370357068067525
5583,x27_18.300,-0.7468869961762071
5584,x27_18.400,-0.6556797093747789
5585,x27_18.500,-0.5637737674196899
5586,x27_18.600,-0.4714938731896518
5587,x27_18.700,-0.3791182859166714
5588,x27_18.800,-0.2868680171081288
5589,x27_18.900,-0.1948970753571457
5590,x27_19.000,-0.1032843752243146
5591,x27_19.100,-0.0120278846431635
5592,x27_19.200,0.0789585060450715
5593,x27_19.300,0.1698450186239559
5594,x27_19.400,0.2608827119107756
5595,x27_19.500,0.3523968506708147
5596,x27_19.600,0.444777042645346
5597,x27_19.700,0.5384644732849421
5598,x27_19.800,0.633936689297469
5599,x27_19.900,0.7316905535457976
5600,x28_00.000,8.03657126740007
5601,x28_00.100,8.383729625089636
5602,x28_00.200,8.732737177439303
5603,x28_00.300,9.084169806294502
5604,x28_00.400,9.437360124224888
5605,x28_00.500,9.790276256736773
5606,x28_00.600,10.139371262396397
5607,x28_00.700,10.479415272556016
5608,x28_00.800,10.803328068405971
5609,x28_00.900,11.102036154266234
5610,x28_01.000,11.36438537495222
5611,x28_01.100,11.577146738787588
5612,x28_01.200,11.725158559920612
5613,x28_01.300,11.79165058575032
5614,x28_01.400,11.75879312658265
5615,x28_01.500,11.60850391825965
5616,x28_01.600,11.323524851539302
5617,x28_01.700,10.888749694890738
5618,x28_01.800,10.292741844555348
5619,x28_01.900,9.529336540816992
5620,x28_02.000,8.599178595653795
5621,x28_02.100,7.511015526060517
5622,x28_02.200,6.282551969833545
5623,x28_02.300,4.9406785000023135
5624,x28_02.400,3.520917347350616
5625,x28_02.500,2.065986838134562
5626,x28_02.600,0.6234845345489249
5627,x28_02.700,-0.7571714635966008
5628,x28_02.800,-2.028238992498314
5629,x28_02.900,-3.1471458850291625
5630,x28_03.000,-4.079510678940904
5631,x28_03.100,-4.80133942817173
5632,x28_03.200,-5.3002943271107865
5633,x28_03.300,-5.576186665202423
5634,x28_03.400,-5.6409582772443825
5635,x28_03.500,-5.518295143195633
5636,x28_03.600,-5.242720784732441
5637,x28_03.700,-4.857743575850064
5638,x28_03.800,-4.412614663895211
5639,x28_03.900,-3.957603296917131
5640,x28_04.000,-3.538306366689105
5641,x28_04.100,-3.190085798659015
5642,x28_04.200,-2.9339613825831043
5643,x28_04.300,-2.775032835864148
5644,x28_04.400,-2.7038470339219125
5645,x28_04.500,-2.70031683357094
5646,x28_04.600,-2.73912745568203
5647,x28_04.700,-2.7952528284072353
5648,x28_04.800,-2.8483244415303637
5649,x28_04.900,-2.885065179325115
5650,x28_05.000,-2.8996224014640855
5651,x28_05.100,-2.892186885843652
5652,x28_05.200,-2.8666189494223144
5653,x28_05.300,-2.8278814606982254
5654,x28_05.400,-2.7799494169551067
5655,x28_05.500,-2.7246115304982994
5656,x28_05.600,-2.661284914645147
5657,x28_05.700,-2.5876987743473423
5658,x28_05.800,-2.5011179226348847
5659,x28_05.900,-2.39970144125998
5660,x28_06.000,-2.283626409146906
5661,x28_06.100,-2.155724407837591
5662,x28_06.200,-2.021534071126861
5663,x28_06.300,-1.8888194461864096
5664,x28_06.400,-1.7667076388275924
5665,x28_06.500,-1.6646462121912955
5666,x28_06.600,-1.5913748323286236
5667,x28_06.700,-1.554063471239474
5668,x28_06.800,-1.5577094609788609
5669,x28_06.900,-1.604825823932807
5670,x28_07.000,-1.6954047985379137
5671,x28_07.100,-1.8271090687145612
5672,x28_07.200,-1.9956280222495415
5673,x28_07.300,-2.195134542487871
5674,x28_07.400,-2.418784209050593
5675,x28_07.500,-2.6592098257875407
5676,x28_07.600,-2.9089757215733703
5677,x28_07.700,-3.160967890883605
5678,x28_07.800,-3.408705819091432
5679,x28_07.900,-3.646570311116155
5680,x28_08.000,-3.86994814271283
5681,x28_08.100,-4.075299930893597
5682,x28_08.200,-4.26016110106348
5683,x28_08.300,-4.4230882886564205
5684,x28_08.400,-4.563564669084564
5685,x28_08.500,-4.681877405797458
5686,x28_08.600,-4.77897957420679
5687,x28_08.700,-4.856347110315026
5688,x28_08.800,-4.91583926498881
5689,x28_08.900,-4.959568899601681
5690,x28_09.000,-4.989786935826226
5691,x28_09.100,-5.008783350542466
5692,x28_09.200,-5.01880576512197
5693,x28_09.300,-5.021995464931212
5694,x28_09.400,-5.0203399046012285
5695,x28_09.500,-5.015640167476504
5696,x28_09.600,-5.0094915479664515
5697,x28_09.700,-5.003275206003986
5698,x28_09.800,-4.9981587922797885
5699,x28_09.900,-4.995104013333497
5700,x28_10.000,-4.994879205562256
5701,x28_10.100,-4.998075189405569
5702,x28_10.200,-5.005122937288614
5703,x28_10.300,-5.016311838318941
5704,x28_10.400,-5.031807654579821
5705,x28_10.500,-5.051669516006683
5706,x28_10.600,-5.075865517076458
5707,x28_10.700,-5.1042866715965465
5708,x28_10.800,-5.136759103697231
5709,x28_10.900,-5.17305443606902
5710,x28_11.000,-5.212898395364374
5711,x28_11.100,-5.25597766995017
5712,x28_11.200,-5.301945055732252
5713,x28_11.300,-5.350422918468113
5714,x28_11.400,-5.401004980302623
5715,x28_11.500,-5.453256445250413
5716,x28_11.600,-5.506712490351544
5717,x28_11.700,-5.560875218252911
5718,x28_11.800,-5.615209239895194
5719,x28_11.900,-5.66913620926202
5720,x28_12.000,-5.722028766711544
5721,x28_12.100,-5.773204501205635
5722,x28_12.200,-5.821920703337673
5723,x28_12.300,-5.867370765686902
5724,x28_12.400,-5.908683133219246
5725,x28_12.500,-5.944923646390824
5726,x28_12.600,-5.97510203348406
5727,x28_12.700,-5.998183023556338
5728,x28_12.800,-6.013102290994821
5729,x28_12.900,-6.018787054200385
5730,x28_13.000,-6.0141807712451625
5731,x28_13.100,-5.998270922722482
5732,x28_13.200,-5.970118594036664
5733,x28_13.300,-5.928888246812703
5734,x28_13.400,-5.873875944796841
5735,x28_13.500,-5.804534309551232
5736,x28_13.600,-5.720492620085069
5737,x28_13.700,-5.621570809645297
5738,x28_13.800,-5.507786482238387
5739,x28_13.900,-5.3793545997835315
5740,x28_14.000,-5.236679993495329
5741,x28_14.100,-5.080343344237899
5742,x28_14.200,-4.911081693869114
5743,x28_14.300,-4.7297648510904375
5744,x28_14.400,-4.537369231712212
5745,x28_14.500,-4.334950702104862
5746,x28_14.600,-4.123617900625229
5747,x28_14.700,-3.9045072733298354
5748,x28_14.800,-3.678760865706419
5749,x28_14.900,-3.4475074799536203
5750,x28_15.000,-3.2118475668894257
5751,x28_15.100,-2.9728418819182134
5752,x28_15.200,-2.731503747011907
5753,x28_15.300,-2.4887944300301506
5754,x28_15.400,-2.245621206284703
5755,x28_15.500,-2.0028374779448797
5756,x28_15.600,-1.7612443544903609
5757,x28_15.700,-1.5215931282060549
5758,x28_15.800,-1.2845881367126557
5759,x28_15.900,-1.0508895862732142
5760,x28_16.000,-0.8211160027433836
5761,x28_16.100,-0.5958460632859098
5762,x28_16.200,-0.3756196450376777
5763,x28_16.300,-0.1609380355173241
5764,x28_16.400,0.0477367134421001
5765,x28_16.500,0.2499832425197695
5766,x28_16.600,0.4454230270943744
5767,x28_16.700,0.6337230709422185
5768,x28_16.800,0.8145989720976604
5769,x28_16.900,0.9878181633271192
5770,x28_17.000,1.1532031084204653
5771,x28_17.100,1.3106342323731752
5772,x28_17.200,1.460052359997957
5773,x28_17.300,1.6014604449399117
5774,x28_17.400,1.7349243867298825
5775,x28_17.500,1.8605727586629337
5776,x28_17.600,1.978595305797752
5777,x28_17.700,2.0892401169943424
5778,x28_17.800,2.1928094319033407
5779,x28_17.900,2.2896541068489453
5780,x28_18.000,2.380166824660761
5781,x28_18.100,2.464774226772284
5782,x28_18.200,2.5439281693062106
5783,x28_18.300,2.618096393783887
5784,x28_18.400,2.687752947991728
5785,x28_18.500,2.753368670397802
5786,x28_18.600,2.815402089108986
5787,x28_18.700,2.8742910645142405
5788,x28_18.800,2.9304454208392112
5789,x28_18.900,2.984240780006812
5790,x28_19.000,3.0360137198906347
5791,x28_19.100,3.0860583044895487
5792,x28_19.200,3.134623926730214
5793,x28_19.300,3.1819143692404697
5794,x28_19.400,3.228087904353776
5795,x28_19.500,3.273258229396992
5796,x28_19.600,3.3174960157765128
5797,x28_19.700,3.360830867753181
5798,x28_19.800,3.4032535003898734
5799,x28_19.900,3.444718000745283
5800,x29_00.000,10.454376881176378
5801,x29_00.100,10.511462877858929
5802,x29_00.200,10.556734759769697
5803,x29_00.300,10.579901128911498
5804,x29_00.400,10.569689437291313
5805,x29_00.500,10.514040133526931
5806,x29_00.600,10.400426489347325
5807,x29_00.700,10.216323411925847
5808,x29_00.800,9.949837844805526
5809,x29_00.900,9.590496666472095
5810,x29_01.000,9.130165460037118
5811,x29_01.100,8.564043959994212
5812,x29_01.200,7.891654781447352
5813,x29_01.300,7.11771556004007
5814,x29_01.400,6.2527669156685866
5815,x29_01.500,5.31342633978973
5816,x29_01.600,4.322157336619911
5817,x29_01.700,3.3064869502356387
5818,x29_01.800,2.2976736300857756
5819,x29_01.900,1.3289084028399216
5820,x29_02.000,0.433209077424043
5821,x29_02.100,-0.3587890534259916
5822,x29_02.200,-1.0209488216777236
5823,x29_02.300,-1.5335169589317852
5824,x29_02.400,-1.8847222666058916
5825,x29_02.500,-2.072070988569287
5826,x29_02.600,-2.1032820718627363
5827,x29_02.700,-1.9966745661040644
5828,x29_02.800,-1.7806694708716158
5829,x29_02.900,-1.492022037779644
5830,x29_03.000,-1.1725623530239917
5831,x29_03.100,-0.8646034158822844
5832,x29_03.200,-0.6056605335446483
5833,x29_03.300,-0.4235113588543304
5834,x29_03.400,-0.3327334984619105
5835,x29_03.500,-0.3336096522552544
5836,x29_03.600,-0.4137350528088128
5837,x29_03.700,-0.5519499978783547
5838,x29_03.800,-0.7235674061228322
5839,x29_03.900,-0.9055051623292738
5840,x29_04.000,-1.0800237968177722
5841,x29_04.100,-1.236301157490828
5842,x29_04.200,-1.3698425594381725
5843,x29_04.300,-1.480417826544916
5844,x29_04.400,-1.569573669916677
5845,x29_04.500,-1.6386898389189417
5846,x29_04.600,-1.688118575581587
5847,x29_04.700,-1.7173911599093323
5848,x29_04.800,-1.72604464767059
5849,x29_04.900,-1.7144808755941554
5850,x29_05.000,-1.6844213595201505
5851,x29_05.100,-1.6388242288584007
5852,x29_05.200,-1.5813981356540407
5853,x29_05.300,-1.5159672853834785
5854,x29_05.400,-1.4459096545467884
5855,x29_05.500,-1.3737833433119542
5856,x29_05.600,-1.3011573228063482
5857,x29_05.700,-1.2286134757932876
5858,x29_05.800,-1.1558794239424692
5859,x29_05.900,-1.0820577585954625
5860,x29_06.000,-1.0059149388109252
5861,x29_06.100,-0.9261807828878468
5862,x29_06.200,-0.841799422804515
5863,x29_06.300,-0.7520780277686931
5864,x29_06.400,-0.656703632191525
5865,x29_06.500,-0.5556339651925046
5866,x29_06.600,-0.4489021556701943
5867,x29_06.700,-0.3363962678391599
5868,x29_06.800,-0.2176773378501892
5869,x29_06.900,-0.0918853363882099
5870,x29_07.000,0.0422422519496488
5871,x29_07.100,0.1862416992031865
5872,x29_07.200,0.3417091678315844
5873,x29_07.300,0.5100405909482925
5874,x29_07.400,0.692168341233146
5875,x29_07.500,0.888333480310517
5876,x29_07.600,1.0979227798730276
5877,x29_07.700,1.319387264161738
5878,x29_07.800,1.5502466999793767
5879,x29_07.900,1.787173850976209
5880,x29_08.000,2.026144336228198
5881,x29_08.100,2.2626333122472024
5882,x29_08.200,2.491838339796308
5883,x29_08.300,2.7089084632949967
5884,x29_08.400,2.909162497924594
5885,x29_08.500,3.0882827019497334
5886,x29_08.600,3.242474803987248
5887,x29_08.700,3.3685889609717776
5888,x29_08.800,3.46419996312064
5889,x29_08.900,3.527647533933328
5890,x29_09.000,3.5580395928232993
5891,x29_09.100,3.555222656598807
5892,x29_09.200,3.519724275069263
5893,x29_09.300,3.4526729599228383
5894,x29_09.400,3.355701400598608
5895,x29_09.500,3.230838943088118
5896,x29_09.600,3.080399386095208
5897,x29_09.700,2.9068699059914316
5898,x29_09.800,2.7128063583215396
5899,x29_09.900,2.500739386332963
5900,x29_10.000,2.27309456125147
5901,x29_10.100,2.0321284602383267
5902,x29_10.200,1.7798813722324631
5903,x29_10.300,1.518146049905314
5904,x29_10.400,1.248451205564906
5905,x29_10.500,0.972057921426606
5906,x29_10.600,0.6899668238541383
5907,x29_10.700,0.4029340759910454
5908,x29_10.800,0.1114943670015588
5909,x29_10.900,-0.1840105440481749
5910,x29_11.000,-0.4833988772052749
5911,x29_11.100,-0.7866122728604288
5912,x29_11.200,-1.093676197603457
5913,x29_11.300,-1.4046577211712463
5914,x29_11.400,-1.7196210014191402
5915,x29_11.500,-2.0385808474133436
5916,x29_11.600,-2.3614548510073625
5917,x29_11.700,-2.6880148022073755
5918,x29_11.800,-3.0178384251715924
5919,x29_11.900,-3.35026285322842
5920,x29_12.000,-3.684341743477591
5921,x29_12.100,-4.018808382596694
5922,x29_12.200,-4.352047609176597
5923,x29_12.300,-4.682079705404665
5924,x29_12.400,-5.006559553541195
5925,x29_12.500,-5.322794132335973
5926,x29_12.600,-5.6277809941756765
5927,x29_12.700,-5.918269178104334
5928,x29_12.800,-6.190842663897522
5929,x29_12.900,-6.442024575556842
5930,x29_13.000,-6.66839835921321
5931,x29_13.100,-6.8667399611651145
5932,x29_13.200,-7.0341535675172775
5933,x29_13.300,-7.168202159648204
5934,x29_13.400,-7.267023889459643
5935,x29_13.500,-7.3294258944501
5936,x29_13.600,-7.3549486201997425
5937,x29_13.700,-7.343896016469957
5938,x29_13.800,-7.297329540830016
5939,x29_13.900,-7.21702681887526
5940,x29_14.000,-7.105408405797312
5941,x29_14.100,-6.965438293097417
5942,x29_14.200,-6.800505341229781
5943,x29_14.300,-6.6142936050060515
5944,x29_14.400,-6.410649600473896
5945,x29_14.500,-6.193453946266784
5946,x29_14.600,-5.9665037049580665
5947,x29_14.700,-5.733410171644007
5948,x29_14.800,-5.4975155219671255
5949,x29_14.900,-5.261829702479024
5950,x29_15.000,-5.028987760990595
5951,x29_15.100,-4.8012264443728645
5952,x29_15.200,-4.580378108241206
5953,x29_15.300,-4.367879073819364
5954,x29_15.400,-4.164789695362747
5955,x29_15.500,-3.971823066646419
5956,x29_15.600,-3.789379589223136
5957,x29_15.700,-3.61758493490506
5958,x29_15.800,-3.456329336451968
5959,x29_15.900,-3.3053065648488658
5960,x29_16.000,-3.1640513716006113
5961,x29_16.100,-3.03197454604109
5962,x29_16.200,-2.908395066671201
5963,x29_16.300,-2.792569043793477
5964,x29_16.400,-2.683715369137501
5965,x29_16.500,-2.581038132734303
5966,x29_16.600,-2.4837458943536155
5967,x29_16.700,-2.391067990737633
5968,x29_16.800,-2.302268056362543
5969,x29_16.900,-2.216654944838003
5970,x29_17.000,-2.1335912186972203
5971,x29_17.100,-2.052499376025579
5972,x29_17.200,-1.9728659711432583
5973,x29_17.300,-1.8942437871639144
5974,x29_17.400,-1.8162522230304272
5975,x29_17.500,-1.7385760733834796
5976,x29_17.600,-1.6609628946083128
5977,x29_17.700,-1.58321917417909
5978,x29_17.800,-1.5052055371164597
5979,x29_17.900,-1.4268312403831764
5980,x29_18.000,-1.3480482147919064
5981,x29_18.100,-1.268844911496188
5982,x29_18.200,-1.189240206141215
5983,x29_18.300,-1.1092775871323737
5984,x29_18.400,-1.0290198316429346
5985,x29_18.500,-0.9485443324454071
5986,x29_18.600,-0.8679391981789134
5987,x29_18.700,-0.787300209211739
5988,x29_18.800,-0.7067286589867687
5989,x29_18.900,-0.6263300728275295
5990,x29_19.000,-0.5462137538490561
5991,x29_19.100,-0.4664930726102073
5992,x29_19.200,-0.3872863791635962
5993,x29_19.300,-0.3087184024757232
5994,x29_19.400,-0.2309219762296835
5995,x29_19.500,-0.1540399213458472
5996,x29_19.600,-0.0782269058926747
5997,x29_19.700,-0.0036511164745538
5998,x29_19.800,0.0695044344707943
5999,x29_19.900,0.1410411117382519
6000,x30_00.000,9.466054539715548
6001,x30_00.100,9.310980855625257
6002,x30_00.200,9.084227568024042
6003,x30_00.300,8.785418072818043
6004,x30_00.400,8.415852409464188
6005,x30_00.500,7.979046957759536
6006,x30_00.600,7.481191209836038
6007,x30_00.700,6.931460553914916
6008,x30_00.800,6.342120953271193
6009,x30_00.900,5.728367769475836
6010,x30_01.000,5.107857715638408
6011,x30_01.100,4.499920146993613
6012,x30_01.200,3.924468096479999
6013,x30_01.300,3.400666053284237
6014,x30_01.400,2.9454456269364893
6015,x30_01.500,2.571989006548821
6016,x30_01.600,2.288324889784414
6017,x30_01.700,2.0962042969415173
6018,x30_01.800,1.9904459990501564
6019,x30_01.900,1.958949700436988
6020,x30_02.000,1.983551388317193
6021,x30_02.100,2.041811493652745
6022,x30_02.200,2.109668253587071
6023,x30_02.300,2.164672971760154
6024,x30_02.400,2.1892995145694436
6025,x30_02.500,2.1736610923237567
6026,x30_02.600,2.1169573796130066
6027,x30_02.700,2.027164092339316
6028,x30_02.800,1.918863829199014
6029,x30_02.900,1.8096201743339908
6030,x30_03.000,1.715754887070276
6031,x30_03.100,1.6486171888779946
6032,x30_03.200,1.6123159883329088
6033,x30_03.300,1.603438708034845
6034,x30_03.400,1.6126665646880598
6035,x30_03.500,1.6276390388506627
6036,x30_03.600,1.6361105070376751
6037,x30_03.700,1.6284709111717093
6038,x30_03.800,1.5990391941797808
6039,x30_03.900,1.5460383142771643
6040,x30_04.000,1.4706139112429004
6041,x30_04.100,1.3754869632069138
6042,x30_04.200,1.2637816480378343
6043,x30_04.300,1.1383339108747104
6044,x30_04.400,1.001517651060234
6045,x30_04.500,0.8554372582112552
6046,x30_04.600,0.7022598590944044
6047,x30_04.700,0.5444781994245965
6048,x30_04.800,0.3849745878954041
6049,x30_04.900,0.2268649446212499
6050,x30_05.000,0.0731994465272913
6051,x30_05.100,-0.0733555010862947
6052,x30_05.200,-0.2107435292446809
6053,x30_05.300,-0.3375988145465448
6054,x30_05.400,-0.4531884152537088
6055,x30_05.500,-0.5572626704968442
6056,x30_05.600,-0.6498690384037626
6057,x30_05.700,-0.7311742799770394
6058,x30_05.800,-0.8013232154625726
6059,x30_05.900,-0.8603478176256576
6060,x30_06.000,-0.9081297092314152
6061,x30_06.100,-0.944410427314882
6062,x30_06.200,-0.9688358551530708
6063,x30_06.300,-0.9810151018273454
6064,x30_06.400,-0.9805720873707447
6065,x30_06.500,-0.9671716098073326
6066,x30_06.600,-0.9405098059119984
6067,x30_06.700,-0.9002688647822502
6068,x30_06.800,-0.8460445456352
6069,x30_06.900,-0.7772604549079495
6070,x30_07.000,-0.693084816927656
6071,x30_07.100,-0.5923643933975525
6072,x30_07.200,-0.473587439784716
6073,x30_07.300,-0.3348839261300382
6074,x30_07.400,-0.1740671462890239
6075,x30_07.500,0.0112833722720222
6076,x30_07.600,0.2237020574001652
6077,x30_07.700,0.4656886095464128
6078,x30_07.800,0.7395411616215927
6079,x30_07.900,1.0471831020860125
6080,x30_08.000,1.389995017015135
6081,x30_08.100,1.7686612857782555
6082,x30_08.200,2.1830384973467565
6083,x30_08.300,2.6320504006993777
6084,x30_08.400,3.1136125556481833
6085,x30_08.500,3.62458943079615
6086,x30_08.600,4.160787554001318
6087,x30_08.700,4.7169897110682255
6088,x30_08.800,5.287036615420402
6089,x30_08.900,5.86396242951011
6090,x30_09.000,6.440188327649965
6091,x30_09.100,7.007773895859519
6092,x30_09.200,7.558718661962478
6093,x30_09.300,8.085297787323302
6094,x30_09.400,8.580407756765707
6095,x30_09.500,9.037892489536372
6096,x30_09.600,9.45281891892654
6097,x30_09.700,9.821675291714667
6098,x30_09.800,10.142474215947152
6099,x30_09.900,10.414754218023877
6100,x30_10.000,10.63948600306741
6101,x30_10.100,10.818899810174232
6102,x30_10.200,10.956256854640849
6103,x30_10.300,11.055589747979834
6104,x30_10.400,11.121435034088714
6105,x30_10.500,11.158576609194052
6106,x30_10.600,11.171812618370526
6107,x30_10.700,11.165753182065917
6108,x30_10.800,11.144651174112177
6109,x30_10.900,11.11226516672752
6110,x30_11.000,11.071751293581062
6111,x30_11.100,11.02558023157444
6112,x30_11.200,10.975475550821647
6113,x30_11.300,10.922370448546513
6114,x30_11.400,10.866381114479443
6115,x30_11.500,10.80679626838368
6116,x30_11.600,10.742083805264569
6117,x30_11.700,10.6699166971579
6118,x30_11.800,10.587221187661555
6119,x30_11.900,10.49025095217506
6120,x30_12.000,10.374690804504183
6121,x30_12.100,10.235792738028795
6122,x30_12.200,10.06854572116529
6123,x30_12.300,9.867878165387411
6124,x30_12.400,9.628888889670955
6125,x30_12.500,9.347098614299
6126,x30_12.600,9.018710418776609
6127,x30_12.700,8.640863777611075
6128,x30_12.800,8.21186464585875
6129,x30_12.900,7.73137321398104
6130,x30_13.000,7.200532332684241
6131,x30_13.100,6.622023238271052
6132,x30_13.200,6.000040855635047
6133,x30_13.300,5.34018779214621
6134,x30_13.400,4.649293385670605
6135,x30_13.500,3.9351705440635447
6136,x30_13.600,3.2063281327366973
6137,x30_13.700,2.471658779632371
6138,x30_13.800,1.7401228678101708
6139,x30_13.900,1.0204473730163073
6140,x30_14.000,0.3208551217936868
6141,x30_14.100,-0.351163870305952
6142,x30_14.200,-0.9890315742384488
6143,x30_14.300,-1.58720818760592
6144,x30_14.400,-2.1412653896397735
6145,x30_14.500,-2.6479094669127243
6146,x30_14.600,-3.1049593568774907
6147,x30_14.700,-3.5112863183242
6148,x30_14.800,-3.8667228589398386
6149,x30_14.900,-4.171949300767109
6150,x30_15.000,-4.428366209824942
6151,x30_15.100,-4.637960539308951
6152,x30_15.200,-4.803172605607906
6153,x30_15.300,-4.926769611177967
6154,x30_15.400,-5.011730372027738
6155,x30_15.500,-5.061144346122887
6156,x30_15.600,-5.078126698372788
6157,x30_15.700,-5.065749934205729
6158,x30_15.800,-5.026991599210117
6159,x30_15.900,-4.964696777577723
6160,x30_16.000,-4.881553601247219
6161,x30_16.100,-4.780079665121214
6162,x30_16.200,-4.662617122945199
6163,x30_16.300,-4.531334421045563
6164,x30_16.400,-4.38823264804006
6165,x30_16.500,-4.235154744427688
6166,x30_16.600,-4.073796233728192
6167,x30_16.700,-3.9057163000933097
6168,x30_16.800,-3.732348397470891
6169,x30_16.900,-3.5550098267647203
6170,x30_17.000,-3.374909985908018
6171,x30_17.100,-3.1931571807558967
6172,x30_17.200,-3.0107640581008366
6173,x30_17.300,-2.828651840552532
6174,x30_17.400,-2.6476536254116905
6175,x30_17.500,-2.4685170452636385
6176,x30_17.600,-2.291906601110941
6177,x30_17.700,-2.11840594887805
6178,x30_17.800,-1.9485203835816576
6179,x30_17.900,-1.7826797040303528
6180,x30_18.000,-1.6212415706257688
6181,x30_18.100,-1.4644954244099009
6182,x30_18.200,-1.3126669333742376
6183,x30_18.300,-1.165922918402042
6184,x30_18.400,-1.0243766558296323
6185,x30_18.500,-0.888093411965218
6186,x30_18.600,-0.7570960721795946
6187,x30_18.700,-0.6313707130390727
6188,x30_18.800,-0.5108719738148465
6189,x30_18.900,-0.395528104586077
6190,x30_19.000,-0.2852455879569108
6191,x30_19.100,-0.1799132544237962
6192,x30_19.200,-0.0794058460790403
6193,x30_19.300,0.0164130012581696
6194,x30_19.400,0.1076883567519089
6195,x30_19.500,0.1945721553957723
6196,x30_19.600,0.277221880194626
6197,x30_19.700,0.3557997246697021
6198,x30_19.800,0.430472164662656
6199,x30_19.900,0.5014098774963922
6200,x31_00.000,7.032169773282972
6201,x31_00.100,6.693863287214282
6202,x31_00.200,6.345661312306895
6203,x31_00.300,5.996071289304671
6204,x31_00.400,5.654632378181582
6205,x31_00.500,5.331351710418051
6206,x31_00.600,5.036036137552456
6207,x31_00.700,4.777567513468462
6208,x31_00.800,4.56318852632369
6209,x31_00.900,4.397882591638739
6210,x31_01.000,4.283941413864646
6211,x31_01.100,4.2208125695234955
6212,x31_01.200,4.205300224000154
6213,x31_01.300,4.232149483770527
6214,x31_01.400,4.2949774924934685
6215,x31_01.500,4.3874293778006885
6216,x31_01.600,4.504352752989394
6217,x31_01.700,4.6427289498850675
6218,x31_01.800,4.802102062325917
6219,x31_01.900,4.9843299563631716
6220,x31_02.000,5.192639991044312
6221,x31_02.100,5.430172817500514
6222,x31_02.200,5.698379224135232
6223,x31_02.300,5.9957280516115485
6224,x31_02.400,6.3171400767014925
6225,x31_02.500,6.6543775351236
6226,x31_02.600,6.99733647765119
6227,x31_02.700,7.335898424564053
6228,x31_02.800,7.661801753509778
6229,x31_02.900,7.969975151532871
6230,x31_03.000,8.258957335008278
6231,x31_03.100,8.530341967493552
6232,x31_03.200,8.787505042118053
6233,x31_03.300,9.034065275890542
6234,x31_03.400,9.272539479012782
6235,x31_03.500,9.503519616233817
6236,x31_03.600,9.725497910452724
6237,x31_03.700,9.935275011460964
6238,x31_03.800,10.128747024412268
6239,x31_03.900,10.301803794351503
6240,x31_04.000,10.451093466590684
6241,x31_04.100,10.574503003357073
6242,x31_04.200,10.671326925253029
6243,x31_04.300,10.742193291675784
6244,x31_04.400,10.788855603434902
6245,x31_04.500,10.813945499232496
6246,x31_04.600,10.820739652101828
6247,x31_04.700,10.812952419283192
6248,x31_04.800,10.794540830300429
6249,x31_04.900,10.769505308256871
6250,x31_05.000,10.741682274722088
6251,x31_05.100,10.714541704250705
6252,x31_05.200,10.691012418454632
6253,x31_05.300,10.67335590863595
6254,x31_05.400,10.663098997724086
6255,x31_05.500,10.661023597269065
6256,x31_05.600,10.667203704442992
6257,x31_05.700,10.681077149042098
6258,x31_05.800,10.701540942164868
6259,x31_05.900,10.727062147120298
6260,x31_06.000,10.755799028209434
6261,x31_06.100,10.78572890745503
6262,x31_06.200,10.814779210996765
6263,x31_06.300,10.840957180665328
6264,x31_06.400,10.862472154344552
6265,x31_06.500,10.877843466367286
6266,x31_06.600,10.885987546785966
6267,x31_06.700,10.886279693361477
6268,x31_06.800,10.878588874448267
6269,x31_06.900,10.863286733849217
6270,x31_07.000,10.841233891866509
6271,x31_07.100,10.81374714684689
6272,x31_07.200,10.782550231787928
6273,x31_07.300,10.749708757549016
6274,x31_07.400,10.71754755497017
6275,x31_07.500,10.688546443617156
6276,x31_07.600,10.66520954783317
6277,x31_07.700,10.649903754102706
6278,x31_07.800,10.64466427382394
6279,x31_07.900,10.65096911751834
6280,x31_08.000,10.66948940861937
6281,x31_08.100,10.699827919841471
6282,x31_08.200,10.740263974245275
6283,x31_08.300,10.787528062729631
6284,x31_08.400,10.836634162818712
6285,x31_08.500,10.880800822173642
6286,x31_08.600,10.911493243652217
6287,x31_08.700,10.918615697386198
6288,x31_08.800,10.89087589446886
6289,x31_08.900,10.816328014496658
6290,x31_09.000,10.683079107169345
6291,x31_09.100,10.480116991434071
6292,x31_09.200,10.198188521585578
6293,x31_09.300,9.830634314330416
6294,x31_09.400,9.374075342425824
6295,x31_09.500,8.82885534347798
6296,x31_09.600,8.199172002080726
6297,x31_09.700,7.492875731938864
6298,x31_09.800,6.720966803808187
6299,x31_09.900,5.896867658260993
6300,x31_10.000,5.035575657993959
6301,x31_10.100,4.152806800662368
6302,x31_10.200,3.2642255135822458
6303,x31_10.300,2.3848240657891417
6304,x31_10.400,1.5284807510752056
6305,x31_10.500,0.7076943472023456
6306,x31_10.600,-0.0665315268753455
6307,x31_10.700,-0.7846913486798845
6308,x31_10.800,-1.4387089472329595
6309,x31_10.900,-2.021833531418934
6310,x31_11.000,-2.5285299752946746
6311,x31_11.100,-2.954383548948211
6312,x31_11.200,-3.2960310908044437
6313,x31_11.300,-3.551123609378947
6314,x31_11.400,-3.7183197928417258
6315,x31_11.500,-3.7973061004765247
6316,x31_11.600,-3.7888363363678783
6317,x31_11.700,-3.694781833558828
6318,x31_11.800,-3.518182186939284
6319,x31_11.900,-3.2632857056195284
6320,x31_12.000,-2.935568447880481
6321,x31_12.100,-2.5417211001507365
6322,x31_12.200,-2.089593765177873
6323,x31_12.300,-1.5880907937538375
6324,x31_12.400,-1.0470108410340528
6325,x31_12.500,-0.4768318867008886
6326,x31_12.600,0.1115541081358319
6327,x31_12.700,0.7071453528691922
6328,x31_12.800,1.299156054874151
6329,x31_12.900,1.87734161034543
6330,x31_13.000,2.43229839531223
6331,x31_13.100,2.9557134761964714
6332,x31_13.200,3.440544556918633
6333,x31_13.300,3.881117506110125
6334,x31_13.400,4.273138756870873
6335,x31_13.500,4.613630071067646
6336,x31_13.600,4.900801785487005
6337,x31_13.700,5.133886557295062
6338,x31_13.800,5.312957335842071
6339,x31_13.900,5.438751619542034
6340,x31_14.000,5.51251911472651
6341,x31_14.100,5.535903291567288
6342,x31_14.200,5.510860283474364
6343,x31_14.300,5.4396123008856705
6344,x31_14.400,5.324628121715059
6345,x31_14.500,5.168620625769717
6346,x31_14.600,4.974550851953559
6347,x31_14.700,4.745629196358684
6348,x31_14.800,4.48530703879271
6349,x31_14.900,4.197254819949413
6350,x31_15.000,3.885325814046036
6351,x31_15.100,3.553507251279787
6352,x31_15.200,3.2058624097975197
6353,x31_15.300,2.8464676588312336
6354,x31_15.400,2.479349112566836
6355,x31_15.500,2.1084225704239787
6356,x31_15.600,1.7374395869518344
6357,x31_15.700,1.3699414403152923
6358,x31_15.800,1.0092217298901032
6359,x31_15.900,0.6582975146121184
6360,x31_16.000,0.3198883408758758
6361,x31_16.100,-0.0035978256419094
6362,x31_16.200,-0.3100728421612557
6363,x31_16.300,-0.5977716914499641
6364,x31_16.400,-0.8652516963962282
6365,x31_16.500,-1.111388230929786
6366,x31_16.600,-1.335367209572894
6367,x31_16.700,-1.5366745827220625
6368,x31_16.800,-1.7150829070690343
6369,x31_16.900,-1.870635035699933
6370,x31_17.000,-2.003624987316426
6371,x31_17.100,-2.114576138768974
6372,x31_17.200,-2.204216987797955
6373,x31_17.300,-2.2734548540261277
6374,x31_17.400,-2.323348015111344
6375,x31_17.500,-2.3550768681420786
6376,x31_17.600,-2.369914795302043
6377,x31_17.700,-2.3691994347052763
6378,x31_17.800,-2.3543050661000353
6379,x31_17.900,-2.326616768021368
6380,x31_18.000,-2.28750689347043
6381,x31_18.100,-2.238314383639605
6382,x31_18.200,-2.180327145656243
6383,x31_18.300,-2.114767708520518
6384,x31_18.400,-2.0427822107961475
6385,x31_18.500,-1.9654325280439409
6386,x31_18.600,-1.883691353089502
6387,x31_18.700,-1.7984399420177322
6388,x31_18.800,-1.7104681073655934
6389,x31_18.900,-1.620476087351476
6390,x31_19.000,-1.5290778874183442
6391,x31_19.100,-1.436805726188418
6392,x31_19.200,-1.3441152091687232
6393,x31_19.300,-1.251390962073866
6394,x31_19.400,-1.1589524559473237
6395,x31_19.500,-1.0670598249917993
6396,x31_19.600,-0.9759195165749
6397,x31_19.700,-0.885689675981426
6398,x31_19.800,-0.7964851738560128
6399,x31_19.900,-0.7083822428920292
6400,x32_00.000,6.856785355332679
6401,x32_00.100,6.670582829694726
6402,x32_00.200,6.517206840289832
6403,x32_00.300,6.400209944463429
6404,x32_00.400,6.321894056934617
6405,x32_00.500,6.283378827995029
6406,x32_00.600,6.284794841599983
6407,x32_00.700,6.325582709827709
6408,x32_00.800,6.404853767825047
6409,x32_00.900,6.521747086015006
6410,x32_01.000,6.675708436943298
6411,x32_01.100,6.866626073403395
6412,x32_01.200,7.094788145203532
6413,x32_01.300,7.360672717475208
6414,x32_01.400,7.664631320481917
6415,x32_01.500,8.006563115036538
6416,x32_01.600,8.385682321390961
6417,x32_01.700,8.800448512426605
6418,x32_01.800,9.24866421419014
6419,x32_01.900,9.727668444995963
6420,x32_02.000,10.234497462805535
6421,x32_02.100,10.76586991034251
6422,x32_02.200,11.317891953266669
6423,x32_02.300,11.885459684894586
6424,x32_02.400,12.46143667789716
6425,x32_02.500,13.035778647255489
6426,x32_02.600,13.594838401285765
6427,x32_02.700,14.12109380429627
6428,x32_02.800,14.593483401759402
6429,x32_02.900,14.988411358236323
6430,x32_03.000,15.28132834872274
6431,x32_03.100,15.448663747565742
6432,x32_03.200,15.46982577859666
6433,x32_03.300,15.329009343559454
6434,x32_03.400,15.016616555689293
6435,x32_03.500,14.530153473785756
6436,x32_03.600,13.874501436147249
6437,x32_03.700,13.061497211393194
6438,x32_03.800,12.108831238983464
6439,x32_03.900,11.038394328579349
6440,x32_04.000,9.874330608860324
6441,x32_04.100,8.641125347152181
6442,x32_04.200,7.362030652910276
6443,x32_04.300,6.058022496561435
6444,x32_04.400,4.747339482342979
6445,x32_04.500,3.4455320336950046
6446,x32_04.600,2.165881306573035
6447,x32_04.700,0.9200290646437652
6448,x32_04.800,-0.2813242452470614
6449,x32_04.900,-1.427768387365416
6450,x32_05.000,-2.508669383484763
6451,x32_05.100,-3.5128622910886413
6452,x32_05.200,-4.4285980624999075
6453,x32_05.300,-5.243761218774487
6454,x32_05.400,-5.946335804476427
6455,x32_05.500,-6.525056892400141
6456,x32_05.600,-6.970154806625035
6457,x32_05.700,-7.274086976607727
6458,x32_05.800,-7.432161277892955
6459,x32_05.900,-7.442978329705601
6460,x32_06.000,-7.308651734377826
6461,x32_06.100,-7.03479657278733
6462,x32_06.200,-6.630303265378756
6463,x32_06.300,-6.106933938461778
6464,x32_06.400,-5.4787920206954865
6465,x32_06.500,-4.761722720626517
6466,x32_06.600,-3.972701631180977
6467,x32_06.700,-3.12926254072605
6468,x32_06.800,-2.249003085502615
6469,x32_06.900,-1.3491915212862955
6470,x32_07.000,-0.4464809733559362
6471,x32_07.100,0.4432759882659669
6472,x32_07.200,1.3051305732397298
6473,x32_07.300,2.1250817469406815
6474,x32_07.400,2.8900845923425034
6475,x32_07.500,3.5880442798828245
6476,x32_07.600,4.2078117036097336
6477,x32_07.700,4.739192701553506
6478,x32_07.800,5.172979375255866
6479,x32_07.900,5.501010998918807
6480,x32_08.000,5.716272316758495
6481,x32_08.100,5.813038687416203
6482,x32_08.200,5.787077238161841
6483,x32_08.300,5.63591026816771
6484,x32_08.400,5.35913976975234
6485,x32_08.500,4.958818947398997
6486,x32_08.600,4.4398402320922
6487,x32_08.700,3.8102904573599807
6488,x32_08.800,3.0817070063512717
6489,x32_08.900,2.269158334607526
6490,x32_09.000,1.3910738461944752
6491,x32_09.100,0.4687648290245908
6492,x32_09.200,-0.4743851550162473
6493,x32_09.300,-1.4140298198904035
6494,x32_09.400,-2.326177573220604
6495,x32_09.500,-3.1885697937730915
6496,x32_09.600,-3.98194004692329
6497,x32_09.700,-4.690979641270274
6498,x32_09.800,-5.304880492111676
6499,x32_09.900,-5.817402536073115
6500,x32_10.000,-6.2265004384481815
6501,x32_10.100,-6.533617610575856
6502,x32_10.200,-6.742798214146372
6503,x32_10.300,-6.859772856407062
6504,x32_10.400,-6.891148046294785
6505,x32_10.500,-6.843785627335086
6506,x32_10.600,-6.724409106128073
6507,x32_10.700,-6.539432170486505
6508,x32_10.800,-6.294973386705099
6509,x32_10.900,-5.997003726959855
6510,x32_11.000,-5.651566665797177
6511,x32_11.100,-5.265013250824686
6512,x32_11.200,-4.844202836977932
6513,x32_11.300,-4.396632257087153
6514,x32_11.400,-3.9304703850243863
6515,x32_11.500,-3.4544891709679777
6516,x32_11.600,-2.9778956328797346
6517,x32_11.700,-2.510079892371104
6518,x32_11.800,-2.060302624867256
6519,x32_11.900,-1.6373487566856604
6520,x32_12.000,-1.2491753862650672
6521,x32_12.100,-0.902579421975194
6522,x32_12.200,-0.6029055916071893
6523,x32_12.300,-0.3538104681703673
6524,x32_12.400,-0.1570929816915054
6525,x32_12.500,-0.0125980503013251
6526,x32_12.600,0.0818024892449966
6527,x32_12.700,0.1301485466545446
6528,x32_12.800,0.1382480638203995
6529,x32_12.900,0.1134507807101921
6530,x32_13.000,0.0643428666580252
6531,x32_13.100,0.0003718744720488
6532,x32_13.200,-0.0685819438071137
6533,x32_13.300,-0.1326644414978025
6534,x32_13.400,-0.1825076643114822
6535,x32_13.500,-0.2096602304022091
6536,x32_13.600,-0.206958419284004
6537,x32_13.700,-0.1688143319524236
6538,x32_13.800,-0.0914048293205468
6539,x32_13.900,0.0272452712801996
6540,x32_14.000,0.1872834515983965
6541,x32_14.100,0.3871433100211088
6542,x32_14.200,0.623736356319996
6543,x32_14.300,0.8927026362078504
6544,x32_14.400,1.1886993368914385
6545,x32_14.500,1.5057064243485774
6546,x32_14.600,1.837329612140618
6547,x32_14.700,2.177083517494227
6548,x32_14.800,2.5186406570537687
6549,x32_14.900,2.8560366047380437
6550,x32_15.000,3.183825527716423
6551,x32_15.100,3.497184949848989
6552,x32_15.200,3.7919723002420778
6553,x32_15.300,4.064739682421648
6554,x32_15.400,4.3127146334079525
6555,x32_15.500,4.533756360475997
6556,x32_15.600,4.726296721683298
6557,x32_15.700,4.889274357863199
6558,x32_15.800,5.022068888875363
6559,x32_15.900,5.124440265083045
6560,x32_16.000,5.1964764634992715
6561,x32_16.100,5.238550988003865
6562,x32_16.200,5.251290162302071
6563,x32_16.300,5.235549150828315
6564,x32_16.400,5.192394923233944
6565,x32_16.500,5.123093983176259
6566,x32_16.600,5.029102688060014
6567,x32_16.700,4.912058082959028
6568,x32_16.800,4.7737674966373485
6569,x32_16.900,4.616195515153244
6570,x32_17.000,4.441447391620989
6571,x32_17.100,4.2517483493197235
6572,x32_17.200,4.049418642858244
6573,x32_17.300,3.836844605830432
6574,x32_17.400,3.6164462658728014
6575,x32_17.500,3.3906423912554717
6576,x32_17.600,3.161814120144118
6577,x32_17.700,2.932268498570448
6578,x32_17.800,2.7042034044331142
6579,x32_17.900,2.4796753487697454
6580,x32_18.000,2.260571525181373
6581,x32_18.100,2.0485873861318513
6582,x32_18.200,1.845210492410836
6583,x32_18.300,1.6517111830262223
6584,x32_18.400,1.4691401264998634
6585,x32_18.500,1.2983322847388332
6586,x32_18.600,1.1399165999529175
6587,x32_18.700,0.9943303961203784
6588,x32_18.800,0.8618372867545611
6589,x32_18.900,0.7425473955815447
6590,x32_19.000,0.6364387262894249
6591,x32_19.100,0.5433786483376428
6592,x32_19.200,0.4631446572958501
6593,x32_19.300,0.3954437629336136
6594,x32_19.400,0.3399300610247501
6595,x32_19.500,0.2962202279052618
6596,x32_19.600,0.2639068446761586
6597,x32_19.700,0.2425695434226436
6598,x32_19.800,0.231784111039957
6599,x32_19.900,0.2311297028035739
6600,x33_00.000,6.443405322232271
6601,x33_00.100,6.56549671000522
6602,x33_00.200,6.712496171378837
6603,x33_00.300,6.885257226072173
6604,x33_00.400,7.08433587042135
6605,x33_00.500,7.310010487797795
6606,x33_00.600,7.562267645966173
6607,x33_00.700,7.8407561729702255
6608,x33_00.800,8.144719091529366
6609,x33_00.900,8.472914843455603
6610,x33_01.000,8.82353421967549
6611,x33_01.100,9.194108483348824
6612,x33_01.200,9.581391137132254
6613,x33_01.300,9.981186065223335
6614,x33_01.400,10.388093632717265
6615,x33_01.500,10.795157054955482
6616,x33_01.600,11.193414091242994
6617,x33_01.700,11.571391446207286
6618,x33_01.800,11.914615062213176
6619,x33_01.900,12.20524326793404
6620,x33_02.000,12.421952331439677
6621,x33_02.100,12.540209845032656
6622,x33_02.200,12.533053643012956
6623,x33_02.300,12.372452679894364
6624,x33_02.400,12.031259213251031
6625,x33_02.500,11.485669124743518
6626,x33_02.600,10.717997283158375
6627,x33_02.700,9.719462749338293
6628,x33_02.800,8.492594452319379
6629,x33_02.900,7.0528503374388345
6630,x33_03.000,5.429114303623853
6631,x33_03.100,3.662878285896866
6632,x33_03.200,1.8060843773540605
6633,x33_03.300,-0.0822560329956693
6634,x33_03.400,-1.9404367202628092
6635,x33_03.500,-3.7090680007717856
6636,x33_03.600,-5.336191285793525
6637,x33_03.700,-6.781772449154942
6638,x33_03.800,-8.02076983149846
6639,x33_03.900,-9.044134305409417
6640,x33_04.000,-9.857519272096171
6641,x33_04.100,-10.478018818991687
6642,x33_04.200,-10.929688091850965
6643,x33_04.300,-11.238767609149106
6644,x33_04.400,-11.429419731712985
6645,x33_04.500,-11.520504724076892
6646,x33_04.600,-11.523626280255687
6647,x33_04.700,-11.442458142932582
6648,x33_04.800,-11.273247449525591
6649,x33_04.900,-11.006339746547338
6650,x33_05.000,-10.628531100151005
6651,x33_05.100,-10.125986855053654
6652,x33_05.200,-9.487373003713554
6653,x33_05.300,-8.706761827683843
6654,x33_05.400,-7.785854343424123
6655,x33_05.500,-6.735149509985555
6656,x33_05.600,-5.573880396537682
6657,x33_05.700,-4.328779142861408
6658,x33_05.800,-3.0319479322178435
6659,x33_05.900,-1.7182415025836928
6660,x33_06.000,-0.4225872559082206
6661,x33_06.100,0.8223989537680839
6662,x33_06.200,1.9882564384655372
6663,x33_06.300,3.051862911972888
6664,x33_06.400,3.9959450747493626
6665,x33_06.500,4.8089892004871615
6666,x33_06.600,5.48468209190775
6667,x33_06.700,6.021043719607722
6668,x33_06.800,6.419419988362702
6669,x33_06.900,6.683489098451727
6670,x33_07.000,6.8184034466917405
6671,x33_07.100,6.83014820220657
6672,x33_07.200,6.725154074789718
6673,x33_07.300,6.51016211321106
6674,x33_07.400,6.192306279717348
6675,x33_07.500,5.779356809039447
6676,x33_07.600,5.280054978402009
6677,x33_07.700,4.70446624994659
6678,x33_07.800,4.06428298629479
6679,x33_07.900,3.3730179576454367
6680,x33_08.000,2.646044656824906
6681,x33_08.100,1.900456929631534
6682,x33_08.200,1.154739326713785
6683,x33_08.300,0.4282589801927388
6684,x33_08.400,-0.2593929227178444
6685,x33_08.500,-0.8891635514212035
6686,x33_08.600,-1.4433492584646734
6687,x33_08.700,-1.9063943717312268
6688,x33_08.800,-2.265624788930413
6689,x33_08.900,-2.5118762256062652
6690,x33_09.000,-2.63999319533229
6691,x33_09.100,-2.649185471633344
6692,x33_09.200,-2.543226889892415
6693,x33_09.300,-2.330469307718147
6694,x33_09.400,-2.023629366728124
6695,x33_09.500,-1.6393015614565791
6696,x33_09.600,-1.1971703410632184
6697,x33_09.700,-0.7189378821368586
6698,x33_09.800,-0.2270419023366395
6699,x33_09.900,0.2567096966815124
6700,x33_10.000,0.7124352666981089
6701,x33_10.100,1.1232650312403631
6702,x33_10.200,1.4761146470332178
6703,x33_10.300,1.7621042336144648
6704,x33_10.400,1.976634420905035
6705,x33_10.500,2.1191712628735657
6706,x33_10.600,2.192811516694969
6707,x33_10.700,2.2037005486277703
6708,x33_10.800,2.160365549642223
6709,x33_10.900,2.073013134593916
6710,x33_11.000,1.9528274310758755
6711,x33_11.100,1.8112964252613224
6712,x33_11.200,1.6595896179032907
6713,x33_11.300,1.5080078168960256
6714,x33_11.400,1.3655248962946578
6715,x33_11.500,1.2394390279159295
6716,x33_11.600,1.1351473579262383
6717,x33_11.700,1.0560521245047183
6718,x33_11.800,1.0035991102239783
6719,x33_11.900,0.9774406141346126
6720,x33_12.000,0.9757066768882529
6721,x33_12.100,0.9953598308819775
6722,x33_12.200,1.0326018437920743
6723,x33_12.300,1.0832961756812969
6724,x33_12.400,1.143368270992985
6725,x33_12.500,1.2091478883749838
6726,x33_12.600,1.2776241811291325
6727,x33_12.700,1.3465939072200854
6728,x33_12.800,1.4146961971222924
6729,x33_12.900,1.4813411196852388
6730,x33_13.000,1.5465522979210076
6731,x33_13.100,1.6107537766025672
6732,x33_13.200,1.6745366879175447
6733,x33_13.300,1.7384410261798438
6734,x33_13.400,1.8027824133627184
6735,x33_13.500,1.867544260674495
6736,x33_13.600,1.9323442074709096
6737,x33_13.700,1.99647225762204
6738,x33_13.800,2.0589885466297004
6739,x33_13.900,2.118862257805275
6740,x33_14.000,2.1751303747726327
6741,x33_14.100,2.227055335291356
6742,x33_14.200,2.274263540298602
6743,x33_14.300,2.316851096625517
6744,x33_14.400,2.3554482444270546
6745,x33_14.500,2.391238938005664
6746,x33_14.600,2.425936533548382
6747,x33_14.700,2.461720138780889
6748,x33_14.800,2.501139028504118
6749,x33_14.900,2.5469941194245465
6750,x33_15.000,2.602206403240961
6751,x33_15.100,2.669682080030946
6752,x33_15.200,2.752183430543309
6753,x33_15.300,2.8522126083147157
6754,x33_15.400,2.9719141173230716
6755,x33_15.500,3.1129993359789174
6756,x33_15.600,3.276694495123507
6757,x33_15.700,3.4637116895453475
6758,x33_15.800,3.674241022405652
6759,x33_15.900,3.907960929772206
6760,x33_16.000,4.1640631233882415
6761,x33_16.100,4.441288380297716
6762,x33_16.200,4.737969588770971
6763,x33_16.300,5.052078813154766
6764,x33_16.400,5.381275816228974
6765,x33_16.500,5.722956302510565
6766,x33_16.600,6.074298823339554
6767,x33_16.700,6.432310239356919
6768,x33_16.800,6.793870336152436
6769,x33_16.900,7.155776818932052
6770,x33_17.000,7.514792226193401
6771,x33_17.100,7.867694374716597
6772,x33_17.200,8.21133157997985
6773,x33_17.300,8.542683156172247
6774,x33_17.400,8.858924580381185
6775,x33_17.500,9.157495411549055
6776,x33_17.600,9.436166684236218
6777,x33_17.700,9.693103424479064
6778,x33_17.800,9.926917283332797
6779,x33_17.900,10.136704350791426
6780,x33_18.000,10.322064023964623
6781,x33_18.100,10.483096249282314
6782,x33_18.200,10.620376505969087
6783,x33_18.300,10.734909922803892
6784,x33_18.400,10.828067971251
6785,x33_18.500,10.90151255745351
6786,x33_18.600,10.957113161852542
6787,x33_18.700,10.996862847720523
6788,x33_18.800,11.0227982377591
6789,x33_18.900,11.036927644851907
6790,x33_19.000,11.041170216248409
6791,x33_19.100,11.03730767932901
6792,x33_19.200,11.026948934173472
6793,x33_19.300,11.01150700093382
6794,x33_19.400,10.992187005321536
6795,x33_19.500,10.9699835616785
6796,x33_19.600,10.945685734232333
6797,x33_19.700,10.919887876059468
6798,x33_19.800,10.893004676486823
6799,x33_19.900,10.865289080381796
6800,x34_00.000,8.409479111271427
6801,x34_00.100,8.493276251376134
6802,x34_00.200,8.59952515313248
6803,x34_00.300,8.725716230898717
6804,x34_00.400,8.868809351798184
6805,x34_00.500,9.025134942040632
6806,x34_00.600,9.19027427948725
6807,x34_00.700,9.358918061810108
6808,x34_00.800,9.524705685918432
6809,x34_00.900,9.68005419670076
6810,x34_01.000,9.815995595382471
6811,x34_01.100,9.922052733859369
6812,x34_01.200,9.986195578131005
6813,x34_01.300,9.994928442770949
6814,x34_01.400,9.933561962205948
6815,x34_01.500,9.786718713486524
6816,x34_01.600,9.539106665047395
6817,x34_01.700,9.176570229585089
6818,x34_01.800,8.687393169315833
6819,x34_01.900,8.063785398989143
6820,x34_02.000,7.303436135244636
6821,x34_02.100,6.410966287579103
6822,x34_02.200,5.399071041278963
6823,x34_02.300,4.289124400703713
6824,x34_02.400,3.1110366672055325
6825,x34_02.500,1.9022309269268256
6826,x34_02.600,0.705740190454336
6827,x34_02.700,-0.4323981855211786
6828,x34_02.800,-1.466107976647684
6829,x34_02.900,-2.3521740211078632
6830,x34_03.000,-3.052720177274036
6831,x34_03.100,-3.5371324257312695
6832,x34_03.200,-3.783584261561971
6833,x34_03.300,-3.780511921988428
6834,x34_03.400,-3.528315059658165
6835,x34_03.500,-3.04119073483614
6836,x34_03.600,-2.3485098818747687
6837,x34_03.700,-1.4948292590607228
6838,x34_03.800,-0.5377784728132926
6839,x34_03.900,0.4563053842898176
6840,x34_04.000,1.4183035897647736
6841,x34_04.100,2.282553767832275
6842,x34_04.200,2.992146487963508
6843,x34_04.300,3.5025160004637064
6844,x34_04.400,3.7832314406311176
6845,x34_04.500,3.818411788073254
6846,x34_04.600,3.6063738939832177
6847,x34_04.700,3.1589956399366006
6848,x34_04.800,2.500963472925914
6849,x34_04.900,1.6687405135469917
6850,x34_05.000,0.7088820525797571
6851,x34_05.100,-0.3246639229023328
6852,x34_05.200,-1.3743843145907653
6853,x34_05.300,-2.383865360788865
6854,x34_05.400,-3.302614898350422
6855,x34_05.500,-4.090182624362876
6856,x34_05.600,-4.718846107514446
6857,x34_05.700,-5.174512696852424
6858,x34_05.800,-5.455954308618959
6859,x34_05.900,-5.57284130683997
6860,x34_06.000,-5.543170976177809
6861,x34_06.100,-5.390607642339488
6862,x34_06.200,-5.142064029836233
6863,x34_06.300,-4.8256602984323385
6864,x34_06.400,-4.4690676672564775
6865,x34_06.500,-4.098187819749811
6866,x34_06.600,-3.7361166781154607
6867,x34_06.700,-3.402362116021054
6868,x34_06.800,-3.112303080060763
6869,x34_06.900,-2.876884549995339
6870,x34_07.000,-2.7025380164914075
6871,x34_07.100,-2.591308803922835
6872,x34_07.200,-2.541163133672533
6873,x34_07.300,-2.546444451464993
6874,x34_07.400,-2.5984486354412537
6875,x34_07.500,-2.686090738254702
6876,x34_07.600,-2.796638615140534
6877,x34_07.700,-2.9164913597893833
6878,x34_07.800,-3.031981325692515
6879,x34_07.900,-3.130178432930747
6880,x34_08.000,-3.199672477878737
6881,x34_08.100,-3.2313042870873794
6882,x34_08.200,-3.218805978584905
6883,x34_08.300,-3.159297159203072
6884,x34_08.400,-3.0535709232818826
6885,x34_08.500,-2.906096882277604
6886,x34_08.600,-2.724679454440451
6887,x34_08.700,-2.51974248753787
6888,x34_08.800,-2.303267103631194
6889,x34_08.900,-2.0874794603668376
6890,x34_09.000,-1.883451481316747
6891,x34_09.100,-1.6998188548332602
6892,x34_09.200,-1.541823501624229
6893,x34_09.300,-1.4108423591363826
6894,x34_09.400,-1.304479900082241
6895,x34_09.500,-1.217196051472767
6896,x34_09.600,-1.141340430606292
6897,x34_09.700,-1.0683940492933182
6898,x34_09.800,-0.9901980477561751
6899,x34_09.900,-0.8999770116966621
6900,x34_10.000,-0.7930302443126847
6901,x34_10.100,-0.6670445756471218
6902,x34_10.200,-0.522054610094645
6903,x34_10.300,-0.3601260702068416
6904,x34_10.400,-0.1848599846077406
6905,x34_10.500,-0.0008152731184941
6906,x34_10.600,0.1870680729305185
6907,x34_10.700,0.3739837008796715
6908,x34_10.800,0.5556716030344854
6909,x34_10.900,0.7287072920435307
6910,x34_11.000,0.8906616346331698
6911,x34_11.100,1.040137610565089
6912,x34_11.200,1.1767003549489117
6913,x34_11.300,1.300724612178939
6914,x34_11.400,1.4131890527841842
6915,x34_11.500,1.5154493123953674
6916,x34_11.600,1.609020402357587
6917,x34_11.700,1.6953942557651347
6918,x34_11.800,1.7759101619343378
6919,x34_11.900,1.8516855620485184
6920,x34_12.000,1.923604375824108
6921,x34_12.100,1.992351094341913
6922,x34_12.200,2.0584730871948507
6923,x34_12.300,2.122451827561741
6924,x34_12.400,2.1847658686873555
6925,x34_12.500,2.2459335731880214
6926,x34_12.600,2.3065302316034053
6927,x34_12.700,2.3671806684969816
6928,x34_12.800,2.4285332034876816
6929,x34_12.900,2.4912231485652185
6930,x34_13.000,2.555833792694709
6931,x34_13.100,2.622860779442337
6932,x34_13.200,2.69268290944607
6933,x34_13.300,2.7655399892698425
6934,x34_13.400,2.8415170493253674
6935,x34_13.500,2.920534316505438
6936,x34_13.600,3.0023433355203375
6937,x34_13.700,3.0865308359285413
6938,x34_13.800,3.1725325506186466
6939,x34_13.900,3.2596587432213364
6940,x34_14.000,3.347131690005829
6941,x34_14.100,3.4341331855656008
6942,x34_14.200,3.519857983003238
6943,x34_14.300,3.603567587228018
6944,x34_14.400,3.68463843612055
6945,x34_14.500,3.762599357384526
6946,x34_14.600,3.837155051281669
6947,x34_14.700,3.908194760423017
6948,x34_14.800,3.975787667017654
6949,x34_14.900,4.040168466109772
6950,x34_15.000,4.101717543376351
6951,x34_15.100,4.160940214345145
6952,x34_15.200,4.218448644102298
6953,x34_15.300,4.274948505432524
6954,x34_15.400,4.331230750237916
6955,x34_15.500,4.388167132156042
6956,x34_15.600,4.44670678059812
6957,x34_15.700,4.507870303347962
6958,x34_15.800,4.572737630331697
6959,x34_15.900,4.642426084284319
6960,x34_16.000,4.718055864401973
6961,x34_16.100,4.800701125833187
6962,x34_16.200,4.891326043415665
6963,x34_16.300,4.99070663479522
6964,x34_16.400,5.099340482644923
6965,x34_16.500,5.217348028039251
6966,x34_16.600,5.3443707469078054
6967,x34_16.700,5.479473093823389
6968,x34_16.800,5.621056669268645
6969,x34_16.900,5.766796358041895
6970,x34_17.000,5.913608868101087
6971,x34_17.100,6.057663858035502
6972,x34_17.200,6.19444626171469
6973,x34_17.300,6.318875269734027
6974,x34_17.400,6.425480585900083
6975,x34_17.500,6.508630503537524
6976,x34_17.600,6.562799499068178
6977,x34_17.700,6.582856729077409
6978,x34_17.800,6.5643519385911695
6979,x34_17.900,6.50377321849433
6980,x34_18.000,6.3987524168174
6981,x34_18.100,6.248198638317248
6982,x34_18.200,6.052348404035995
6983,x34_18.300,5.8127300333966945
6984,x34_18.400,5.532049622130714
6985,x34_18.500,5.214013848003017
6986,x34_18.600,4.863110095910191
6987,x34_18.700,4.484366776905934
6988,x34_18.800,4.0831152428653805
6989,x34_18.900,3.664771388600609
6990,x34_19.000,3.2346498320467427
6991,x34_19.100,2.7978180851408583
6992,x34_19.200,2.3589924790661527
6993,x34_19.300,1.9224739352562192
6994,x34_19.400,1.492118237758031
6995,x34_19.500,1.0713339223530047
6996,x34_19.600,0.6631001997090756
6997,x34_19.700,0.2699978589144963
6998,x34_19.800,-0.1057534687827796
6999,x34_19.900,-0.4622567815835722
7000,x35_00.000,8.035441658318238
7001,x35_00.100,8.198785960001226
7002,x35_00.200,8.344764535559383
7003,x35_00.300,8.469192339992214
7004,x35_00.400,8.567229551973998
7005,x35_00.500,8.633435594684652
7006,x35_00.600,8.661874916399826
7007,x35_00.700,8.646291254520882
7008,x35_00.800,8.58036543585902
7009,x35_00.900,8.45806739111695
7010,x35_01.000,8.274105772122605
7011,x35_01.100,8.024467879319442
7012,x35_01.200,7.707028783387305
7013,x35_01.300,7.322191792099093
7014,x35_01.400,6.8735038475709835
7015,x35_01.500,6.368171181598274
7016,x35_01.600,5.817385880873488
7017,x35_01.700,5.236366738757466
7018,x35_01.800,4.644022737837272
7019,x35_01.900,4.062166275677993
7020,x35_02.000,3.5142378482890617
7021,x35_02.100,3.0235516327933163
7022,x35_02.200,2.6111330815339953
7023,x35_02.300,2.2932921139536244
7024,x35_02.400,2.0791645061845174
7025,x35_02.500,1.9685593667686423
7026,x35_02.600,1.9505539389815112
7027,x35_02.700,2.0033391584167286
7028,x35_02.800,2.0957730720363292
7029,x35_02.900,2.1908808731762353
7030,x35_03.000,2.251142229452537
7031,x35_03.100,2.2449016494285994
7032,x35_03.200,2.152768640276039
7033,x35_03.300,1.972606454507376
7034,x35_03.400,1.7217678581786393
7035,x35_03.500,1.4356907807478565
7036,x35_03.600,1.1627900425520912
7037,x35_03.700,0.9565909913169448
7038,x35_03.800,0.866890741230735
7039,x35_03.900,0.9319998628770538
7040,x35_04.000,1.17363552199443
7041,x35_04.100,1.5950288419469825
7042,x35_04.200,2.1817838774642433
7043,x35_04.300,2.9044410506718825
7044,x35_04.400,3.721697472265266
7045,x35_04.500,4.583653116157625
7046,x35_04.600,5.4349814624480395
7047,x35_04.700,6.218307505096952
7048,x35_04.800,6.87816675061035
7049,x35_04.900,7.365689477713354
7050,x35_05.000,7.643692906466609
7051,x35_05.100,7.6913572028894945
7052,x35_05.200,7.507357837659687
7053,x35_05.300,7.110430741104485
7054,x35_05.400,6.536898227824128
7055,x35_05.500,5.835499196012206
7056,x35_05.600,5.060611659700746
7057,x35_05.700,4.265329045212514
7058,x35_05.800,3.4957284262595487
7059,x35_05.900,2.7871729252115736
7060,x35_06.000,2.162863150916987
7061,x35_06.100,1.6343301760339393
7062,x35_06.200,1.2032696376927328
7063,x35_06.300,0.86405284947737
7064,x35_06.400,0.6063476086180197
7065,x35_06.500,0.4174513092181827
7066,x35_06.600,0.2841171020843548
7067,x35_06.700,0.1938016629731615
7068,x35_06.800,0.1353684861329682
7069,x35_06.900,0.0993429174912204
7070,x35_07.000,0.0778428091039884
7071,x35_07.100,0.0643103958576725
7072,x35_07.200,0.0531584020703722
7073,x35_07.300,0.0394229051765564
7074,x35_07.400,0.0184934208131698
7075,x35_07.500,-0.0140310265131018
7076,x35_07.600,-0.0623328290117285
7077,x35_07.700,-0.130209245219572
7078,x35_07.800,-0.2207687241815691
7079,x35_07.900,-0.3360366209454309
7080,x35_08.000,-0.4765416774781004
7081,x35_08.100,-0.6409723144838205
7082,x35_08.200,-0.825996347950126
7083,x35_08.300,-1.0263225087426118
7084,x35_08.400,-1.23504539330108
7085,x35_08.500,-1.4442594735099537
7086,x35_08.600,-1.64586500322813
7087,x35_08.700,-1.832433919670667
7088,x35_08.800,-1.9979768532827031
7089,x35_08.900,-2.1384636913565234
7090,x35_09.000,-2.2520022375676194
7091,x35_09.100,-2.3386591146925215
7092,x35_09.200,-2.399991319432792
7093,x35_09.300,-2.438421738443892
7094,x35_09.400,-2.456618016818438
7095,x35_09.500,-2.457014961385449
7096,x35_09.600,-2.4415642065574543
7097,x35_09.700,-2.4117203275416426
7098,x35_09.800,-2.3686050062882016
7099,x35_09.900,-2.313250718621825
7100,x35_10.000,-2.2468220433466266
7101,x35_10.100,-2.1707413436627427
7102,x35_10.200,-2.0866909384850874
7103,x35_10.300,-1.996507736849004
7104,x35_10.400,-1.9020153136969264
7105,x35_10.500,-1.8048474406183943
7106,x35_10.600,-1.7063085320516282
7107,x35_10.700,-1.607298194492711
7108,x35_10.800,-1.5083061826708546
7109,x35_10.900,-1.4094671361643665
7110,x35_11.000,-1.3106541910900908
7111,x35_11.100,-1.2115876655686728
7112,x35_11.200,-1.1119378604379018
7113,x35_11.300,-1.0114074037514758
7114,x35_11.400,-0.9097860149179948
7115,x35_11.500,-0.8069771471719713
7116,x35_11.600,-0.7030005205538565
7117,x35_11.700,-0.5979767882738513
7118,x35_11.800,-0.4921008919490486
7119,x35_11.900,-0.3856097784432544
7120,x35_12.000,-0.2787489026832728
7121,x35_12.100,-0.1717408089006019
7122,x35_12.200,-0.064758239299242
7123,x35_12.300,0.0420963893693292
7124,x35_12.400,0.1488039272176484
7125,x35_12.500,0.2554334043758317
7126,x35_12.600,0.3621393783180587
7127,x35_12.700,0.4691530861871177
7128,x35_12.800,0.576769493167003
7129,x35_12.900,0.6853326939853156
7130,x35_13.000,0.7952220741509645
7131,x35_13.100,0.9068412383706416
7132,x35_13.200,1.0206110005372455
7133,x35_13.300,1.1369669172409091
7134,x35_13.400,1.2563609924446577
7135,x35_13.500,1.379266415178667
7136,x35_13.600,1.506183618600286
7137,x35_13.700,1.637645570870778
7138,x35_13.800,1.774220159490809
7139,x35_13.900,1.9165076979287536
7140,x35_14.000,2.065132023315057
7141,x35_14.100,2.2207242819872137
7142,x35_14.200,2.383899234196122
7143,x35_14.300,2.5552246669363656
7144,x35_14.400,2.7351851857933296
7145,x35_14.500,2.924142167050091
7146,x35_14.600,3.1222919351780405
7147,x35_14.700,3.329624276759972
7148,x35_14.800,3.545883257760269
7149,x35_14.900,3.770531989025449
7150,x35_15.000,4.002722658149674
7151,x35_15.100,4.241272809866616
7152,x35_15.200,4.484648502079121
7153,x35_15.300,4.730954868495115
7154,x35_15.400,4.9779342323117675
7155,x35_15.500,5.2229717606158905
7156,x35_15.600,5.463108370375724
7157,x35_15.700,5.695060301485043
7158,x35_15.800,5.915244565454185
7159,x35_15.900,6.119809403837145
7160,x35_16.000,6.304669090897986
7161,x35_16.100,6.465543010327753
7162,x35_16.200,6.597999960667007
7163,x35_16.300,6.697509739549804
7164,x35_16.400,6.759505759196382
7165,x35_16.500,6.779463811500572
7166,x35_16.600,6.753002623823633
7167,x35_16.700,6.6760119562612354
7168,x35_16.800,6.544812310968793
7169,x35_16.900,6.3563471292917
7170,x35_17.000,6.108403367505847
7171,x35_17.100,5.799850122935877
7172,x35_17.200,5.430878089407307
7173,x35_17.300,5.003216345407835
7174,x35_17.400,4.520298670364658
7175,x35_17.500,3.987350693434701
7176,x35_17.600,3.4113727594092507
7177,x35_17.700,2.801001690427575
7178,x35_17.800,2.166247192795661
7179,x35_17.900,1.5181137083478962
7180,x35_18.000,0.868133455356896
7181,x35_18.100,0.2278498372106011
7182,x35_18.200,-0.3917033430297262
7183,x35_18.300,-0.9804791143020084
7184,x35_18.400,-1.5298090711670935
7185,x35_18.500,-2.0326800320015037
7186,x35_18.600,-2.483879836009912
7187,x35_18.700,-2.8800125660758997
7188,x35_18.800,-3.2193979637278787
7189,x35_18.900,-3.501879534704683
7190,x35_19.000,-3.72857167070762
7191,x35_19.100,-3.901577051869936
7192,x35_19.200,-4.023702439426969
7193,x35_19.300,-4.098195568700104
7194,x35_19.400,-4.128518960546336
7195,x35_19.500,-4.118169653766634
7196,x35_19.600,-4.070547697806868
7197,x35_19.700,-3.9888718080934833
7198,x35_19.800,-3.876136718352195
7199,x35_19.900,-3.735105123837974
7200,x36_00.000,8.478665488478692
7201,x36_00.100,8.417442386375862
7202,x36_00.200,8.333562195328414
7203,x36_00.300,8.223641859303248
7204,x36_00.400,8.084993918639825
7205,x36_00.500,7.9158750592047396
7206,x36_00.600,7.715740845858613
7207,x36_00.700,7.485486625908853
7208,x36_00.800,7.227648587069107
7209,x36_00.900,6.946534038653523
7210,x36_01.000,6.64824706932886
7211,x36_01.100,6.340576343952729
7212,x36_01.200,6.032717322825318
7213,x36_01.300,5.73481316221868
7214,x36_01.400,5.457318241108183
7215,x36_01.500,5.210215922135019
7216,x36_01.600,5.002156860522781
7217,x36_01.700,4.839621729346567
7218,x36_01.800,4.726246946383077
7219,x36_01.900,4.662470352435705
7220,x36_02.000,4.645643432280932
7221,x36_02.100,4.670700887918911
7222,x36_02.200,4.731368936570058
7223,x36_02.300,4.821738349884604
7224,x36_02.400,4.937860334177155
7225,x36_02.500,5.0789005681636255
7226,x36_02.600,5.247384442287363
7227,x36_02.700,5.44823654081775
7228,x36_02.800,5.686657346250816
7229,x36_02.900,5.965305059262428
7230,x36_03.000,6.281606437121531
7231,x36_03.100,6.626149904425304
7232,x36_03.200,6.9829255959944065
7233,x36_03.300,7.331691336217363
7234,x36_03.400,7.65208766267012
7235,x36_03.500,7.92848945968773
7236,x36_03.600,8.154190480355764
7237,x36_03.700,8.333571931333221
7238,x36_03.800,8.481485863461279
7239,x36_03.900,8.620016726121051
7240,x36_04.000,8.773657301756552
7241,x36_04.100,8.96432350355755
7242,x36_04.200,9.207398869864484
7243,x36_04.300,9.509384794787046
7244,x36_04.400,9.867140996590232
7245,x36_04.500,10.268404370996002
7246,x36_04.600,10.693279840083884
7247,x36_04.700,11.116527230154515
7248,x36_04.800,11.510531230314228
7249,x36_04.900,11.84874716992213
7250,x36_05.000,12.10921006855592
7251,x36_05.100,12.27751281287347
7252,x36_05.200,12.34864197043403
7253,x36_05.300,12.327265787777122
7254,x36_05.400,12.226438473291893
7255,x36_05.500,12.06507269409859
7256,x36_05.600,11.864791756171485
7257,x36_05.700,11.64683437195356
7258,x36_05.800,11.4295619376943
7259,x36_05.900,11.226889109547631
7260,x36_06.000,11.047706274924408
7261,x36_06.100,10.896155273567947
7262,x36_06.200,10.772494566603894
7263,x36_06.300,10.674252531041972
7264,x36_06.400,10.597401794230052
7265,x36_06.500,10.53736468924087
7266,x36_06.600,10.489750486504509
7267,x36_06.700,10.450805062395393
7268,x36_06.800,10.41760968577915
7269,x36_06.900,10.388093250434585
7270,x36_07.000,10.360925672468309
7271,x36_07.100,10.335347435259688
7272,x36_07.200,10.310971174082184
7273,x36_07.300,10.287573242322656
7274,x36_07.400,10.264881615205166
7275,x36_07.500,10.24236305010496
7276,x36_07.600,10.219016706782313
7277,x36_07.700,10.193190659874048
7278,x36_07.800,10.162448213109665
7279,x36_07.900,10.123517995151175
7280,x36_08.000,10.072361096509796
7281,x36_08.100,10.004377325088075
7282,x36_08.200,9.91475035610939
7283,x36_08.300,9.798901465903528
7284,x36_08.400,9.65299112014654
7285,x36_08.500,9.474384919266551
7286,x36_08.600,9.261996726646249
7287,x36_08.700,9.016440050557817
7288,x36_08.800,8.739958363104433
7289,x36_08.900,8.436154687664246
7290,x36_09.000,8.10958579177418
7291,x36_09.100,7.765311296049189
7292,x36_09.200,7.408486795714598
7293,x36_09.300,7.044064252515323
7294,x36_09.400,6.676623878120745
7295,x36_09.500,6.310322835348893
7296,x36_09.600,5.948919236870418
7297,x36_09.700,5.595820750369704
7298,x36_09.800,5.254115468777158
7299,x36_09.900,4.926562784899234
7300,x36_10.000,4.615545148291769
7301,x36_10.100,4.322999655313279
7302,x36_10.200,4.050356336938735
7303,x36_10.300,3.7985068539726754
7304,x36_10.400,3.5678169207141086
7305,x36_10.500,3.358182834034345
7306,x36_10.600,3.1691218845505253
7307,x36_10.700,2.9998807486550625
7308,x36_10.800,2.849545342010742
7309,x36_10.900,2.717138739761561
7310,x36_11.000,2.601698811704197
7311,x36_11.100,2.5023322337264644
7312,x36_11.200,2.4182456194461164
7313,x36_11.300,2.348757189952951
7314,x36_11.400,2.293293707417291
7315,x36_11.500,2.2513777196011917
7316,x36_11.600,2.2226097576108006
7317,x36_11.700,2.2066493779402605
7318,x36_11.800,2.2031979645640933
7319,x36_11.900,2.2119852154821076
7320,x36_12.000,2.2327602603971823
7321,x36_12.100,2.265287491803188
7322,x36_12.200,2.3093464990737935
7323,x36_12.300,2.364734990634779
7324,x36_12.400,2.4312733239253372
7325,x36_12.500,2.5088092143426755
7326,x36_12.600,2.5972213501550354
7327,x36_12.700,2.6964209037556093
7328,x36_12.800,2.806350278607791
7329,x36_12.900,2.926978765225894
7330,x36_13.000,3.05829507235279
7331,x36_13.100,3.200296920306094
7332,x36_13.200,3.352978032458694
7333,x36_13.300,3.5163129337545262
7334,x36_13.400,3.6902399704673097
7335,x36_13.500,3.874642898055334
7336,x36_13.600,4.069331241741679
7337,x36_13.700,4.274019433418695
7338,x36_13.800,4.488304479091559
7339,x36_13.900,4.711641675581935
7340,x36_14.000,4.9433177291294506
7341,x36_14.100,5.182420601171579
7342,x36_14.200,5.427805582694657
7343,x36_14.300,5.678057515672162
7344,x36_14.400,5.9314497138383375
7345,x36_14.500,6.185900990658507
7346,x36_14.600,6.438933145380081
7347,x36_14.700,6.687632330043609
7348,x36_14.800,6.928618473264594
7349,x36_14.900,7.158027930567879
7350,x36_15.000,7.371514902068356
7351,x36_15.100,7.564277474270466
7352,x36_15.200,7.731113704082557
7353,x36_15.300,7.866513040417019
7354,x36_15.400,7.964786390961288
7355,x36_15.500,8.020236551614332
7356,x36_15.600,8.027367787006032
7357,x36_15.700,7.98112973348651
7358,x36_15.800,7.877186643820658
7359,x36_15.900,7.712198566223178
7360,x36_16.000,7.484097051085983
7361,x36_16.100,7.192335128318604
7362,x36_16.200,6.838090150613429
7363,x36_16.300,6.4243994248535135
7364,x36_16.400,5.956212580630563
7365,x36_16.500,5.440350412158257
7366,x36_16.600,4.885367657450792
7367,x36_16.700,4.301324748658275
7368,x36_16.800,3.699480423034771
7369,x36_16.900,3.0919220596538297
7370,x36_17.000,2.491153715030087
7371,x36_17.100,1.9096627429985336
7372,x36_17.200,1.3594855538640689
7373,x36_17.300,0.8517917629891154
7374,x36_17.400,0.3965043274104179
7375,x36_17.500,0.0019710316770975
7376,x36_17.600,-0.3252997146440939
7377,x36_17.700,-0.5808289131999917
7378,x36_17.800,-0.7622762536601937
7379,x36_17.900,-0.8694655911621193
7380,x36_18.000,-0.904326906065769
7381,x36_18.100,-0.8707582694313519
7382,x36_18.200,-0.7744142430128153
7383,x36_18.300,-0.6224301890824149
7384,x36_18.400,-0.4230956217125546
7385,x36_18.500,-0.185492327392204
7386,x36_18.600,0.0808838128583841
7387,x36_18.700,0.3664964930297481
7388,x36_18.800,0.6621184249507232
7389,x36_18.900,0.959138541306624
7390,x36_19.000,1.249813440798467
7391,x36_19.100,1.5274548135949488
7392,x36_19.200,1.7865509627708316
7393,x36_19.300,2.022824883850544
7394,x36_19.400,2.233236051055619
7395,x36_19.500,2.4159353066969147
7396,x36_19.600,2.5701833224174497
7397,x36_19.700,2.696242747197517
7398,x36_19.800,2.795253277008734
7399,x36_19.900,2.8690971366136804
7400,x37_00.000,7.832498465085818
7401,x37_00.100,7.666723430619791
7402,x37_00.200,7.484445456404173
7403,x37_00.300,7.289097418551693
7404,x37_00.400,7.0848673008173515
7405,x37_00.500,6.876633695223794
7406,x37_00.600,6.669838202562938
7407,x37_00.700,6.470295611810755
7408,x37_00.800,6.283950576292796
7409,x37_00.900,6.116598732924437
7410,x37_01.000,5.973599451894124
7411,x37_01.100,5.859615120282709
7412,x37_01.200,5.778415435965871
7413,x37_01.300,5.7327821609937155
7414,x37_01.400,5.724537994760933
7415,x37_01.500,5.754701986372828
7416,x37_01.600,5.823745458137854
7417,x37_01.700,5.931892619775332
7418,x37_01.800,6.079388837052071
7419,x37_01.900,6.2666577674895265
7420,x37_02.000,6.4942948098851145
7421,x37_02.100,6.76289753922475
7422,x37_02.200,7.072800199332357
7423,x37_02.300,7.423832589045637
7424,x37_02.400,7.815234430900875
7425,x37_02.500,8.245806722447348
7426,x37_02.600,8.714279035970131
7427,x37_02.700,9.219752490480811
7428,x37_02.800,9.761991716874824
7429,x37_02.900,10.3413241730475
7430,x37_03.000,10.957970475000852
7431,x37_03.100,11.610757928990214
7432,x37_03.200,12.29534130195968
7433,x37_03.300,13.0022544660576
7434,x37_03.400,13.715306653511128
7435,x37_03.500,14.410922771089732
7436,x37_03.600,15.058875762405473
7437,x37_03.700,15.62441790792791
7438,x37_03.800,16.071242833042803
7439,x37_03.900,16.364342829836872
7440,x37_04.000,16.471949571277992
7441,x37_04.100,16.36632351843474
7442,x37_04.200,16.023827213779555
7443,x37_04.300,15.425077411547177
7444,x37_04.400,14.555864621492608
7445,x37_04.500,13.409085917085864
7446,x37_04.600,11.987412562546137
7447,x37_04.700,10.30602026099512
7448,x37_04.800,8.394547303182463
7449,x37_04.900,6.297527938683088
7450,x37_05.000,4.072837627339672
7451,x37_05.100,1.7881208083195406
7452,x37_05.200,-0.4843431364385462
7453,x37_05.300,-2.673474960921833
7454,x37_05.400,-4.7148873244708165
7455,x37_05.500,-6.5551101469817
7456,x37_05.600,-8.154010366175287
7457,x37_05.700,-9.485356265822158
7458,x37_05.800,-10.535893574054445
7459,x37_05.900,-11.303515216606296
7460,x37_06.000,-11.79510550720815
7461,x37_06.100,-12.02448170788338
7462,x37_06.200,-12.0106391584196
7463,x37_06.300,-11.776316015907693
7464,x37_06.400,-11.3467842603619
7465,x37_06.500,-10.748753030609503
7466,x37_06.600,-10.009313486351026
7467,x37_06.700,-9.154922719220687
7468,x37_06.800,-8.210478013963636
7469,x37_06.900,-7.198554182254043
7470,x37_07.000,-6.138863428422897
7471,x37_07.100,-5.047965737840153
7472,x37_07.200,-3.939220995272065
7473,x37_07.300,-2.8229482074753154
7474,x37_07.400,-1.7067448496959514
7475,x37_07.500,-0.5959198213316445
7476,x37_07.600,0.5059978983875404
7477,x37_07.700,1.5967030232485806
7478,x37_07.800,2.6745313132386896
7479,x37_07.900,3.737870972069852
7480,x37_08.000,4.784595110377586
7481,x37_08.100,5.811554610342947
7482,x37_08.200,6.81418490237956
7483,x37_08.300,7.786289508398659
7484,x37_08.400,8.720060623829921
7485,x37_08.500,9.606375059125572
7486,x37_08.600,10.43536350137615
7487,x37_08.700,11.197197192336692
7488,x37_08.800,11.88298538541641
7489,x37_08.900,12.4856446348914
7490,x37_09.000,13.000601032076968
7491,x37_09.100,13.426220321928277
7492,x37_09.200,13.763916356835797
7493,x37_09.300,14.0179499326968
7494,x37_09.400,14.194979502356594
7495,x37_09.500,14.303453146705838
7496,x37_09.600,14.35293669130759
7497,x37_09.700,14.35346069603112
7498,x37_09.800,14.314947285466516
7499,x37_09.900,14.246753837565668
7500,x37_10.000,14.15734820394308
7501,x37_10.100,14.05411254939472
7502,x37_10.200,13.943260880643
7503,x37_10.300,13.82984768662632
7504,x37_10.400,13.717842844538998
7505,x37_10.500,13.610248734791153
7506,x37_10.600,13.509238544100285
7507,x37_10.700,13.416299808643783
7508,x37_10.800,13.332371930470972
7509,x37_10.900,13.257970963031106
7510,x37_11.000,13.193298320806273
7511,x37_11.100,13.138332482088954
7512,x37_11.200,13.09290409622126
7513,x37_11.300,13.056755572345196
7514,x37_11.400,13.029586429495644
7515,x37_11.500,13.0110856615221
7516,x37_11.600,13.00095225836526
7517,x37_11.700,12.998904921210649
7518,x37_11.800,13.004681923306286
7519,x37_11.900,13.018032073673076
7520,x37_12.000,13.03869776301738
7521,x37_12.100,13.066391158465612
7522,x37_12.200,13.10076473627626
7523,x37_12.300,13.141377467307525
7524,x37_12.400,13.187658102326258
7525,x37_12.500,13.238867101961803
7526,x37_12.600,13.294058866180864
7527,x37_12.700,13.352045924034655
7528,x37_12.800,13.411366774656152
7529,x37_12.900,13.470259021412568
7530,x37_13.000,13.52663940600401
7531,x37_13.100,13.578092159276164
7532,x37_13.200,13.62186705987149
7533,x37_13.300,13.654888333651352
7534,x37_13.400,13.673775321115844
7535,x37_13.500,13.674875586280448
7536,x37_13.600,13.654310682209344
7537,x37_13.700,13.608034553402192
7538,x37_13.800,13.531903760146111
7539,x37_13.900,13.421758285654198
7540,x37_14.000,13.273511014391682
7541,x37_14.100,13.083243365260785
7542,x37_14.200,12.84730416039272
7543,x37_14.300,12.562408637471137
7544,x37_14.400,12.22573467095694
7545,x37_14.500,11.835013884577434
7546,x37_14.600,11.38861632439601
7547,x37_14.700,10.885628668280615
7548,x37_14.800,10.325927169340243
7549,x37_14.900,9.710247773606229
7550,x37_15.000,9.04025613233907
7551,x37_15.100,8.318619669086347
7552,x37_15.200,7.549082124637653
7553,x37_15.300,6.736537458492043
7554,x37_15.400,5.887095990230956
7555,x37_15.500,5.008130580304079
7556,x37_15.600,4.108286100181289
7557,x37_15.700,3.197432458857672
7558,x37_15.800,2.286541161335813
7559,x37_15.900,1.3874690286495075
7560,x37_16.000,0.512640734946025
7561,x37_16.100,-0.3253662674174158
7562,x37_16.200,-1.1143164790549025
7563,x37_16.300,-1.842857606434427
7564,x37_16.400,-2.5010645773693447
7565,x37_16.500,-3.080937192336504
7566,x37_16.600,-3.576803840456701
7567,x37_16.700,-3.985594351343557
7568,x37_16.800,-4.306959829983399
7569,x37_16.900,-4.543234186791303
7570,x37_17.000,-4.699246841739979
7571,x37_17.100,-4.782006461495
7572,x37_17.200,-4.800280808530224
7573,x37_17.300,-4.7640992385760095
7574,x37_17.400,-4.684204590207985
7575,x37_17.500,-4.5714819047469115
7576,x37_17.600,-4.436394079469744
7577,x37_17.700,-4.28845779537888
7578,x37_17.800,-4.13579546398212
7579,x37_17.900,-3.984797535902537
7580,x37_18.000,-3.839922810402894
7581,x37_18.100,-3.7036526676768218
7582,x37_18.200,-3.5765984223493983
7583,x37_18.300,-3.457744658787129
7584,x37_18.400,-3.3447962374437834
7585,x37_18.500,-3.234587126612963
7586,x37_18.600,-3.1235063374985903
7587,x37_18.700,-3.0078994116891034
7588,x37_18.800,-2.8844128742422925
7589,x37_18.900,-2.750260192833993
7590,x37_19.000,-2.6033997371644624
7591,x37_19.100,-2.4426256288427988
7592,x37_19.200,-2.2675804260065746
7593,x37_19.300,-2.078703309826992
7594,x37_19.400,-1.8771299739254028
7595,x37_19.500,-1.6645605563364054
7596,x37_19.600,-1.4431106809760108
7597,x37_19.700,-1.215158782052188
7598,x37_19.800,-0.9832001748882848
7599,x37_19.900,-0.7497159805161313
7600,x38_00.000,6.169038426559188
7601,x38_00.100,6.085706151644791
7602,x38_00.200,6.009571862197626
7603,x38_00.300,5.944072517885122
7604,x38_00.400,5.89253984250347
7605,x38_00.500,5.858081937599721
7606,x38_00.600,5.843487750081518
7607,x38_00.700,5.8511643633539085
7608,x38_00.800,5.883113431534142
7609,x38_00.900,5.9409475854613625
7610,x38_01.000,6.025941086889299
7611,x38_01.100,6.139102816170775
7612,x38_01.200,6.281255463712099
7613,x38_01.300,6.453104095021302
7614,x38_01.400,6.655280716569327
7615,x38_01.500,6.888358233975105
7616,x38_01.600,7.1528347065866855
7617,x38_01.700,7.449093292908443
7618,x38_01.800,7.777341195433176
7619,x38_01.900,8.137520557462675
7620,x38_02.000,8.529167519665387
7621,x38_02.100,8.951177926328809
7622,x38_02.200,9.401427516120364
7623,x38_02.300,9.876199302000924
7624,x38_02.400,10.369396937058568
7625,x38_02.500,10.871572682927248
7626,x38_02.600,11.368865089271605
7627,x38_02.700,11.842013217021057
7628,x38_02.800,12.265671410091386
7629,x38_02.900,12.608274501194492
7630,x38_03.000,12.832690825722048
7631,x38_03.100,12.897852530324135
7632,x38_03.200,12.76147133028244
7633,x38_03.300,12.383822097755631
7634,x38_03.400,11.732375487990833
7635,x38_03.500,10.786768840839006
7636,x38_03.600,9.543286480963456
7637,x38_03.700,8.01784629085628
7638,x38_03.800,6.246657243136481
7639,x38_03.900,4.284255996750016
7640,x38_04.000,2.1993079892442657
7641,x38_04.100,0.0689940029265064
7642,x38_04.200,-2.0271969619003896
7643,x38_04.300,-4.01371513319191
7644,x38_04.400,-5.824857533009393
7645,x38_04.500,-7.40981917951486
7646,x38_04.600,-8.736056127493693
7647,x38_04.700,-9.790021237888851
7648,x38_04.800,-10.574735810052944
7649,x38_04.900,-11.10452978098291
7650,x38_05.000,-11.398222624541772
7651,x38_05.100,-11.472557103412717
7652,x38_05.200,-11.33761105030588
7653,x38_05.300,-10.995296760403749
7654,x38_05.400,-10.44118635498538
7655,x38_05.500,-9.669034879134262
7656,x38_05.600,-8.676698942904016
7657,x38_05.700,-7.471809515571149
7658,x38_05.800,-6.075660430109568
7659,x38_05.900,-4.524306949961696
7660,x38_06.000,-2.866662124201704
7661,x38_06.100,-1.1601479190223232
7662,x38_06.200,0.5350400055002399
7663,x38_06.300,2.161864017810438
7664,x38_06.400,3.6715490660096712
7665,x38_06.500,5.027171680642215
7666,x38_06.600,6.205422942418029
7667,x38_06.700,7.196578547717681
7668,x38_06.800,8.002982272675474
7669,x38_06.900,8.636519799710547
7670,x38_07.000,9.115613906932213
7671,x38_07.100,9.462218811955168
7672,x38_07.200,9.699162984985602
7673,x38_07.300,9.848035300381117
7674,x38_07.400,9.927670665080946
7675,x38_07.500,9.953192733951832
7676,x38_07.600,9.935522600178462
7677,x38_07.700,9.881251127388628
7678,x38_07.800,9.792788840424368
7679,x38_07.900,9.668734857378654
7680,x38_08.000,9.504434443338074
7681,x38_08.100,9.292714812112216
7682,x38_08.200,9.024795712494075
7683,x38_08.300,8.69136168652337
7684,x38_08.400,8.283758545390121
7685,x38_08.500,7.79523934274748
7686,x38_08.600,7.2221486497426115
7687,x38_08.700,6.564906976935606
7688,x38_08.800,5.828656207543982
7689,x38_08.900,5.023457026907407
7690,x38_09.000,4.163989853794696
7691,x38_09.100,3.268785929289676
7692,x38_09.200,2.3590875053891036
7693,x38_09.300,1.4574855105707425
7694,x38_09.400,0.5865013180172424
7695,x38_09.500,-0.2327339537453137
7696,x38_09.600,-0.9815831241138792
7697,x38_09.700,-1.6447151225294194
7698,x38_09.800,-2.2105953873225257
7699,x38_09.900,-2.671661696261979
7700,x38_10.000,-3.024221725902623
7701,x38_10.100,-3.2681273660515977
7702,x38_10.200,-3.406290637513154
7703,x38_10.300,-3.4441074471353024
7704,x38_10.400,-3.388850125879266
7705,x38_10.500,-3.2490800900274492
7706,x38_10.600,-3.034118500902397
7707,x38_10.700,-2.7536002024295185
7708,x38_10.800,-2.417123167079135
7709,x38_10.900,-2.033995879175733
7710,x38_11.000,-1.6130764144186556
7711,x38_11.100,-1.1626920717154785
7712,x38_11.200,-0.6906250749351034
7713,x38_11.300,-0.2041484487006508
7714,x38_11.400,0.2899036036370562
7715,x38_11.500,0.7850457868218815
7716,x38_11.600,1.2750455463103991
7717,x38_11.700,1.7538324571006685
7718,x38_11.800,2.2154228640653484
7719,x38_11.900,2.6538679330857
7720,x38_12.000,3.063231126632065
7721,x38_12.100,3.4375990759886466
7722,x38_12.200,3.7711278585742174
7723,x38_12.300,4.058124170780125
7724,x38_12.400,4.293158506228626
7725,x38_12.500,4.471204883283414
7726,x38_12.600,4.587799657268005
7727,x38_12.700,4.6392096804422565
7728,x38_12.800,4.622599124921433
7729,x38_12.900,4.536183751232053
7730,x38_13.000,4.379361939931773
7731,x38_13.100,4.1528131334583085
7732,x38_13.200,3.858556564294767
7733,x38_13.300,3.4999655513857206
7734,x38_13.400,3.081735304948852
7735,x38_13.500,2.609804436367883
7736,x38_13.600,2.091232346438921
7737,x38_13.700,1.5340355337963922
7738,x38_13.800,0.9469871476679708
7739,x38_13.900,0.3393845853583718
7740,x38_14.000,-0.2792089415689326
7741,x38_14.100,-0.8992411461832516
7742,x38_14.200,-1.5114555343323464
7743,x38_14.300,-2.107171198734981
7744,x38_14.400,-2.6785412969691342
7745,x38_14.500,-3.2187720244624156
7746,x38_14.600,-3.722283773586205
7747,x38_14.700,-4.18479886472253
7748,x38_14.800,-4.603345285622243
7749,x38_14.900,-4.976174449178439
7750,x38_15.000,-5.302600005452119
7751,x38_15.100,-5.582774505036654
7752,x38_15.200,-5.817428862075238
7753,x38_15.300,-6.007604989046609
7754,x38_15.400,-6.154413849219942
7755,x38_15.500,-6.258849346606428
7756,x38_15.600,-6.32168269411082
7757,x38_15.700,-6.343452885976819
7758,x38_15.800,-6.324557100681034
7759,x38_15.900,-6.26543114302838
7760,x38_16.000,-6.166795717142029
7761,x38_16.100,-6.029931262428028
7762,x38_16.200,-5.856934667075926
7763,x38_16.300,-5.6509082933950845
7764,x38_16.400,-5.416037404516285
7765,x38_16.500,-5.157526819238087
7766,x38_16.600,-4.881390323132488
7767,x38_16.700,-4.594112277264955
7768,x38_16.800,-4.3022248229958
7769,x38_16.900,-4.011860135038569
7770,x38_17.000,-3.7283416097999433
7771,x38_17.100,-3.4558694941056807
7772,x38_17.200,-3.1973378860757182
7773,x38_17.300,-2.954295849785944
7774,x38_17.400,-2.727041262763521
7775,x38_17.500,-2.514816973882103
7776,x38_17.600,-2.316068121221497
7777,x38_17.700,-2.128718058833597
7778,x38_17.800,-1.9504269816935735
7779,x38_17.900,-1.7788093029200496
7780,x38_18.000,-1.6115995675778962
7781,x38_18.100,-1.4467685213831218
7782,x38_18.200,-1.2825992129702972
7783,x38_18.300,-1.1177355762531855
7784,x38_18.400,-0.951214311554838
7785,x38_18.500,-0.7824863463874191
7786,x38_18.600,-0.6114285256210448
7787,x38_18.700,-0.4383420160049427
7788,x38_18.800,-0.2639321181618598
7789,x38_18.900,-0.0892650527033117
7790,x38_19.000,0.0842996230864696
7791,x38_19.100,0.2551981891804299
7792,x38_19.200,0.4217670145074482
7793,x38_19.300,0.5823525540757692
7794,x38_19.400,0.7354169112648289
7795,x38_19.500,0.8796295188135776
7796,x38_19.600,1.0139376775704756
7797,x38_19.700,1.1376115042321633
7798,x38_19.800,1.2502621584329867
7799,x38_19.900,1.3518348797382709
7800,x39_00.000,7.149654994713764
7801,x39_00.100,7.1202599136179945
7802,x39_00.200,7.1138413113475
7803,x39_00.300,7.131386513833375
7804,x39_00.400,7.173699631030948
7805,x39_00.500,7.241421825760307
7806,x39_00.600,7.3350510377209135
7807,x39_00.700,7.454954553488297
7808,x39_00.800,7.601367976353244
7809,x39_00.900,7.774374931656084
7810,x39_01.000,7.973862810714796
7811,x39_01.100,8.19945041229696
7812,x39_01.200,8.450383004265607
7813,x39_01.300,8.725389013132414
7814,x39_01.400,9.022490786889389
7815,x39_01.500,9.338760885637042
7816,x39_01.600,9.670016784409752
7817,x39_01.700,10.0104526138283
7818,x39_01.800,10.352217402695604
7819,x39_01.900,10.684965954006987
7820,x39_02.000,10.995429127451985
7821,x39_02.100,11.267073360296171
7822,x39_02.200,11.479940939431389
7823,x39_02.300,11.61078147500061
7824,x39_02.400,11.63359713958063
7825,x39_02.500,11.520725044006191
7826,x39_02.600,11.24456062622257
7827,x39_02.700,10.77997338837002
7828,x39_02.800,10.107364071106106
7829,x39_02.900,9.216156206658663
7830,x39_03.000,8.108324681031235
7831,x39_03.100,6.80138338443776
7832,x39_03.200,5.330149869838229
7833,x39_03.300,3.7466394665728777
7834,x39_03.400,2.117653120220233
7835,x39_03.500,0.520022864447391
7836,x39_03.600,-0.9659757843395828
7837,x39_03.700,-2.263981113544644
7838,x39_03.800,-3.3083025454727384
7839,x39_03.900,-4.048918451732308
7840,x39_04.000,-4.454310460447923
7841,x39_04.100,-4.512666004987408
7842,x39_04.200,-4.232492972216795
7843,x39_04.300,-3.64337679869057
7844,x39_04.400,-2.796626745822256
7845,x39_04.500,-1.764566913475343
7846,x39_04.600,-0.6369765091154107
7847,x39_04.700,0.4860333735936741
7848,x39_04.800,1.504006620944406
7849,x39_04.900,2.32709800272773
7850,x39_05.000,2.88580340009849
7851,x39_05.100,3.137885055292079
7852,x39_05.200,3.0718923586382427
7853,x39_05.300,2.7073958340285564
7854,x39_05.400,2.0922669126318363
7855,x39_05.500,1.2972659333038994
7856,x39_05.600,0.4082400096077654
7857,x39_05.700,-0.4833919706069116
7858,x39_05.800,-1.2906301303477918
7859,x39_05.900,-1.9397584555501683
7860,x39_06.000,-2.3766508186500905
7861,x39_06.100,-2.569782021360929
7862,x39_06.200,-2.5100837789975743
7863,x39_06.300,-2.2084249582438784
7864,x39_06.400,-1.6916851231809549
7865,x39_06.500,-0.9982307852124211
7866,x39_06.600,-0.1733338859034414
7867,x39_06.700,0.7351170154138599
7868,x39_06.800,1.680340914174204
7869,x39_06.900,2.6195898518072265
7870,x39_07.000,3.516118174150135
7871,x39_07.100,4.340163960080544
7872,x39_07.200,5.069056959142647
7873,x39_07.300,5.686675646622754
7874,x39_07.400,6.1825231562998795
7875,x39_07.500,6.550677835501837
7876,x39_07.600,6.7888198012570875
7877,x39_07.700,6.8974660010769675
7878,x39_07.800,6.879479309126839
7879,x39_07.900,6.739860549988153
7880,x39_08.000,6.485787122624472
7881,x39_08.100,6.126825368264201
7882,x39_08.200,5.675215216897221
7883,x39_08.300,5.146106362491651
7884,x39_08.400,4.557619080575646
7885,x39_08.500,3.930619748423726
7886,x39_08.600,3.28814078158545
7887,x39_08.700,2.654440446667989
7888,x39_08.800,2.0537729448434305
7889,x39_08.900,1.509007641309434
7890,x39_09.000,1.0402744766102685
7891,x39_09.100,0.6638072157017074
7892,x39_09.200,0.3911140405853053
7893,x39_09.300,0.2285380983452228
7894,x39_09.400,0.1772058253060854
7895,x39_09.500,0.2333146123204483
7896,x39_09.600,0.3886903338506893
7897,x39_09.700,0.6315436898807826
7898,x39_09.800,0.9473616311487923
7899,x39_09.900,1.3198755868417664
7900,x39_10.000,1.7320489576394356
7901,x39_10.100,2.1670237535320087
7902,x39_10.200,2.6089645112781295
7903,x39_10.300,3.0437443464728924
7904,x39_10.400,3.459430789260684
7905,x39_10.500,3.8465499744516087
7906,x39_10.600,4.1981327167711955
7907,x39_10.700,4.509567100656327
7908,x39_10.800,4.778300001776623
7909,x39_10.900,5.003438868069562
7910,x39_11.000,5.185306932514461
7911,x39_11.100,5.3249999364686325
7912,x39_11.200,5.423983540874318
7913,x39_11.300,5.48375970436573
7914,x39_11.400,5.505619615430134
7915,x39_11.500,5.490491348432799
7916,x39_11.600,5.438882832179959
7917,x39_11.700,5.350914802937169
7918,x39_11.800,5.226433767628598
7919,x39_11.900,5.065191103215139
7920,x39_12.000,4.867070859597562
7921,x39_12.100,4.6323455570207885
7922,x39_12.200,4.361936588724707
7923,x39_12.300,4.057654131024078
7924,x39_12.400,3.722391547143193
7925,x39_12.500,3.360251765666952
7926,x39_12.600,2.9765880754663376
7927,x39_12.700,2.5779496142870864
7928,x39_12.800,2.1719312087007534
7929,x39_12.900,1.7669374088947707
7930,x39_13.000,1.371879611906998
7931,x39_13.100,0.995832354418073
7932,x39_13.200,0.6476773615973763
7933,x39_13.300,0.3357632453567075
7934,x39_13.400,0.0676035180821715
7935,x39_13.500,-0.1503724734244039
7936,x39_13.600,-0.3130101075908146
7937,x39_13.700,-0.4165648931721418
7938,x39_13.800,-0.4587916529395725
7939,x39_13.900,-0.4389993380240062
7940,x39_14.000,-0.3580818289024448
7941,x39_14.100,-0.2185304557001911
7942,x39_14.200,-0.0244275375766086
7943,x39_14.300,0.2185861977657366
7944,x39_14.400,0.503381876546898
7945,x39_14.500,0.8214630823441321
7946,x39_14.600,1.1631465688217786
7947,x39_14.700,1.5178069406717003
7948,x39_14.800,1.8741803062190552
7949,x39_14.900,2.2207149403024027
7950,x39_15.000,2.545950513916892
7951,x39_15.100,2.8389054654167114
7952,x39_15.200,3.089452748305715
7953,x39_15.300,3.2886696539692233
7954,x39_15.400,3.4291505200669814
7955,x39_15.500,3.505276345751793
7956,x39_15.600,3.513436293937066
7957,x39_15.700,3.4521942503710576
7958,x39_15.800,3.322389304315608
7959,x39_15.900,3.1271540714869137
7960,x39_16.000,2.871831883299745
7961,x39_16.100,2.563775698067435
7962,x39_16.200,2.212019742931135
7963,x39_16.300,1.826830176557977
7964,x39_16.400,1.4191598225952526
7965,x39_16.500,1.000050701400449
7966,x39_16.600,0.5800425718784773
7967,x39_16.700,0.1686489162319594
7968,x39_16.800,-0.2260458270093183
7969,x39_16.900,-0.5976324437488539
7970,x39_17.000,-0.9414556255710028
7971,x39_17.100,-1.2545392421641337
7972,x39_17.200,-1.5353918691365234
7973,x39_17.300,-1.7837370348360688
7974,x39_17.400,-2.000213813163922
7975,x39_17.500,-2.1860864282242436
7976,x39_17.600,-2.3429898874801327
7977,x39_17.700,-2.4727257807040206
7978,x39_17.800,-2.577111398639976
7979,x39_17.900,-2.6578778162129515
7980,x39_18.000,-2.7166089018325534
7981,x39_18.100,-2.7547127358983854
7982,x39_18.200,-2.7734179271799415
7983,x39_18.300,-2.7737892070032513
7984,x39_18.400,-2.7567579347842224
7985,x39_18.500,-2.723163566120058
7986,x39_18.600,-2.673802006453205
7987,x39_18.700,-2.609476109318871
7988,x39_18.800,-2.531042998787004
7989,x39_18.900,-2.4394529128790614
7990,x39_19.000,-2.3357749617814307
7991,x39_19.100,-2.2212067073568376
7992,x39_19.200,-2.097066429182328
7993,x39_19.300,-1.9647692646123012
7994,x39_19.400,-1.8257903469951449
7995,x39_19.500,-1.6816195333061192
7996,x39_19.600,-1.5337129328989318
7997,x39_19.700,-1.3834464519267915
7998,x39_19.800,-1.232075550204897
7999,x39_19.900,-1.0807043037126725
