obsname,simval
x0_00.000,8.0
x0_00.100,8.0
x0_00.200,8.0
x0_00.300,8.0
x0_00.400,8.0
x0_00.500,8.0
x0_00.600,8.0
x0_00.700,8.0
x0_00.800,8.0
x0_00.900,8.0
x0_01.000,8.0
x0_01.100,8.0
x0_01.200,8.0
x0_01.300,8.0
x0_01.400,8.0
x0_01.500,8.0
x0_01.600,8.0
x0_01.700,8.0
x0_01.800,8.0
x0_01.900,8.0
x0_02.000,8.0
x0_02.100,8.0
x0_02.200,8.0
x0_02.300,8.0
x0_02.400,8.0
x0_02.500,8.0
x0_02.600,8.0
x0_02.700,8.0
x0_02.800,8.0
x0_02.900,8.0
x0_03.000,8.0
x0_03.100,8.0
x0_03.200,8.0
x0_03.300,8.0
x0_03.400,8.0
x0_03.500,8.0
x0_03.600,8.0
x0_03.700,8.0
x0_03.800,8.0
x0_03.900,8.0
x0_04.000,8.0
x0_04.100,8.0
x0_04.200,8.0
x0_04.300,8.0
x0_04.400,8.0
x0_04.500,8.0
x0_04.600,8.0
x0_04.700,8.0
x0_04.800,8.0
x0_04.900,8.0
x0_05.000,8.0
x0_05.100,8.0
x0_05.200,8.0
x0_05.300,8.0
x0_05.400,8.0
x0_05.500,8.0
x0_05.600,8.0
x0_05.700,8.0
x0_05.800,8.0
x0_05.900,8.0
x0_06.000,8.0
x0_06.100,8.0
x0_06.200,8.0
x0_06.300,8.0
x0_06.400,8.0
x0_06.500,8.0
x0_06.600,8.0
x0_06.700,8.0
x0_06.800,8.0
x0_06.900,8.0
x0_07.000,8.0
x0_07.100,8.0
x0_07.200,8.0
x0_07.300,8.0
x0_07.400,8.0
x0_07.500,8.0
x0_07.600,8.0
x0_07.700,8.0
x0_07.800,8.0
x0_07.900,8.0
x0_08.000,8.0
x0_08.100,8.0
x0_08.200,8.0
x0_08.300,8.0
x0_08.400,8.0
x0_08.500,8.0
x0_08.600,8.0
x0_08.700,8.0
x0_08.800,8.0
x0_08.900,8.0
x0_09.000,8.0
x0_09.100,8.0
x0_09.200,8.0
x0_09.300,8.0
x0_09.400,8.0
x0_09.500,8.0
x0_09.600,8.0
x0_09.700,8.0
x0_09.800,8.0
x0_09.900,8.0
x0_10.000,8.0
x0_10.100,8.0
x0_10.200,8.0
x0_10.300,8.0
x0_10.400,8.0
x0_10.500,8.0
x0_10.600,8.0
x0_10.700,8.0
x0_10.800,8.0
x0_10.900,8.0
x0_11.000,8.0
x0_11.100,8.0
x0_11.200,8.0
x0_11.300,8.0
x0_11.400,8.0
x0_11.500,8.0
x0_11.600,8.0
x0_11.700,8.0
x0_11.800,8.0
x0_11.900,8.0
x0_12.000,8.0
x0_12.100,8.0
x0_12.200,8.0
x0_12.300,8.0
x0_12.400,8.0
x0_12.500,8.0
x0_12.600,8.0
x0_12.700,8.0
x0_12.800,8.0
x0_12.900,8.0
x0_13.000,8.0
x0_13.100,8.0
x0_13.200,8.0
x0_13.300,8.0
x0_13.400,8.0
x0_13.500,8.0
x0_13.600,8.0
x0_13.700,8.0
x0_13.800,8.0
x0_13.900,8.0
x0_14.000,8.0
x0_14.100,8.0
x0_14.200,8.0
x0_14.300,8.0
x0_14.400,8.0
x0_14.500,8.0
x0_14.600,8.0
x0_14.700,8.0
x0_14.800,8.0
x0_14.900,8.0
x0_15.000,8.0
x0_15.100,8.0
x0_15.200,8.0
x0_15.300,8.0
x0_15.400,8.0
x0_15.500,8.0
x0_15.600,8.0
x0_15.700,8.0
x0_15.800,8.0
x0_15.900,8.0
x0_16.000,8.0
x0_16.100,8.0
x0_16.200,8.0
x0_16.300,8.0
x0_16.400,8.0
x0_16.500,8.0
x0_16.600,8.0
x0_16.700,8.0
x0_16.800,8.0
x0_16.900,8.0
x0_17.000,8.0
x0_17.100,8.0
x0_17.200,8.0
x0_17.300,8.0
x0_17.400,8.0
x0_17.500,8.0
x0_17.600,8.0
x0_17.700,8.0
x0_17.800,8.0
x0_17.900,8.0
x0_18.000,8.0
x0_18.100,8.0
x0_18.200,8.0
x0_18.300,8.0
x0_18.400,8.0
x0_18.500,8.0
x0_18.600,8.0
x0_18.700,8.0
x0_18.800,8.0
x0_18.900,8.0
x0_19.000,8.0
x0_19.100,8.0
x0_19.200,8.0
x0_19.300,8.0
x0_19.400,8.0
x0_19.500,8.0
x0_19.600,8.0
x0_19.700,8.0
x0_19.800,8.0
x0_19.900,8.0
x1_00.000,8.0
x1_00.100,8.0
x1_00.200,8.0
x1_00.300,8.0
x1_00.400,8.0
x1_00.500,8.0
x1_00.600,8.0
x1_00.700,8.0
x1_00.800,8.0
x1_00.900,8.0
x1_01.000,8.0
x1_01.100,8.0
x1_01.200,8.0
x1_01.300,8.0
x1_01.400,8.0
x1_01.500,8.0
x1_01.600,8.0
x1_01.700,8.0
x1_01.800,8.0
x1_01.900,8.0
x1_02.000,8.0
x1_02.100,8.0
x1_02.200,8.0
x1_02.300,8.0
x1_02.400,8.0
x1_02.500,8.0
x1_02.600,8.0
x1_02.700,8.0
x1_02.800,8.0
x1_02.900,8.0
x1_03.000,8.0
x1_03.100,8.0
x1_03.200,8.0
x1_03.300,8.0
x1_03.400,8.0
x1_03.500,8.0
x1_03.600,8.0
x1_03.700,8.0
x1_03.800,8.0
x1_03.900,8.0
x1_04.000,8.0
x1_04.100,8.0
x1_04.200,8.0
x1_04.300,8.0
x1_04.400,8.0
x1_04.500,8.0
x1_04.600,8.0
x1_04.700,8.0
x1_04.800,8.0
x1_04.900,8.0
x1_05.000,8.0
x1_05.100,8.0
x1_05.200,8.0
x1_05.300,8.0
x1_05.400,8.0
x1_05.500,8.0
x1_05.600,8.0
x1_05.700,8.0
x1_05.800,8.0
x1_05.900,8.0
x1_06.000,8.0
x1_06.100,8.0
x1_06.200,8.0
x1_06.300,8.0
x1_06.400,8.0
x1_06.500,8.0
x1_06.600,8.0
x1_06.700,8.0
x1_06.800,8.0
x1_06.900,8.0
x1_07.000,8.0
x1_07.100,8.0
x1_07.200,8.0
x1_07.300,8.0
x1_07.400,8.0
x1_07.500,8.0
x1_07.600,8.0
x1_07.700,8.0
x1_07.800,8.0
x1_07.900,8.0
x1_08.000,8.0
x1_08.100,8.0
x1_08.200,8.0
x1_08.300,8.0
x1_08.400,8.0
x1_08.500,8.0
x1_08.600,8.0
x1_08.700,8.0
x1_08.800,8.0
x1_08.900,8.0
x1_09.000,8.0
x1_09.100,8.0
x1_09.200,8.0
x1_09.300,8.0
x1_09.400,8.0
x1_09.500,8.0
x1_09.600,8.0
x1_09.700,8.0
x1_09.800,8.0
x1_09.900,8.0
x1_10.000,8.0
x1_10.100,8.0
x1_10.200,8.0
x1_10.300,8.0
x1_10.400,8.0
x1_10.500,8.0
x1_10.600,8.0
x1_10.700,8.0
x1_10.800,8.0
x1_10.900,8.0
x1_11.000,8.0
x1_11.100,8.0
x1_11.200,8.0
x1_11.300,8.0
x1_11.400,8.0
x1_11.500,8.0
x1_11.600,8.0
x1_11.700,8.0
x1_11.800,8.0
x1_11.900,8.0
x1_12.000,8.0
x1_12.100,8.0
x1_12.200,8.0
x1_12.300,8.0
x1_12.400,8.0
x1_12.500,8.0
x1_12.600,8.0
x1_12.700,8.0
x1_12.800,8.0
x1_12.900,8.0
x1_13.000,8.0
x1_13.100,8.0
x1_13.200,8.0
x1_13.300,8.0
x1_13.400,8.0
x1_13.500,8.0
x1_13.600,8.0
x1_13.700,8.0
x1_13.800,8.0
x1_13.900,8.0
x1_14.000,8.0
x1_14.100,8.0
x1_14.200,8.0
x1_14.300,8.0
x1_14.400,8.0
x1_14.500,8.0
x1_14.600,8.0
x1_14.700,8.0
x1_14.800,8.0
x1_14.900,8.0
x1_15.000,8.0
x1_15.100,8.0
x1_15.200,8.0
x1_15.300,8.0
x1_15.400,8.0
x1_15.500,8.0
x1_15.600,8.0
x1_15.700,8.0
x1_15.800,8.0
x1_15.900,8.0
x1_16.000,8.0
x1_16.100,8.0
x1_16.200,8.0
x1_16.300,8.0
x1_16.400,8.0
x1_16.500,8.0
x1_16.600,8.0
x1_16.700,8.0
x1_16.800,8.0
x1_16.900,8.0
x1_17.000,8.0
x1_17.100,8.0
x1_17.200,8.0
x1_17.300,8.0
x1_17.400,8.0
x1_17.500,8.0
x1_17.600,8.0
x1_17.700,8.0
x1_17.800,8.0
x1_17.900,8.0
x1_18.000,8.0
x1_18.100,8.0
x1_18.200,8.0
x1_18.300,8.0
x1_18.400,8.0
x1_18.500,8.0
x1_18.600,8.0
x1_18.700,8.0
x1_18.800,8.0
x1_18.900,8.0
x1_19.000,8.0
x1_19.100,8.0
x1_19.200,8.0
x1_19.300,8.0
x1_19.400,8.0
x1_19.500,8.0
x1_19.600,8.0
x1_19.700,8.0
x1_19.800,8.0
x1_19.900,8.0
x2_00.000,8.0
x2_00.100,8.0
x2_00.200,8.0
x2_00.300,8.0
x2_00.400,8.0
x2_00.500,8.0
x2_00.600,8.0
x2_00.700,8.0
x2_00.800,8.0
x2_00.900,8.0
x2_01.000,8.0
x2_01.100,8.0
x2_01.200,8.0
x2_01.300,8.0
x2_01.400,8.0
x2_01.500,8.0
x2_01.600,8.0
x2_01.700,8.0
x2_01.800,8.0
x2_01.900,8.0
x2_02.000,8.0
x2_02.100,8.0
x2_02.200,8.0
x2_02.300,8.0
x2_02.400,8.0
x2_02.500,8.0
x2_02.600,8.0
x2_02.700,8.0
x2_02.800,8.0
x2_02.900,8.0
x2_03.000,8.0
x2_03.100,8.0
x2_03.200,8.0
x2_03.300,8.0
x2_03.400,8.0
x2_03.500,8.0
x2_03.600,8.0
x2_03.700,8.0
x2_03.800,8.0
x2_03.900,8.0
x2_04.000,8.0
x2_04.100,8.0
x2_04.200,8.0
x2_04.300,8.0
x2_04.400,8.0
x2_04.500,8.0
x2_04.600,8.0
x2_04.700,8.0
x2_04.800,8.0
x2_04.900,8.0
x2_05.000,8.0
x2_05.100,8.0
x2_05.200,8.0
x2_05.300,8.0
x2_05.400,8.0
x2_05.500,8.0
x2_05.600,8.0
x2_05.700,8.0
x2_05.800,8.0
x2_05.900,8.0
x2_06.000,8.0
x2_06.100,8.0
x2_06.200,8.0
x2_06.300,8.0
x2_06.400,8.0
x2_06.500,8.0
x2_06.600,8.0
x2_06.700,8.0
x2_06.800,8.0
x2_06.900,8.0
x2_07.000,8.0
x2_07.100,8.0
x2_07.200,8.0
x2_07.300,8.0
x2_07.400,8.0
x2_07.500,8.0
x2_07.600,8.0
x2_07.700,8.0
x2_07.800,8.0
x2_07.900,8.0
x2_08.000,8.0
x2_08.100,8.0
x2_08.200,8.0
x2_08.300,8.0
x2_08.400,8.0
x2_08.500,8.0
x2_08.600,8.0
x2_08.700,8.0
x2_08.800,8.0
x2_08.900,8.0
x2_09.000,8.0
x2_09.100,8.0
x2_09.200,8.0
x2_09.300,8.0
x2_09.400,8.0
x2_09.500,8.0
x2_09.600,8.0
x2_09.700,8.0
x2_09.800,8.0
x2_09.900,8.0
x2_10.000,8.0
x2_10.100,8.0
x2_10.200,8.0
x2_10.300,8.0
x2_10.400,8.0
x2_10.500,8.0
x2_10.600,8.0
x2_10.700,8.0
x2_10.800,8.0
x2_10.900,8.0
x2_11.000,8.0
x2_11.100,8.0
x2_11.200,8.0
x2_11.300,8.0
x2_11.400,8.0
x2_11.500,8.0
x2_11.600,8.0
x2_11.700,8.0
x2_11.800,8.0
x2_11.900,8.0
x2_12.000,8.0
x2_12.100,8.0
x2_12.200,8.0
x2_12.300,8.0
x2_12.400,8.0
x2_12.500,8.0
x2_12.600,8.0
x2_12.700,8.0
x2_12.800,8.0
x2_12.900,8.0
x2_13.000,8.0
x2_13.100,8.0
x2_13.200,8.0
x2_13.300,8.0
x2_13.400,8.0
x2_13.500,8.0
x2_13.600,8.0
x2_13.700,8.0
x2_13.800,8.0
x2_13.900,8.0
x2_14.000,8.0
x2_14.100,8.0
x2_14.200,8.0
x2_14.300,8.0
x2_14.400,8.0
x2_14.500,8.0
x2_14.600,8.0
x2_14.700,8.0
x2_14.800,8.0
x2_14.900,8.0
x2_15.000,8.0
x2_15.100,8.0
x2_15.200,8.0
x2_15.300,8.0
x2_15.400,8.0
x2_15.500,8.0
x2_15.600,8.0
x2_15.700,8.0
x2_15.800,8.0
x2_15.900,8.0
x2_16.000,8.0
x2_16.100,8.0
x2_16.200,8.0
x2_16.300,8.0
x2_16.400,8.0
x2_16.500,8.0
x2_16.600,8.0
x2_16.700,8.0
x2_16.800,8.0
x2_16.900,8.0
x2_17.000,8.0
x2_17.100,8.0
x2_17.200,8.0
x2_17.300,8.0
x2_17.400,8.0
x2_17.500,8.0
x2_17.600,8.0
x2_17.700,8.0
x2_17.800,8.0
x2_17.900,8.0
x2_18.000,8.0
x2_18.100,8.0
x2_18.200,8.0
x2_18.300,8.0
x2_18.400,8.0
x2_18.500,8.0
x2_18.600,8.0
x2_18.700,8.0
x2_18.800,8.0
x2_18.900,8.0
x2_19.000,8.0
x2_19.100,8.0
x2_19.200,8.0
x2_19.300,8.0
x2_19.400,8.0
x2_19.500,8.0
x2_19.600,8.0
x2_19.700,8.0
x2_19.800,8.0
x2_19.900,8.0
x3_00.000,8.0
x3_00.100,8.0
x3_00.200,8.0
x3_00.300,8.0
x3_00.400,8.0
x3_00.500,8.0
x3_00.600,8.0
x3_00.700,8.0
x3_00.800,8.0
x3_00.900,8.0
x3_01.000,8.0
x3_01.100,8.0
x3_01.200,8.0
x3_01.300,8.0
x3_01.400,8.0
x3_01.500,8.0
x3_01.600,8.0
x3_01.700,8.0
x3_01.800,8.0
x3_01.900,8.0
x3_02.000,8.0
x3_02.100,8.0
x3_02.200,8.0
x3_02.300,8.0
x3_02.400,8.0
x3_02.500,8.0
x3_02.600,8.0
x3_02.700,8.0
x3_02.800,8.0
x3_02.900,8.0
x3_03.000,8.0
x3_03.100,8.0
x3_03.200,8.0
x3_03.300,8.0
x3_03.400,8.0
x3_03.500,8.0
x3_03.600,8.0
x3_03.700,8.0
x3_03.800,8.0
x3_03.900,8.0
x3_04.000,8.0
x3_04.100,8.0
x3_04.200,8.0
x3_04.300,8.0
x3_04.400,8.0
x3_04.500,8.0
x3_04.600,8.0
x3_04.700,8.0
x3_04.800,8.0
x3_04.900,8.0
x3_05.000,8.0
x3_05.100,8.0
x3_05.200,8.0
x3_05.300,8.0
x3_05.400,8.0
x3_05.500,8.0
x3_05.600,8.0
x3_05.700,8.0
x3_05.800,8.0
x3_05.900,8.0
x3_06.000,8.0
x3_06.100,8.0
x3_06.200,8.0
x3_06.300,8.0
x3_06.400,8.0
x3_06.500,8.0
x3_06.600,8.0
x3_06.700,8.0
x3_06.800,8.0
x3_06.900,8.0
x3_07.000,8.0
x3_07.100,8.0
x3_07.200,8.0
x3_07.300,8.0
x3_07.400,8.0
x3_07.500,8.0
x3_07.600,8.0
x3_07.700,8.0
x3_07.800,8.0
x3_07.900,8.0
x3_08.000,8.0
x3_08.100,8.0
x3_08.200,8.0
x3_08.300,8.0
x3_08.400,8.0
x3_08.500,8.0
x3_08.600,8.0
x3_08.700,8.0
x3_08.800,8.0
x3_08.900,8.0
x3_09.000,8.0
x3_09.100,8.0
x3_09.200,8.0
x3_09.300,8.0
x3_09.400,8.0
x3_09.500,8.0
x3_09.600,8.0
x3_09.700,8.0
x3_09.800,8.0
x3_09.900,8.0
x3_10.000,8.0
x3_10.100,8.0
x3_10.200,8.0
x3_10.300,8.0
x3_10.400,8.0
x3_10.500,8.0
x3_10.600,8.0
x3_10.700,8.0
x3_10.800,8.0
x3_10.900,8.0
x3_11.000,8.0
x3_11.100,8.0
x3_11.200,8.0
x3_11.300,8.0
x3_11.400,8.0
x3_11.500,8.0
x3_11.600,8.0
x3_11.700,8.0
x3_11.800,8.0
x3_11.900,8.0
x3_12.000,8.0
x3_12.100,8.0
x3_12.200,8.0
x3_12.300,8.0
x3_12.400,8.0
x3_12.500,8.0
x3_12.600,8.0
x3_12.700,8.0
x3_12.800,8.0
x3_12.900,8.0
x3_13.000,8.0
x3_13.100,8.0
x3_13.200,8.0
x3_13.300,8.0
x3_13.400,8.0
x3_13.500,8.0
x3_13.600,8.0
x3_13.700,8.0
x3_13.800,8.0
x3_13.900,8.0
x3_14.000,8.0
x3_14.100,8.0
x3_14.200,8.0
x3_14.300,8.0
x3_14.400,8.0
x3_14.500,8.0
x3_14.600,8.0
x3_14.700,8.0
x3_14.800,8.0
x3_14.900,8.0
x3_15.000,8.0
x3_15.100,8.0
x3_15.200,8.0
x3_15.300,8.0
x3_15.400,8.0
x3_15.500,8.0
x3_15.600,8.0
x3_15.700,8.0
x3_15.800,8.0
x3_15.900,8.0
x3_16.000,8.0
x3_16.100,8.0
x3_16.200,8.0
x3_16.300,8.0
x3_16.400,8.0
x3_16.500,8.0
x3_16.600,8.0
x3_16.700,8.0
x3_16.800,8.0
x3_16.900,8.0
x3_17.000,8.0
x3_17.100,8.0
x3_17.200,8.0
x3_17.300,8.0
x3_17.400,8.0
x3_17.500,8.0
x3_17.600,8.0
x3_17.700,8.0
x3_17.800,8.0
x3_17.900,8.0
x3_18.000,8.0
x3_18.100,8.0
x3_18.200,8.0
x3_18.300,8.0
x3_18.400,8.0
x3_18.500,8.0
x3_18.600,8.0
x3_18.700,8.0
x3_18.800,8.0
x3_18.900,8.0
x3_19.000,8.0
x3_19.100,8.0
x3_19.200,8.0
x3_19.300,8.0
x3_19.400,8.0
x3_19.500,8.0
x3_19.600,8.0
x3_19.700,8.0
x3_19.800,8.0
x3_19.900,8.0
x4_00.000,8.0
x4_00.100,8.0
x4_00.200,8.0
x4_00.300,8.0
x4_00.400,8.0
x4_00.500,8.0
x4_00.600,8.0
x4_00.700,8.0
x4_00.800,8.0
x4_00.900,8.0
x4_01.000,8.0
x4_01.100,8.0
x4_01.200,8.0
x4_01.300,8.0
x4_01.400,8.0
x4_01.500,8.0
x4_01.600,8.0
x4_01.700,8.0
x4_01.800,8.0
x4_01.900,8.0
x4_02.000,8.0
x4_02.100,8.0
x4_02.200,8.0
x4_02.300,8.0
x4_02.400,8.0
x4_02.500,8.0
x4_02.600,8.0
x4_02.700,8.0
x4_02.800,8.0
x4_02.900,8.0
x4_03.000,8.0
x4_03.100,8.0
x4_03.200,8.0
x4_03.300,8.0
x4_03.400,8.0
x4_03.500,8.0
x4_03.600,8.0
x4_03.700,8.0
x4_03.800,8.0
x4_03.900,8.0
x4_04.000,8.0
x4_04.100,8.0
x4_04.200,8.0
x4_04.300,8.0
x4_04.400,8.0
x4_04.500,8.0
x4_04.600,8.0
x4_04.700,8.0
x4_04.800,8.0
x4_04.900,8.0
x4_05.000,8.0
x4_05.100,8.0
x4_05.200,8.0
x4_05.300,8.0
x4_05.400,8.0
x4_05.500,8.0
x4_05.600,8.0
x4_05.700,8.0
x4_05.800,8.0
x4_05.900,8.0
x4_06.000,8.0
x4_06.100,8.0
x4_06.200,8.0
x4_06.300,8.0
x4_06.400,8.0
x4_06.500,8.0
x4_06.600,8.0
x4_06.700,8.0
x4_06.800,8.0
x4_06.900,8.0
x4_07.000,8.0
x4_07.100,8.0
x4_07.200,8.0
x4_07.300,8.0
x4_07.400,8.0
x4_07.500,8.0
x4_07.600,8.0
x4_07.700,8.0
x4_07.800,8.0
x4_07.900,8.0
x4_08.000,8.0
x4_08.100,8.0
x4_08.200,8.0
x4_08.300,8.0
x4_08.400,8.0
x4_08.500,8.0
x4_08.600,8.0
x4_08.700,8.0
x4_08.800,8.0
x4_08.900,8.0
x4_09.000,8.0
x4_09.100,8.0
x4_09.200,8.0
x4_09.300,8.0
x4_09.400,8.0
x4_09.500,8.0
x4_09.600,8.0
x4_09.700,8.0
x4_09.800,8.0
x4_09.900,8.0
x4_10.000,8.0
x4_10.100,8.0
x4_10.200,8.0
x4_10.300,8.0
x4_10.400,8.0
x4_10.500,8.0
x4_10.600,8.0
x4_10.700,8.0
x4_10.800,8.0
x4_10.900,8.0
x4_11.000,8.0
x4_11.100,8.0
x4_11.200,8.0
x4_11.300,8.0
x4_11.400,8.0
x4_11.500,8.0
x4_11.600,8.0
x4_11.700,8.0
x4_11.800,8.0
x4_11.900,8.0
x4_12.000,8.0
x4_12.100,8.0
x4_12.200,8.0
x4_12.300,8.0
x4_12.400,8.0
x4_12.500,8.0
x4_12.600,8.0
x4_12.700,8.0
x4_12.800,8.0
x4_12.900,8.0
x4_13.000,8.0
x4_13.100,8.0
x4_13.200,8.0
x4_13.300,8.0
x4_13.400,8.0
x4_13.500,8.0
x4_13.600,8.0
x4_13.700,8.0
x4_13.800,8.0
x4_13.900,8.0
x4_14.000,8.0
x4_14.100,8.0
x4_14.200,8.0
x4_14.300,8.0
x4_14.400,8.0
x4_14.500,8.0
x4_14.600,8.0
x4_14.700,8.0
x4_14.800,8.0
x4_14.900,8.0
x4_15.000,8.0
x4_15.100,8.0
x4_15.200,8.0
x4_15.300,8.0
x4_15.400,8.0
x4_15.500,8.0
x4_15.600,8.0
x4_15.700,8.0
x4_15.800,8.0
x4_15.900,8.0
x4_16.000,8.0
x4_16.100,8.0
x4_16.200,8.0
x4_16.300,8.0
x4_16.400,8.0
x4_16.500,8.0
x4_16.600,8.0
x4_16.700,8.0
x4_16.800,8.0
x4_16.900,8.0
x4_17.000,8.0
x4_17.100,8.0
x4_17.200,8.0
x4_17.300,8.0
x4_17.400,8.0
x4_17.500,8.0
x4_17.600,8.0
x4_17.700,8.0
x4_17.800,8.0
x4_17.900,8.0
x4_18.000,8.0
x4_18.100,8.0
x4_18.200,8.0
x4_18.300,8.0
x4_18.400,8.0
x4_18.500,8.0
x4_18.600,8.0
x4_18.700,8.0
x4_18.800,8.0
x4_18.900,8.0
x4_19.000,8.0
x4_19.100,8.0
x4_19.200,8.0
x4_19.300,8.0
x4_19.400,8.0
x4_19.500,8.0
x4_19.600,8.0
x4_19.700,8.0
x4_19.800,8.0
x4_19.900,8.0
x5_00.000,8.0
x5_00.100,8.0
x5_00.200,8.0
x5_00.300,8.0
x5_00.400,8.0
x5_00.500,8.0
x5_00.600,8.0
x5_00.700,8.0
x5_00.800,8.0
x5_00.900,8.0
x5_01.000,8.0
x5_01.100,8.0
x5_01.200,8.0
x5_01.300,8.0
x5_01.400,8.0
x5_01.500,8.0
x5_01.600,8.0
x5_01.700,8.0
x5_01.800,8.0
x5_01.900,8.0
x5_02.000,8.0
x5_02.100,8.0
x5_02.200,8.0
x5_02.300,8.0
x5_02.400,8.0
x5_02.500,8.0
x5_02.600,8.0
x5_02.700,8.0
x5_02.800,8.0
x5_02.900,8.0
x5_03.000,8.0
x5_03.100,8.0
x5_03.200,8.0
x5_03.300,8.0
x5_03.400,8.0
x5_03.500,8.0
x5_03.600,8.0
x5_03.700,8.0
x5_03.800,8.0
x5_03.900,8.0
x5_04.000,8.0
x5_04.100,8.0
x5_04.200,8.0
x5_04.300,8.0
x5_04.400,8.0
x5_04.500,8.0
x5_04.600,8.0
x5_04.700,8.0
x5_04.800,8.0
x5_04.900,8.0
x5_05.000,8.0
x5_05.100,8.0
x5_05.200,8.0
x5_05.300,8.0
x5_05.400,8.0
x5_05.500,8.0
x5_05.600,8.0
x5_05.700,8.0
x5_05.800,8.0
x5_05.900,8.0
x5_06.000,8.0
x5_06.100,8.0
x5_06.200,8.0
x5_06.300,8.0
x5_06.400,8.0
x5_06.500,8.0
x5_06.600,8.0
x5_06.700,8.0
x5_06.800,8.0
x5_06.900,8.0
x5_07.000,8.0
x5_07.100,8.0
x5_07.200,8.0
x5_07.300,8.0
x5_07.400,8.0
x5_07.500,8.0
x5_07.600,8.0
x5_07.700,8.0
x5_07.800,8.0
x5_07.900,8.0
x5_08.000,8.0
x5_08.100,8.0
x5_08.200,8.0
x5_08.300,8.0
x5_08.400,8.0
x5_08.500,8.0
x5_08.600,8.0
x5_08.700,8.0
x5_08.800,8.0
x5_08.900,8.0
x5_09.000,8.0
x5_09.100,8.0
x5_09.200,8.0
x5_09.300,8.0
x5_09.400,8.0
x5_09.500,8.0
x5_09.600,8.0
x5_09.700,8.0
x5_09.800,8.0
x5_09.900,8.0
x5_10.000,8.0
x5_10.100,8.0
x5_10.200,8.0
x5_10.300,8.0
x5_10.400,8.0
x5_10.500,8.0
x5_10.600,8.0
x5_10.700,8.0
x5_10.800,8.0
x5_10.900,8.0
x5_11.000,8.0
x5_11.100,8.0
x5_11.200,8.0
x5_11.300,8.0
x5_11.400,8.0
x5_11.500,8.0
x5_11.600,8.0
x5_11.700,8.0
x5_11.800,8.0
x5_11.900,8.0
x5_12.000,8.0
x5_12.100,8.0
x5_12.200,8.0
x5_12.300,8.0
x5_12.400,8.0
x5_12.500,8.0
x5_12.600,8.0
x5_12.700,8.0
x5_12.800,8.0
x5_12.900,8.0
x5_13.000,8.0
x5_13.100,8.0
x5_13.200,8.0
x5_13.300,8.0
x5_13.400,8.0
x5_13.500,8.0
x5_13.600,8.0
x5_13.700,8.0
x5_13.800,8.0
x5_13.900,8.0
x5_14.000,8.0
x5_14.100,8.0
x5_14.200,8.0
x5_14.300,8.0
x5_14.400,8.0
x5_14.500,8.0
x5_14.600,8.0
x5_14.700,8.0
x5_14.800,8.0
x5_14.900,8.0
x5_15.000,8.0
x5_15.100,8.0
x5_15.200,8.0
x5_15.300,8.0
x5_15.400,8.0
x5_15.500,8.0
x5_15.600,8.0
x5_15.700,8.0
x5_15.800,8.0
x5_15.900,8.0
x5_16.000,8.0
x5_16.100,8.0
x5_16.200,8.0
x5_16.300,8.0
x5_16.400,8.0
x5_16.500,8.0
x5_16.600,8.0
x5_16.700,8.0
x5_16.800,8.0
x5_16.900,8.0
x5_17.000,8.0
x5_17.100,8.0
x5_17.200,8.0
x5_17.300,8.0
x5_17.400,8.0
x5_17.500,8.0
x5_17.600,8.0
x5_17.700,8.0
x5_17.800,8.0
x5_17.900,8.0
x5_18.000,8.0
x5_18.100,8.0
x5_18.200,8.0
x5_18.300,8.0
x5_18.400,8.0
x5_18.500,8.0
x5_18.600,8.0
x5_18.700,8.0
x5_18.800,8.0
x5_18.900,8.0
x5_19.000,8.0
x5_19.100,8.0
x5_19.200,8.0
x5_19.300,8.0
x5_19.400,8.0
x5_19.500,8.0
x5_19.600,8.0
x5_19.700,8.0
x5_19.800,8.0
x5_19.900,8.0
x6_00.000,8.0
x6_00.100,8.0
x6_00.200,8.0
x6_00.300,8.0
x6_00.400,8.0
x6_00.500,8.0
x6_00.600,8.0
x6_00.700,8.0
x6_00.800,8.0
x6_00.900,8.0
x6_01.000,8.0
x6_01.100,8.0
x6_01.200,8.0
x6_01.300,8.0
x6_01.400,8.0
x6_01.500,8.0
x6_01.600,8.0
x6_01.700,8.0
x6_01.800,8.0
x6_01.900,8.0
x6_02.000,8.0
x6_02.100,8.0
x6_02.200,8.0
x6_02.300,8.0
x6_02.400,8.0
x6_02.500,8.0
x6_02.600,8.0
x6_02.700,8.0
x6_02.800,8.0
x6_02.900,8.0
x6_03.000,8.0
x6_03.100,8.0
x6_03.200,8.0
x6_03.300,8.0
x6_03.400,8.0
x6_03.500,8.0
x6_03.600,8.0
x6_03.700,8.0
x6_03.800,8.0
x6_03.900,8.0
x6_04.000,8.0
x6_04.100,8.0
x6_04.200,8.0
x6_04.300,8.0
x6_04.400,8.0
x6_04.500,8.0
x6_04.600,8.0
x6_04.700,8.0
x6_04.800,8.0
x6_04.900,8.0
x6_05.000,8.0
x6_05.100,8.0
x6_05.200,8.0
x6_05.300,8.0
x6_05.400,8.0
x6_05.500,8.0
x6_05.600,8.0
x6_05.700,8.0
x6_05.800,8.0
x6_05.900,8.0
x6_06.000,8.0
x6_06.100,8.0
x6_06.200,8.0
x6_06.300,8.0
x6_06.400,8.0
x6_06.500,8.0
x6_06.600,8.0
x6_06.700,8.0
x6_06.800,8.0
x6_06.900,8.0
x6_07.000,8.0
x6_07.100,8.0
x6_07.200,8.0
x6_07.300,8.0
x6_07.400,8.0
x6_07.500,8.0
x6_07.600,8.0
x6_07.700,8.0
x6_07.800,8.0
x6_07.900,8.0
x6_08.000,8.0
x6_08.100,8.0
x6_08.200,8.0
x6_08.300,8.0
x6_08.400,8.0
x6_08.500,8.0
x6_08.600,8.0
x6_08.700,8.0
x6_08.800,8.0
x6_08.900,8.0
x6_09.000,8.0
x6_09.100,8.0
x6_09.200,8.0
x6_09.300,8.0
x6_09.400,8.0
x6_09.500,8.0
x6_09.600,8.0
x6_09.700,8.0
x6_09.800,8.0
x6_09.900,8.0
x6_10.000,8.0
x6_10.100,8.0
x6_10.200,8.0
x6_10.300,8.0
x6_10.400,8.0
x6_10.500,8.0
x6_10.600,8.0
x6_10.700,8.0
x6_10.800,8.0
x6_10.900,8.0
x6_11.000,8.0
x6_11.100,8.0
x6_11.200,8.0
x6_11.300,8.0
x6_11.400,8.0
x6_11.500,8.0
x6_11.600,8.0
x6_11.700,8.0
x6_11.800,8.0
x6_11.900,8.0
x6_12.000,8.0
x6_12.100,8.0
x6_12.200,8.0
x6_12.300,8.0
x6_12.400,8.0
x6_12.500,8.0
x6_12.600,8.0
x6_12.700,8.0
x6_12.800,8.0
x6_12.900,8.0
x6_13.000,8.0
x6_13.100,8.0
x6_13.200,8.0
x6_13.300,8.0
x6_13.400,8.0
x6_13.500,8.0
x6_13.600,8.0
x6_13.700,8.0
x6_13.800,8.0
x6_13.900,8.0
x6_14.000,8.0
x6_14.100,8.0
x6_14.200,8.0
x6_14.300,8.0
x6_14.400,8.0
x6_14.500,8.0
x6_14.600,8.0
x6_14.700,8.0
x6_14.800,8.0
x6_14.900,8.0
x6_15.000,8.0
x6_15.100,8.0
x6_15.200,8.0
x6_15.300,8.0
x6_15.400,8.0
x6_15.500,8.0
x6_15.600,8.0
x6_15.700,8.0
x6_15.800,8.0
x6_15.900,8.0
x6_16.000,8.0
x6_16.100,8.0
x6_16.200,8.0
x6_16.300,8.0
x6_16.400,8.0
x6_16.500,8.0
x6_16.600,8.0
x6_16.700,8.0
x6_16.800,8.0
x6_16.900,8.0
x6_17.000,8.0
x6_17.100,8.0
x6_17.200,8.0
x6_17.300,8.0
x6_17.400,8.0
x6_17.500,8.0
x6_17.600,8.0
x6_17.700,8.0
x6_17.800,8.0
x6_17.900,8.0
x6_18.000,8.0
x6_18.100,8.0
x6_18.200,8.0
x6_18.300,8.0
x6_18.400,8.0
x6_18.500,8.0
x6_18.600,8.0
x6_18.700,8.0
x6_18.800,8.0
x6_18.900,8.0
x6_19.000,8.0
x6_19.100,8.0
x6_19.200,8.0
x6_19.300,8.0
x6_19.400,8.0
x6_19.500,8.0
x6_19.600,8.0
x6_19.700,8.0
x6_19.800,8.0
x6_19.900,8.0
x7_00.000,8.0
x7_00.100,8.0
x7_00.200,8.0
x7_00.300,8.0
x7_00.400,8.0
x7_00.500,8.0
x7_00.600,8.0
x7_00.700,8.0
x7_00.800,8.0
x7_00.900,8.0
x7_01.000,8.0
x7_01.100,8.0
x7_01.200,8.0
x7_01.300,8.0
x7_01.400,8.0
x7_01.500,8.0
x7_01.600,8.0
x7_01.700,8.0
x7_01.800,8.0
x7_01.900,8.0
x7_02.000,8.0
x7_02.100,8.0
x7_02.200,8.0
x7_02.300,8.0
x7_02.400,8.0
x7_02.500,8.0
x7_02.600,8.0
x7_02.700,8.0
x7_02.800,8.0
x7_02.900,8.0
x7_03.000,8.0
x7_03.100,8.0
x7_03.200,8.0
x7_03.300,8.0
x7_03.400,8.0
x7_03.500,8.0
x7_03.600,8.0
x7_03.700,8.0
x7_03.800,8.0
x7_03.900,8.0
x7_04.000,8.0
x7_04.100,8.0
x7_04.200,8.0
x7_04.300,8.0
x7_04.400,8.0
x7_04.500,8.0
x7_04.600,8.0
x7_04.700,8.0
x7_04.800,8.0
x7_04.900,8.0
x7_05.000,8.0
x7_05.100,8.0
x7_05.200,8.0
x7_05.300,8.0
x7_05.400,8.0
x7_05.500,8.0
x7_05.600,8.0
x7_05.700,8.0
x7_05.800,8.0
x7_05.900,8.0
x7_06.000,8.0
x7_06.100,8.0
x7_06.200,8.0
x7_06.300,8.0
x7_06.400,8.0
x7_06.500,8.0
x7_06.600,8.0
x7_06.700,8.0
x7_06.800,8.0
x7_06.900,8.0
x7_07.000,8.0
x7_07.100,8.0
x7_07.200,8.0
x7_07.300,8.0
x7_07.400,8.0
x7_07.500,8.0
x7_07.600,8.0
x7_07.700,8.0
x7_07.800,8.0
x7_07.900,8.0
x7_08.000,8.0
x7_08.100,8.0
x7_08.200,8.0
x7_08.300,8.0
x7_08.400,8.0
x7_08.500,8.0
x7_08.600,8.0
x7_08.700,8.0
x7_08.800,8.0
x7_08.900,8.0
x7_09.000,8.0
x7_09.100,8.0
x7_09.200,8.0
x7_09.300,8.0
x7_09.400,8.0
x7_09.500,8.0
x7_09.600,8.0
x7_09.700,8.0
x7_09.800,8.0
x7_09.900,8.0
x7_10.000,8.0
x7_10.100,8.0
x7_10.200,8.0
x7_10.300,8.0
x7_10.400,8.0
x7_10.500,8.0
x7_10.600,8.0
x7_10.700,8.0
x7_10.800,8.0
x7_10.900,8.0
x7_11.000,8.0
x7_11.100,8.0
x7_11.200,8.0
x7_11.300,8.0
x7_11.400,8.0
x7_11.500,8.0
x7_11.600,8.0
x7_11.700,8.0
x7_11.800,8.0
x7_11.900,8.0
x7_12.000,8.0
x7_12.100,8.0
x7_12.200,8.0
x7_12.300,8.0
x7_12.400,8.0
x7_12.500,8.0
x7_12.600,8.0
x7_12.700,8.0
x7_12.800,8.0
x7_12.900,8.0
x7_13.000,8.0
x7_13.100,8.0
x7_13.200,8.0
x7_13.300,8.0
x7_13.400,8.0
x7_13.500,8.0
x7_13.600,8.0
x7_13.700,8.0
x7_13.800,8.0
x7_13.900,8.0
x7_14.000,8.0
x7_14.100,8.0
x7_14.200,8.0
x7_14.300,8.0
x7_14.400,8.0
x7_14.500,8.0
x7_14.600,8.0
x7_14.700,8.0
x7_14.800,8.0
x7_14.900,8.0
x7_15.000,8.0
x7_15.100,8.0
x7_15.200,8.0
x7_15.300,8.0
x7_15.400,8.0
x7_15.500,8.0
x7_15.600,8.0
x7_15.700,8.0
x7_15.800,8.0
x7_15.900,8.0
x7_16.000,8.0
x7_16.100,8.0
x7_16.200,8.0
x7_16.300,8.0
x7_16.400,8.0
x7_16.500,8.0
x7_16.600,8.0
x7_16.700,8.0
x7_16.800,8.0
x7_16.900,8.0
x7_17.000,8.0
x7_17.100,8.0
x7_17.200,8.0
x7_17.300,8.0
x7_17.400,8.0
x7_17.500,8.0
x7_17.600,8.0
x7_17.700,8.0
x7_17.800,8.0
x7_17.900,8.0
x7_18.000,8.0
x7_18.100,8.0
x7_18.200,8.0
x7_18.300,8.0
x7_18.400,8.0
x7_18.500,8.0
x7_18.600,8.0
x7_18.700,8.0
x7_18.800,8.0
x7_18.900,8.0
x7_19.000,8.0
x7_19.100,8.0
x7_19.200,8.0
x7_19.300,8.0
x7_19.400,8.0
x7_19.500,8.0
x7_19.600,8.0
x7_19.700,8.0
x7_19.800,8.0
x7_19.900,8.0
x8_00.000,8.0
x8_00.100,8.0
x8_00.200,8.0
x8_00.300,8.0
x8_00.400,8.0
x8_00.500,8.0
x8_00.600,8.0
x8_00.700,8.0
x8_00.800,8.0
x8_00.900,8.0
x8_01.000,8.0
x8_01.100,8.0
x8_01.200,8.0
x8_01.300,8.0
x8_01.400,8.0
x8_01.500,8.0
x8_01.600,8.0
x8_01.700,8.0
x8_01.800,8.0
x8_01.900,8.0
x8_02.000,8.0
x8_02.100,8.0
x8_02.200,8.0
x8_02.300,8.0
x8_02.400,8.0
x8_02.500,8.0
x8_02.600,8.0
x8_02.700,8.0
x8_02.800,8.0
x8_02.900,8.0
x8_03.000,8.0
x8_03.100,8.0
x8_03.200,8.0
x8_03.300,8.0
x8_03.400,8.0
x8_03.500,8.0
x8_03.600,8.0
x8_03.700,8.0
x8_03.800,8.0
x8_03.900,8.0
x8_04.000,8.0
x8_04.100,8.0
x8_04.200,8.0
x8_04.300,8.0
x8_04.400,8.0
x8_04.500,8.0
x8_04.600,8.0
x8_04.700,8.0
x8_04.800,8.0
x8_04.900,8.0
x8_05.000,8.0
x8_05.100,8.0
x8_05.200,8.0
x8_05.300,8.0
x8_05.400,8.0
x8_05.500,8.0
x8_05.600,8.0
x8_05.700,8.0
x8_05.800,8.0
x8_05.900,8.0
x8_06.000,8.0
x8_06.100,8.0
x8_06.200,8.0
x8_06.300,8.0
x8_06.400,8.0
x8_06.500,8.0
x8_06.600,8.0
x8_06.700,8.0
x8_06.800,8.0
x8_06.900,8.0
x8_07.000,8.0
x8_07.100,8.0
x8_07.200,8.0
x8_07.300,8.0
x8_07.400,8.0
x8_07.500,8.0
x8_07.600,8.0
x8_07.700,8.0
x8_07.800,8.0
x8_07.900,8.0
x8_08.000,8.0
x8_08.100,8.0
x8_08.200,8.0
x8_08.300,8.0
x8_08.400,8.0
x8_08.500,8.0
x8_08.600,8.0
x8_08.700,8.0
x8_08.800,8.0
x8_08.900,8.0
x8_09.000,8.0
x8_09.100,8.0
x8_09.200,8.0
x8_09.300,8.0
x8_09.400,8.0
x8_09.500,8.0
x8_09.600,8.0
x8_09.700,8.0
x8_09.800,8.0
x8_09.900,8.0
x8_10.000,8.0
x8_10.100,8.0
x8_10.200,8.0
x8_10.300,8.0
x8_10.400,8.0
x8_10.500,8.0
x8_10.600,8.0
x8_10.700,8.0
x8_10.800,8.0
x8_10.900,8.0
x8_11.000,8.0
x8_11.100,8.0
x8_11.200,8.0
x8_11.300,8.0
x8_11.400,8.0
x8_11.500,8.0
x8_11.600,8.0
x8_11.700,8.0
x8_11.800,8.0
x8_11.900,8.0
x8_12.000,8.0
x8_12.100,8.0
x8_12.200,8.0
x8_12.300,8.0
x8_12.400,8.0
x8_12.500,8.0
x8_12.600,8.0
x8_12.700,8.0
x8_12.800,8.0
x8_12.900,8.0
x8_13.000,8.0
x8_13.100,8.0
x8_13.200,8.0
x8_13.300,8.0
x8_13.400,8.0
x8_13.500,8.0
x8_13.600,8.0
x8_13.700,8.0
x8_13.800,8.0
x8_13.900,8.0
x8_14.000,8.0
x8_14.100,8.0
x8_14.200,8.0
x8_14.300,8.0
x8_14.400,8.0
x8_14.500,8.0
x8_14.600,8.0
x8_14.700,8.0
x8_14.800,8.0
x8_14.900,8.0
x8_15.000,8.0
x8_15.100,8.0
x8_15.200,8.0
x8_15.300,8.0
x8_15.400,8.0
x8_15.500,8.0
x8_15.600,8.0
x8_15.700,8.0
x8_15.800,8.0
x8_15.900,8.0
x8_16.000,8.0
x8_16.100,8.0
x8_16.200,8.0
x8_16.300,8.0
x8_16.400,8.0
x8_16.500,8.0
x8_16.600,8.0
x8_16.700,8.0
x8_16.800,8.0
x8_16.900,8.0
x8_17.000,8.0
x8_17.100,8.0
x8_17.200,8.0
x8_17.300,8.0
x8_17.400,8.0
x8_17.500,8.0
x8_17.600,8.0
x8_17.700,8.0
x8_17.800,8.0
x8_17.900,8.0
x8_18.000,8.0
x8_18.100,8.0
x8_18.200,8.0
x8_18.300,8.0
x8_18.400,8.0
x8_18.500,8.0
x8_18.600,8.0
x8_18.700,8.0
x8_18.800,8.0
x8_18.900,8.0
x8_19.000,8.0
x8_19.100,8.0
x8_19.200,8.0
x8_19.300,8.0
x8_19.400,8.0
x8_19.500,8.0
x8_19.600,8.0
x8_19.700,8.0
x8_19.800,8.0
x8_19.900,8.0
x9_00.000,8.0
x9_00.100,8.0
x9_00.200,8.0
x9_00.300,8.0
x9_00.400,8.0
x9_00.500,8.0
x9_00.600,8.0
x9_00.700,8.0
x9_00.800,8.0
x9_00.900,8.0
x9_01.000,8.0
x9_01.100,8.0
x9_01.200,8.0
x9_01.300,8.0
x9_01.400,8.0
x9_01.500,8.0
x9_01.600,8.0
x9_01.700,8.0
x9_01.800,8.0
x9_01.900,8.0
x9_02.000,8.0
x9_02.100,8.0
x9_02.200,8.0
x9_02.300,8.0
x9_02.400,8.0
x9_02.500,8.0
x9_02.600,8.0
x9_02.700,8.0
x9_02.800,8.0
x9_02.900,8.0
x9_03.000,8.0
x9_03.100,8.0
x9_03.200,8.0
x9_03.300,8.0
x9_03.400,8.0
x9_03.500,8.0
x9_03.600,8.0
x9_03.700,8.0
x9_03.800,8.0
x9_03.900,8.0
x9_04.000,8.0
x9_04.100,8.0
x9_04.200,8.0
x9_04.300,8.0
x9_04.400,8.0
x9_04.500,8.0
x9_04.600,8.0
x9_04.700,8.0
x9_04.800,8.0
x9_04.900,8.0
x9_05.000,8.0
x9_05.100,8.0
x9_05.200,8.0
x9_05.300,8.0
x9_05.400,8.0
x9_05.500,8.0
x9_05.600,8.0
x9_05.700,8.0
x9_05.800,8.0
x9_05.900,8.0
x9_06.000,8.0
x9_06.100,8.0
x9_06.200,8.0
x9_06.300,8.0
x9_06.400,8.0
x9_06.500,8.0
x9_06.600,8.0
x9_06.700,8.0
x9_06.800,8.0
x9_06.900,8.0
x9_07.000,8.0
x9_07.100,8.0
x9_07.200,8.0
x9_07.300,8.0
x9_07.400,8.0
x9_07.500,8.0
x9_07.600,8.0
x9_07.700,8.0
x9_07.800,8.0
x9_07.900,8.0
x9_08.000,8.0
x9_08.100,8.0
x9_08.200,8.0
x9_08.300,8.0
x9_08.400,8.0
x9_08.500,8.0
x9_08.600,8.0
x9_08.700,8.0
x9_08.800,8.0
x9_08.900,8.0
x9_09.000,8.0
x9_09.100,8.0
x9_09.200,8.0
x9_09.300,8.0
x9_09.400,8.0
x9_09.500,8.0
x9_09.600,8.0
x9_09.700,8.0
x9_09.800,8.0
x9_09.900,8.0
x9_10.000,8.0
x9_10.100,8.0
x9_10.200,8.0
x9_10.300,8.0
x9_10.400,8.0
x9_10.500,8.0
x9_10.600,8.0
x9_10.700,8.0
x9_10.800,8.0
x9_10.900,8.0
x9_11.000,8.0
x9_11.100,8.0
x9_11.200,8.0
x9_11.300,8.0
x9_11.400,8.0
x9_11.500,8.0
x9_11.600,8.0
x9_11.700,8.0
x9_11.800,8.0
x9_11.900,8.0
x9_12.000,8.0
x9_12.100,8.0
x9_12.200,8.0
x9_12.300,8.0
x9_12.400,8.0
x9_12.500,8.0
x9_12.600,8.0
x9_12.700,8.0
x9_12.800,8.0
x9_12.900,8.0
x9_13.000,8.0
x9_13.100,8.0
x9_13.200,8.0
x9_13.300,8.0
x9_13.400,8.0
x9_13.500,8.0
x9_13.600,8.0
x9_13.700,8.0
x9_13.800,8.0
x9_13.900,8.0
x9_14.000,8.0
x9_14.100,8.0
x9_14.200,8.0
x9_14.300,8.0
x9_14.400,8.0
x9_14.500,8.0
x9_14.600,8.0
x9_14.700,8.0
x9_14.800,8.0
x9_14.900,8.0
x9_15.000,8.0
x9_15.100,8.0
x9_15.200,8.0
x9_15.300,8.0
x9_15.400,8.0
x9_15.500,8.0
x9_15.600,8.0
x9_15.700,8.0
x9_15.800,8.0
x9_15.900,8.0
x9_16.000,8.0
x9_16.100,8.0
x9_16.200,8.0
x9_16.300,8.0
x9_16.400,8.0
x9_16.500,8.0
x9_16.600,8.0
x9_16.700,8.0
x9_16.800,8.0
x9_16.900,8.0
x9_17.000,8.0
x9_17.100,8.0
x9_17.200,8.0
x9_17.300,8.0
x9_17.400,8.0
x9_17.500,8.0
x9_17.600,8.0
x9_17.700,8.0
x9_17.800,8.0
x9_17.900,8.0
x9_18.000,8.0
x9_18.100,8.0
x9_18.200,8.0
x9_18.300,8.0
x9_18.400,8.0
x9_18.500,8.0
x9_18.600,8.0
x9_18.700,8.0
x9_18.800,8.0
x9_18.900,8.0
x9_19.000,8.0
x9_19.100,8.0
x9_19.200,8.0
x9_19.300,8.0
x9_19.400,8.0
x9_19.500,8.0
x9_19.600,8.0
x9_19.700,8.0
x9_19.800,8.0
x9_19.900,8.0
x10_00.000,8.0
x10_00.100,8.0
x10_00.200,8.0
x10_00.300,8.0
x10_00.400,8.0
x10_00.500,8.0
x10_00.600,8.0
x10_00.700,8.0
x10_00.800,8.0
x10_00.900,8.0
x10_01.000,8.0
x10_01.100,8.0
x10_01.200,8.0
x10_01.300,8.0
x10_01.400,8.0
x10_01.500,8.0
x10_01.600,8.0
x10_01.700,8.0
x10_01.800,8.0
x10_01.900,8.0
x10_02.000,8.0
x10_02.100,8.0
x10_02.200,8.0
x10_02.300,8.0
x10_02.400,8.0
x10_02.500,8.0
x10_02.600,8.0
x10_02.700,8.0
x10_02.800,8.0
x10_02.900,8.0
x10_03.000,8.0
x10_03.100,8.0
x10_03.200,8.0
x10_03.300,8.0
x10_03.400,8.0
x10_03.500,8.0
x10_03.600,8.0
x10_03.700,8.0
x10_03.800,8.0
x10_03.900,8.0
x10_04.000,8.0
x10_04.100,8.0
x10_04.200,8.0
x10_04.300,8.0
x10_04.400,8.0
x10_04.500,8.0
x10_04.600,8.0
x10_04.700,8.0
x10_04.800,8.0
x10_04.900,8.0
x10_05.000,8.0
x10_05.100,8.0
x10_05.200,8.0
x10_05.300,8.0
x10_05.400,8.0
x10_05.500,8.0
x10_05.600,8.0
x10_05.700,8.0
x10_05.800,8.0
x10_05.900,8.0
x10_06.000,8.0
x10_06.100,8.0
x10_06.200,8.0
x10_06.300,8.0
x10_06.400,8.0
x10_06.500,8.0
x10_06.600,8.0
x10_06.700,8.0
x10_06.800,8.0
x10_06.900,8.0
x10_07.000,8.0
x10_07.100,8.0
x10_07.200,8.0
x10_07.300,8.0
x10_07.400,8.0
x10_07.500,8.0
x10_07.600,8.0
x10_07.700,8.0
x10_07.800,8.0
x10_07.900,8.0
x10_08.000,8.0
x10_08.100,8.0
x10_08.200,8.0
x10_08.300,8.0
x10_08.400,8.0
x10_08.500,8.0
x10_08.600,8.0
x10_08.700,8.0
x10_08.800,8.0
x10_08.900,8.0
x10_09.000,8.0
x10_09.100,8.0
x10_09.200,8.0
x10_09.300,8.0
x10_09.400,8.0
x10_09.500,8.0
x10_09.600,8.0
x10_09.700,8.0
x10_09.800,8.0
x10_09.900,8.0
x10_10.000,8.0
x10_10.100,8.0
x10_10.200,8.0
x10_10.300,8.0
x10_10.400,8.0
x10_10.500,8.0
x10_10.600,8.0
x10_10.700,8.0
x10_10.800,8.0
x10_10.900,8.0
x10_11.000,8.0
x10_11.100,8.0
x10_11.200,8.0
x10_11.300,8.0
x10_11.400,8.0
x10_11.500,8.0
x10_11.600,8.0
x10_11.700,8.0
x10_11.800,8.0
x10_11.900,8.0
x10_12.000,8.0
x10_12.100,8.0
x10_12.200,8.0
x10_12.300,8.0
x10_12.400,8.0
x10_12.500,8.0
x10_12.600,8.0
x10_12.700,8.0
x10_12.800,8.0
x10_12.900,8.0
x10_13.000,8.0
x10_13.100,8.0
x10_13.200,8.0
x10_13.300,8.0
x10_13.400,8.0
x10_13.500,8.0
x10_13.600,8.0
x10_13.700,8.0
x10_13.800,8.0
x10_13.900,8.0
x10_14.000,8.0
x10_14.100,8.0
x10_14.200,8.0
x10_14.300,8.0
x10_14.400,8.0
x10_14.500,8.0
x10_14.600,8.0
x10_14.700,8.0
x10_14.800,8.0
x10_14.900,8.0
x10_15.000,8.0
x10_15.100,8.0
x10_15.200,8.0
x10_15.300,8.0
x10_15.400,8.0
x10_15.500,8.0
x10_15.600,8.0
x10_15.700,8.0
x10_15.800,8.0
x10_15.900,8.0
x10_16.000,8.0
x10_16.100,8.0
x10_16.200,8.0
x10_16.300,8.0
x10_16.400,8.0
x10_16.500,8.0
x10_16.600,8.0
x10_16.700,8.0
x10_16.800,8.0
x10_16.900,8.0
x10_17.000,8.0
x10_17.100,8.0
x10_17.200,8.0
x10_17.300,8.0
x10_17.400,8.0
x10_17.500,8.0
x10_17.600,8.0
x10_17.700,8.0
x10_17.800,8.0
x10_17.900,8.0
x10_18.000,8.0
x10_18.100,8.0
x10_18.200,8.0
x10_18.300,8.0
x10_18.400,8.0
x10_18.500,8.0
x10_18.600,8.0
x10_18.700,8.0
x10_18.800,8.0
x10_18.900,8.0
x10_19.000,8.0
x10_19.100,8.0
x10_19.200,8.0
x10_19.300,8.0
x10_19.400,8.0
x10_19.500,8.0
x10_19.600,8.0
x10_19.700,8.0
x10_19.800,8.0
x10_19.900,8.0
x11_00.000,8.0
x11_00.100,8.0
x11_00.200,8.0
x11_00.300,8.0
x11_00.400,8.0
x11_00.500,8.0
x11_00.600,8.0
x11_00.700,8.0
x11_00.800,8.0
x11_00.900,8.0
x11_01.000,8.0
x11_01.100,8.0
x11_01.200,8.0
x11_01.300,8.0
x11_01.400,8.0
x11_01.500,8.0
x11_01.600,8.0
x11_01.700,8.0
x11_01.800,8.0
x11_01.900,8.0
x11_02.000,8.0
x11_02.100,8.0
x11_02.200,8.0
x11_02.300,8.0
x11_02.400,8.0
x11_02.500,8.0
x11_02.600,8.0
x11_02.700,8.0
x11_02.800,8.0
x11_02.900,8.0
x11_03.000,8.0
x11_03.100,8.0
x11_03.200,8.0
x11_03.300,8.0
x11_03.400,8.0
x11_03.500,8.0
x11_03.600,8.0
x11_03.700,8.0
x11_03.800,8.0
x11_03.900,8.0
x11_04.000,8.0
x11_04.100,8.0
x11_04.200,8.0
x11_04.300,8.0
x11_04.400,8.0
x11_04.500,8.0
x11_04.600,8.0
x11_04.700,8.0
x11_04.800,8.0
x11_04.900,8.0
x11_05.000,8.0
x11_05.100,8.0
x11_05.200,8.0
x11_05.300,8.0
x11_05.400,8.0
x11_05.500,8.0
x11_05.600,8.0
x11_05.700,8.0
x11_05.800,8.0
x11_05.900,8.0
x11_06.000,8.0
x11_06.100,8.0
x11_06.200,8.0
x11_06.300,8.0
x11_06.400,8.0
x11_06.500,8.0
x11_06.600,8.0
x11_06.700,8.0
x11_06.800,8.0
x11_06.900,8.0
x11_07.000,8.0
x11_07.100,8.0
x11_07.200,8.0
x11_07.300,8.0
x11_07.400,8.0
x11_07.500,8.0
x11_07.600,8.0
x11_07.700,8.0
x11_07.800,8.0
x11_07.900,8.0
x11_08.000,8.0
x11_08.100,8.0
x11_08.200,8.0
x11_08.300,8.0
x11_08.400,8.0
x11_08.500,8.0
x11_08.600,8.0
x11_08.700,8.0
x11_08.800,8.0
x11_08.900,8.0
x11_09.000,8.0
x11_09.100,8.0
x11_09.200,8.0
x11_09.300,8.0
x11_09.400,8.0
x11_09.500,8.0
x11_09.600,8.0
x11_09.700,8.0
x11_09.800,8.0
x11_09.900,8.0
x11_10.000,8.0
x11_10.100,8.0
x11_10.200,8.0
x11_10.300,8.0
x11_10.400,8.0
x11_10.500,8.0
x11_10.600,8.0
x11_10.700,8.0
x11_10.800,8.0
x11_10.900,8.0
x11_11.000,8.0
x11_11.100,8.0
x11_11.200,8.0
x11_11.300,8.0
x11_11.400,8.0
x11_11.500,8.0
x11_11.600,8.0
x11_11.700,8.0
x11_11.800,8.0
x11_11.900,8.0
x11_12.000,8.0
x11_12.100,8.0
x11_12.200,8.0
x11_12.300,8.0
x11_12.400,8.0
x11_12.500,8.0
x11_12.600,8.0
x11_12.700,8.0
x11_12.800,8.0
x11_12.900,8.0
x11_13.000,8.0
x11_13.100,8.0
x11_13.200,8.0
x11_13.300,8.0
x11_13.400,8.0
x11_13.500,8.0
x11_13.600,8.0
x11_13.700,8.0
x11_13.800,8.0
x11_13.900,8.0
x11_14.000,8.0
x11_14.100,8.0
x11_14.200,8.0
x11_14.300,8.0
x11_14.400,8.0
x11_14.500,8.0
x11_14.600,8.0
x11_14.700,8.0
x11_14.800,8.0
x11_14.900,8.0
x11_15.000,8.0
x11_15.100,8.0
x11_15.200,8.0
x11_15.300,8.0
x11_15.400,8.0
x11_15.500,8.0
x11_15.600,8.0
x11_15.700,8.0
x11_15.800,8.0
x11_15.900,8.0
x11_16.000,8.0
x11_16.100,8.0
x11_16.200,8.0
x11_16.300,8.0
x11_16.400,8.0
x11_16.500,8.0
x11_16.600,8.0
x11_16.700,8.0
x11_16.800,8.0
x11_16.900,8.0
x11_17.000,8.0
x11_17.100,8.0
x11_17.200,8.0
x11_17.300,8.0
x11_17.400,8.0
x11_17.500,8.0
x11_17.600,8.0
x11_17.700,8.0
x11_17.800,8.0
x11_17.900,8.0
x11_18.000,8.0
x11_18.100,8.0
x11_18.200,8.0
x11_18.300,8.0
x11_18.400,8.0
x11_18.500,8.0
x11_18.600,8.0
x11_18.700,8.0
x11_18.800,8.0
x11_18.900,8.0
x11_19.000,8.0
x11_19.100,8.0
x11_19.200,8.0
x11_19.300,8.0
x11_19.400,8.0
x11_19.500,8.0
x11_19.600,8.0
x11_19.700,8.0
x11_19.800,8.0
x11_19.900,8.0
x12_00.000,8.0
x12_00.100,8.0
x12_00.200,8.0
x12_00.300,8.0
x12_00.400,8.0
x12_00.500,8.0
x12_00.600,8.0
x12_00.700,8.0
x12_00.800,8.0
x12_00.900,8.0
x12_01.000,8.0
x12_01.100,8.0
x12_01.200,8.0
x12_01.300,8.0
x12_01.400,8.0
x12_01.500,8.0
x12_01.600,8.0
x12_01.700,8.0
x12_01.800,8.0
x12_01.900,8.0
x12_02.000,8.0
x12_02.100,8.0
x12_02.200,8.0
x12_02.300,8.0
x12_02.400,8.0
x12_02.500,8.0
x12_02.600,8.0
x12_02.700,8.0
x12_02.800,8.0
x12_02.900,8.0
x12_03.000,8.0
x12_03.100,8.0
x12_03.200,8.0
x12_03.300,8.0
x12_03.400,8.0
x12_03.500,8.0
x12_03.600,8.0
x12_03.700,8.0
x12_03.800,8.0
x12_03.900,8.0
x12_04.000,8.0
x12_04.100,8.0
x12_04.200,8.0
x12_04.300,8.0
x12_04.400,8.0
x12_04.500,8.0
x12_04.600,8.0
x12_04.700,8.0
x12_04.800,8.0
x12_04.900,8.0
x12_05.000,8.0
x12_05.100,8.0
x12_05.200,8.0
x12_05.300,8.0
x12_05.400,8.0
x12_05.500,8.0
x12_05.600,8.0
x12_05.700,8.0
x12_05.800,8.0
x12_05.900,8.0
x12_06.000,8.0
x12_06.100,8.0
x12_06.200,8.0
x12_06.300,8.0
x12_06.400,8.0
x12_06.500,8.0
x12_06.600,8.0
x12_06.700,8.0
x12_06.800,8.0
x12_06.900,8.0
x12_07.000,8.0
x12_07.100,8.0
x12_07.200,8.0
x12_07.300,8.0
x12_07.400,8.0
x12_07.500,8.0
x12_07.600,8.0
x12_07.700,8.0
x12_07.800,8.0
x12_07.900,8.0
x12_08.000,8.0
x12_08.100,8.0
x12_08.200,8.0
x12_08.300,8.0
x12_08.400,8.0
x12_08.500,8.0
x12_08.600,8.0
x12_08.700,8.0
x12_08.800,8.0
x12_08.900,8.0
x12_09.000,8.0
x12_09.100,8.0
x12_09.200,8.0
x12_09.300,8.0
x12_09.400,8.0
x12_09.500,8.0
x12_09.600,8.0
x12_09.700,8.0
x12_09.800,8.0
x12_09.900,8.0
x12_10.000,8.0
x12_10.100,8.0
x12_10.200,8.0
x12_10.300,8.0
x12_10.400,8.0
x12_10.500,8.0
x12_10.600,8.0
x12_10.700,8.0
x12_10.800,8.0
x12_10.900,8.0
x12_11.000,8.0
x12_11.100,8.0
x12_11.200,8.0
x12_11.300,8.0
x12_11.400,8.0
x12_11.500,8.0
x12_11.600,8.0
x12_11.700,8.0
x12_11.800,8.0
x12_11.900,8.0
x12_12.000,8.0
x12_12.100,8.0
x12_12.200,8.0
x12_12.300,8.0
x12_12.400,8.0
x12_12.500,8.0
x12_12.600,8.0
x12_12.700,8.0
x12_12.800,8.0
x12_12.900,8.0
x12_13.000,8.0
x12_13.100,8.0
x12_13.200,8.0
x12_13.300,8.0
x12_13.400,8.0
x12_13.500,8.0
x12_13.600,8.0
x12_13.700,8.0
x12_13.800,8.0
x12_13.900,8.0
x12_14.000,8.0
x12_14.100,8.0
x12_14.200,8.0
x12_14.300,8.0
x12_14.400,8.0
x12_14.500,8.0
x12_14.600,8.0
x12_14.700,8.0
x12_14.800,8.0
x12_14.900,8.0
x12_15.000,8.0
x12_15.100,8.0
x12_15.200,8.0
x12_15.300,8.0
x12_15.400,8.0
x12_15.500,8.0
x12_15.600,8.0
x12_15.700,8.0
x12_15.800,8.0
x12_15.900,8.0
x12_16.000,8.0
x12_16.100,8.0
x12_16.200,8.0
x12_16.300,8.0
x12_16.400,8.0
x12_16.500,8.0
x12_16.600,8.0
x12_16.700,8.0
x12_16.800,8.0
x12_16.900,8.0
x12_17.000,8.0
x12_17.100,8.0
x12_17.200,8.0
x12_17.300,8.0
x12_17.400,8.0
x12_17.500,8.0
x12_17.600,8.0
x12_17.700,8.0
x12_17.800,8.0
x12_17.900,8.0
x12_18.000,8.0
x12_18.100,8.0
x12_18.200,8.0
x12_18.300,8.0
x12_18.400,8.0
x12_18.500,8.0
x12_18.600,8.0
x12_18.700,8.0
x12_18.800,8.0
x12_18.900,8.0
x12_19.000,8.0
x12_19.100,8.0
x12_19.200,8.0
x12_19.300,8.0
x12_19.400,8.0
x12_19.500,8.0
x12_19.600,8.0
x12_19.700,8.0
x12_19.800,8.0
x12_19.900,8.0
x13_00.000,8.0
x13_00.100,8.0
x13_00.200,8.0
x13_00.300,8.0
x13_00.400,8.0
x13_00.500,8.0
x13_00.600,8.0
x13_00.700,8.0
x13_00.800,8.0
x13_00.900,8.0
x13_01.000,8.0
x13_01.100,8.0
x13_01.200,8.0
x13_01.300,8.0
x13_01.400,8.0
x13_01.500,8.0
x13_01.600,8.0
x13_01.700,8.0
x13_01.800,8.0
x13_01.900,8.0
x13_02.000,8.0
x13_02.100,8.0
x13_02.200,8.0
x13_02.300,8.0
x13_02.400,8.0
x13_02.500,8.0
x13_02.600,8.0
x13_02.700,8.0
x13_02.800,8.0
x13_02.900,8.0
x13_03.000,8.0
x13_03.100,8.0
x13_03.200,8.0
x13_03.300,8.0
x13_03.400,8.0
x13_03.500,8.0
x13_03.600,8.0
x13_03.700,8.0
x13_03.800,8.0
x13_03.900,8.0
x13_04.000,8.0
x13_04.100,8.0
x13_04.200,8.0
x13_04.300,8.0
x13_04.400,8.0
x13_04.500,8.0
x13_04.600,8.0
x13_04.700,8.0
x13_04.800,8.0
x13_04.900,8.0
x13_05.000,8.0
x13_05.100,8.0
x13_05.200,8.0
x13_05.300,8.0
x13_05.400,8.0
x13_05.500,8.0
x13_05.600,8.0
x13_05.700,8.0
x13_05.800,8.0
x13_05.900,8.0
x13_06.000,8.0
x13_06.100,8.0
x13_06.200,8.0
x13_06.300,8.0
x13_06.400,8.0
x13_06.500,8.0
x13_06.600,8.0
x13_06.700,8.0
x13_06.800,8.0
x13_06.900,8.0
x13_07.000,8.0
x13_07.100,8.0
x13_07.200,8.0
x13_07.300,8.0
x13_07.400,8.0
x13_07.500,8.0
x13_07.600,8.0
x13_07.700,8.0
x13_07.800,8.0
x13_07.900,8.0
x13_08.000,8.0
x13_08.100,8.0
x13_08.200,8.0
x13_08.300,8.0
x13_08.400,8.0
x13_08.500,8.0
x13_08.600,8.0
x13_08.700,8.0
x13_08.800,8.0
x13_08.900,8.0
x13_09.000,8.0
x13_09.100,8.0
x13_09.200,8.0
x13_09.300,8.0
x13_09.400,8.0
x13_09.500,8.0
x13_09.600,8.0
x13_09.700,8.0
x13_09.800,8.0
x13_09.900,8.0
x13_10.000,8.0
x13_10.100,8.0
x13_10.200,8.0
x13_10.300,8.0
x13_10.400,8.0
x13_10.500,8.0
x13_10.600,8.0
x13_10.700,8.0
x13_10.800,8.0
x13_10.900,8.0
x13_11.000,8.0
x13_11.100,8.0
x13_11.200,8.0
x13_11.300,8.0
x13_11.400,8.0
x13_11.500,8.0
x13_11.600,8.0
x13_11.700,8.0
x13_11.800,8.0
x13_11.900,8.0
x13_12.000,8.0
x13_12.100,8.0
x13_12.200,8.0
x13_12.300,8.0
x13_12.400,8.0
x13_12.500,8.0
x13_12.600,8.0
x13_12.700,8.0
x13_12.800,8.0
x13_12.900,8.0
x13_13.000,8.0
x13_13.100,8.0
x13_13.200,8.0
x13_13.300,8.0
x13_13.400,8.0
x13_13.500,8.0
x13_13.600,8.0
x13_13.700,8.0
x13_13.800,8.0
x13_13.900,8.0
x13_14.000,8.0
x13_14.100,8.0
x13_14.200,8.0
x13_14.300,8.0
x13_14.400,8.0
x13_14.500,8.0
x13_14.600,8.0
x13_14.700,8.0
x13_14.800,8.0
x13_14.900,8.0
x13_15.000,8.0
x13_15.100,8.0
x13_15.200,8.0
x13_15.300,8.0
x13_15.400,8.0
x13_15.500,8.0
x13_15.600,8.0
x13_15.700,8.0
x13_15.800,8.0
x13_15.900,8.0
x13_16.000,8.0
x13_16.100,8.0
x13_16.200,8.0
x13_16.300,8.0
x13_16.400,8.0
x13_16.500,8.0
x13_16.600,8.0
x13_16.700,8.0
x13_16.800,8.0
x13_16.900,8.0
x13_17.000,8.0
x13_17.100,8.0
x13_17.200,8.0
x13_17.300,8.0
x13_17.400,8.0
x13_17.500,8.0
x13_17.600,8.0
x13_17.700,8.0
x13_17.800,8.0
x13_17.900,8.0
x13_18.000,8.0
x13_18.100,8.0
x13_18.200,8.0
x13_18.300,8.0
x13_18.400,8.0
x13_18.500,8.0
x13_18.600,8.0
x13_18.700,8.0
x13_18.800,8.0
x13_18.900,8.0
x13_19.000,8.0
x13_19.100,8.0
x13_19.200,8.0
x13_19.300,8.0
x13_19.400,8.0
x13_19.500,8.0
x13_19.600,8.0
x13_19.700,8.0
x13_19.800,8.0
x13_19.900,8.0
x14_00.000,8.0
x14_00.100,8.0
x14_00.200,8.0
x14_00.300,8.0
x14_00.400,8.0
x14_00.500,8.0
x14_00.600,8.0
x14_00.700,8.0
x14_00.800,8.0
x14_00.900,8.0
x14_01.000,8.0
x14_01.100,8.0
x14_01.200,8.0
x14_01.300,8.0
x14_01.400,8.0
x14_01.500,8.0
x14_01.600,8.0
x14_01.700,8.0
x14_01.800,8.0
x14_01.900,8.0
x14_02.000,8.0
x14_02.100,8.0
x14_02.200,8.0
x14_02.300,8.0
x14_02.400,8.0
x14_02.500,8.0
x14_02.600,8.0
x14_02.700,8.0
x14_02.800,8.0
x14_02.900,8.0
x14_03.000,8.0
x14_03.100,8.0
x14_03.200,8.0
x14_03.300,8.0
x14_03.400,8.0
x14_03.500,8.0
x14_03.600,8.0
x14_03.700,8.0
x14_03.800,8.0
x14_03.900,8.0
x14_04.000,8.0
x14_04.100,8.0
x14_04.200,8.0
x14_04.300,8.0
x14_04.400,8.0
x14_04.500,8.0
x14_04.600,8.0
x14_04.700,8.0
x14_04.800,8.0
x14_04.900,8.0
x14_05.000,8.0
x14_05.100,8.0
x14_05.200,8.0
x14_05.300,8.0
x14_05.400,8.0
x14_05.500,8.0
x14_05.600,8.0
x14_05.700,8.0
x14_05.800,8.0
x14_05.900,8.0
x14_06.000,8.0
x14_06.100,8.0
x14_06.200,8.0
x14_06.300,8.0
x14_06.400,8.0
x14_06.500,8.0
x14_06.600,8.0
x14_06.700,8.0
x14_06.800,8.0
x14_06.900,8.0
x14_07.000,8.0
x14_07.100,8.0
x14_07.200,8.0
x14_07.300,8.0
x14_07.400,8.0
x14_07.500,8.0
x14_07.600,8.0
x14_07.700,8.0
x14_07.800,8.0
x14_07.900,8.0
x14_08.000,8.0
x14_08.100,8.0
x14_08.200,8.0
x14_08.300,8.0
x14_08.400,8.0
x14_08.500,8.0
x14_08.600,8.0
x14_08.700,8.0
x14_08.800,8.0
x14_08.900,8.0
x14_09.000,8.0
x14_09.100,8.0
x14_09.200,8.0
x14_09.300,8.0
x14_09.400,8.0
x14_09.500,8.0
x14_09.600,8.0
x14_09.700,8.0
x14_09.800,8.0
x14_09.900,8.0
x14_10.000,8.0
x14_10.100,8.0
x14_10.200,8.0
x14_10.300,8.0
x14_10.400,8.0
x14_10.500,8.0
x14_10.600,8.0
x14_10.700,8.0
x14_10.800,8.0
x14_10.900,8.0
x14_11.000,8.0
x14_11.100,8.0
x14_11.200,8.0
x14_11.300,8.0
x14_11.400,8.0
x14_11.500,8.0
x14_11.600,8.0
x14_11.700,8.0
x14_11.800,8.0
x14_11.900,8.0
x14_12.000,8.0
x14_12.100,8.0
x14_12.200,8.0
x14_12.300,8.0
x14_12.400,8.0
x14_12.500,8.0
x14_12.600,8.0
x14_12.700,8.0
x14_12.800,8.0
x14_12.900,8.0
x14_13.000,8.0
x14_13.100,8.0
x14_13.200,8.0
x14_13.300,8.0
x14_13.400,8.0
x14_13.500,8.0
x14_13.600,8.0
x14_13.700,8.0
x14_13.800,8.0
x14_13.900,8.0
x14_14.000,8.0
x14_14.100,8.0
x14_14.200,8.0
x14_14.300,8.0
x14_14.400,8.0
x14_14.500,8.0
x14_14.600,8.0
x14_14.700,8.0
x14_14.800,8.0
x14_14.900,8.0
x14_15.000,8.0
x14_15.100,8.0
x14_15.200,8.0
x14_15.300,8.0
x14_15.400,8.0
x14_15.500,8.0
x14_15.600,8.0
x14_15.700,8.0
x14_15.800,8.0
x14_15.900,8.0
x14_16.000,8.0
x14_16.100,8.0
x14_16.200,8.0
x14_16.300,8.0
x14_16.400,8.0
x14_16.500,8.0
x14_16.600,8.0
x14_16.700,8.0
x14_16.800,8.0
x14_16.900,8.0
x14_17.000,8.0
x14_17.100,8.0
x14_17.200,8.0
x14_17.300,8.0
x14_17.400,8.0
x14_17.500,8.0
x14_17.600,8.0
x14_17.700,8.0
x14_17.800,8.0
x14_17.900,8.0
x14_18.000,8.0
x14_18.100,8.0
x14_18.200,8.0
x14_18.300,8.0
x14_18.400,8.0
x14_18.500,8.0
x14_18.600,8.0
x14_18.700,8.0
x14_18.800,8.0
x14_18.900,8.0
x14_19.000,8.0
x14_19.100,8.0
x14_19.200,8.0
x14_19.300,8.0
x14_19.400,8.0
x14_19.500,8.0
x14_19.600,8.0
x14_19.700,8.0
x14_19.800,8.0
x14_19.900,8.0
x15_00.000,8.0
x15_00.100,8.0
x15_00.200,8.0
x15_00.300,8.0
x15_00.400,8.0
x15_00.500,8.0
x15_00.600,8.0
x15_00.700,8.0
x15_00.800,8.0
x15_00.900,8.0
x15_01.000,8.0
x15_01.100,8.0
x15_01.200,8.0
x15_01.300,8.0
x15_01.400,8.0
x15_01.500,8.0
x15_01.600,8.0
x15_01.700,8.0
x15_01.800,8.0
x15_01.900,8.0
x15_02.000,8.0
x15_02.100,8.0
x15_02.200,8.0
x15_02.300,8.0
x15_02.400,8.0
x15_02.500,8.0
x15_02.600,8.0
x15_02.700,8.0
x15_02.800,8.0
x15_02.900,8.0
x15_03.000,8.0
x15_03.100,8.0
x15_03.200,8.0
x15_03.300,8.0
x15_03.400,8.0
x15_03.500,8.0
x15_03.600,8.0
x15_03.700,8.0
x15_03.800,8.0
x15_03.900,8.0
x15_04.000,8.0
x15_04.100,8.0
x15_04.200,8.0
x15_04.300,8.0
x15_04.400,8.0
x15_04.500,8.0
x15_04.600,8.0
x15_04.700,8.0
x15_04.800,8.0
x15_04.900,8.0
x15_05.000,8.0
x15_05.100,8.0
x15_05.200,8.0
x15_05.300,8.0
x15_05.400,8.0
x15_05.500,8.0
x15_05.600,8.0
x15_05.700,8.0
x15_05.800,8.0
x15_05.900,8.0
x15_06.000,8.0
x15_06.100,8.0
x15_06.200,8.0
x15_06.300,8.0
x15_06.400,8.0
x15_06.500,8.0
x15_06.600,8.0
x15_06.700,8.0
x15_06.800,8.0
x15_06.900,8.0
x15_07.000,8.0
x15_07.100,8.0
x15_07.200,8.0
x15_07.300,8.0
x15_07.400,8.0
x15_07.500,8.0
x15_07.600,8.0
x15_07.700,8.0
x15_07.800,8.0
x15_07.900,8.0
x15_08.000,8.0
x15_08.100,8.0
x15_08.200,8.0
x15_08.300,8.0
x15_08.400,8.0
x15_08.500,8.0
x15_08.600,8.0
x15_08.700,8.0
x15_08.800,8.0
x15_08.900,8.0
x15_09.000,8.0
x15_09.100,8.0
x15_09.200,8.0
x15_09.300,8.0
x15_09.400,8.0
x15_09.500,8.0
x15_09.600,8.0
x15_09.700,8.0
x15_09.800,8.0
x15_09.900,8.0
x15_10.000,8.0
x15_10.100,8.0
x15_10.200,8.0
x15_10.300,8.0
x15_10.400,8.0
x15_10.500,8.0
x15_10.600,8.0
x15_10.700,8.0
x15_10.800,8.0
x15_10.900,8.0
x15_11.000,8.0
x15_11.100,8.0
x15_11.200,8.0
x15_11.300,8.0
x15_11.400,8.0
x15_11.500,8.0
x15_11.600,8.0
x15_11.700,8.0
x15_11.800,8.0
x15_11.900,8.0
x15_12.000,8.0
x15_12.100,8.0
x15_12.200,8.0
x15_12.300,8.0
x15_12.400,8.0
x15_12.500,8.0
x15_12.600,8.0
x15_12.700,8.0
x15_12.800,8.0
x15_12.900,8.0
x15_13.000,8.0
x15_13.100,8.0
x15_13.200,8.0
x15_13.300,8.0
x15_13.400,8.0
x15_13.500,8.0
x15_13.600,8.0
x15_13.700,8.0
x15_13.800,8.0
x15_13.900,8.0
x15_14.000,8.0
x15_14.100,8.0
x15_14.200,8.0
x15_14.300,8.0
x15_14.400,8.0
x15_14.500,8.0
x15_14.600,8.0
x15_14.700,8.0
x15_14.800,8.0
x15_14.900,8.0
x15_15.000,8.0
x15_15.100,8.0
x15_15.200,8.0
x15_15.300,8.0
x15_15.400,8.0
x15_15.500,8.0
x15_15.600,8.0
x15_15.700,8.0
x15_15.800,8.0
x15_15.900,8.0
x15_16.000,8.0
x15_16.100,8.0
x15_16.200,8.0
x15_16.300,8.0
x15_16.400,8.0
x15_16.500,8.0
x15_16.600,8.0
x15_16.700,8.0
x15_16.800,8.0
x15_16.900,8.0
x15_17.000,8.0
x15_17.100,8.0
x15_17.200,8.0
x15_17.300,8.0
x15_17.400,8.0
x15_17.500,8.0
x15_17.600,8.0
x15_17.700,8.0
x15_17.800,8.0
x15_17.900,8.0
x15_18.000,8.0
x15_18.100,8.0
x15_18.200,8.0
x15_18.300,8.0
x15_18.400,8.0
x15_18.500,8.0
x15_18.600,8.0
x15_18.700,8.0
x15_18.800,8.0
x15_18.900,8.0
x15_19.000,8.0
x15_19.100,8.0
x15_19.200,8.0
x15_19.300,8.0
x15_19.400,8.0
x15_19.500,8.0
x15_19.600,8.0
x15_19.700,8.0
x15_19.800,8.0
x15_19.900,8.0
x16_00.000,8.0
x16_00.100,8.0
x16_00.200,8.0
x16_00.300,8.0
x16_00.400,8.0
x16_00.500,8.0
x16_00.600,8.0
x16_00.700,8.0
x16_00.800,8.0
x16_00.900,8.0
x16_01.000,8.0
x16_01.100,8.0
x16_01.200,8.0
x16_01.300,8.0
x16_01.400,8.0
x16_01.500,8.0
x16_01.600,8.0
x16_01.700,8.0
x16_01.800,8.0
x16_01.900,8.0
x16_02.000,8.0
x16_02.100,8.0
x16_02.200,8.0
x16_02.300,8.0
x16_02.400,8.0
x16_02.500,8.0
x16_02.600,8.0
x16_02.700,8.0
x16_02.800,8.0
x16_02.900,8.0
x16_03.000,8.0
x16_03.100,8.0
x16_03.200,8.0
x16_03.300,8.0
x16_03.400,8.0
x16_03.500,8.0
x16_03.600,8.0
x16_03.700,8.0
x16_03.800,8.0
x16_03.900,8.0
x16_04.000,8.0
x16_04.100,8.0
x16_04.200,8.0
x16_04.300,8.0
x16_04.400,8.0
x16_04.500,8.0
x16_04.600,8.0
x16_04.700,8.0
x16_04.800,8.0
x16_04.900,8.0
x16_05.000,8.0
x16_05.100,8.0
x16_05.200,8.0
x16_05.300,8.0
x16_05.400,8.0
x16_05.500,8.0
x16_05.600,8.0
x16_05.700,8.0
x16_05.800,8.0
x16_05.900,8.0
x16_06.000,8.0
x16_06.100,8.0
x16_06.200,8.0
x16_06.300,8.0
x16_06.400,8.0
x16_06.500,8.0
x16_06.600,8.0
x16_06.700,8.0
x16_06.800,8.0
x16_06.900,8.0
x16_07.000,8.0
x16_07.100,8.0
x16_07.200,8.0
x16_07.300,8.0
x16_07.400,8.0
x16_07.500,8.0
x16_07.600,8.0
x16_07.700,8.0
x16_07.800,8.0
x16_07.900,8.0
x16_08.000,8.0
x16_08.100,8.0
x16_08.200,8.0
x16_08.300,8.0
x16_08.400,8.0
x16_08.500,8.0
x16_08.600,8.0
x16_08.700,8.0
x16_08.800,8.0
x16_08.900,8.0
x16_09.000,8.0
x16_09.100,8.0
x16_09.200,8.0
x16_09.300,8.0
x16_09.400,8.0
x16_09.500,8.0
x16_09.600,8.0
x16_09.700,8.0
x16_09.800,8.0
x16_09.900,8.0
x16_10.000,8.0
x16_10.100,8.0
x16_10.200,8.0
x16_10.300,8.0
x16_10.400,8.0
x16_10.500,8.0
x16_10.600,8.0
x16_10.700,8.0
x16_10.800,8.0
x16_10.900,8.0
x16_11.000,8.0
x16_11.100,8.0
x16_11.200,8.0
x16_11.300,8.0
x16_11.400,8.0
x16_11.500,8.0
x16_11.600,8.0
x16_11.700,8.0
x16_11.800,8.0
x16_11.900,8.0
x16_12.000,8.0
x16_12.100,8.0
x16_12.200,8.0
x16_12.300,8.0
x16_12.400,8.0
x16_12.500,8.0
x16_12.600,8.0
x16_12.700,8.0
x16_12.800,8.0
x16_12.900,8.0
x16_13.000,8.0
x16_13.100,8.0
x16_13.200,8.0
x16_13.300,8.0
x16_13.400,8.0
x16_13.500,8.0
x16_13.600,8.0
x16_13.700,8.0
x16_13.800,8.0
x16_13.900,8.0
x16_14.000,8.0
x16_14.100,8.0
x16_14.200,8.0
x16_14.300,8.0
x16_14.400,8.0
x16_14.500,8.0
x16_14.600,8.0
x16_14.700,8.0
x16_14.800,8.0
x16_14.900,8.0
x16_15.000,8.0
x16_15.100,8.0
x16_15.200,8.0
x16_15.300,8.0
x16_15.400,8.0
x16_15.500,8.0
x16_15.600,8.0
x16_15.700,8.0
x16_15.800,8.0
x16_15.900,8.0
x16_16.000,8.0
x16_16.100,8.0
x16_16.200,8.0
x16_16.300,8.0
x16_16.400,8.0
x16_16.500,8.0
x16_16.600,8.0
x16_16.700,8.0
x16_16.800,8.0
x16_16.900,8.0
x16_17.000,8.0
x16_17.100,8.0
x16_17.200,8.0
x16_17.300,8.0
x16_17.400,8.0
x16_17.500,8.0
x16_17.600,8.0
x16_17.700,8.0
x16_17.800,8.0
x16_17.900,8.0
x16_18.000,8.0
x16_18.100,8.0
x16_18.200,8.0
x16_18.300,8.0
x16_18.400,8.0
x16_18.500,8.0
x16_18.600,8.0
x16_18.700,8.0
x16_18.800,8.0
x16_18.900,8.0
x16_19.000,8.0
x16_19.100,8.0
x16_19.200,8.0
x16_19.300,8.0
x16_19.400,8.0
x16_19.500,8.0
x16_19.600,8.0
x16_19.700,8.0
x16_19.800,8.0
x16_19.900,8.0
x17_00.000,8.0
x17_00.100,8.0
x17_00.200,8.0
x17_00.300,8.0
x17_00.400,8.0
x17_00.500,8.0
x17_00.600,8.0
x17_00.700,8.0
x17_00.800,8.0
x17_00.900,8.0
x17_01.000,8.0
x17_01.100,8.0
x17_01.200,8.0
x17_01.300,8.0
x17_01.400,8.0
x17_01.500,8.0
x17_01.600,8.0
x17_01.700,8.0
x17_01.800,8.0
x17_01.900,8.0
x17_02.000,8.0
x17_02.100,8.0
x17_02.200,8.0
x17_02.300,8.0
x17_02.400,8.0
x17_02.500,8.0
x17_02.600,8.0
x17_02.700,8.0
x17_02.800,8.0
x17_02.900,8.0
x17_03.000,8.0
x17_03.100,8.0
x17_03.200,8.0
x17_03.300,8.0
x17_03.400,8.0
x17_03.500,8.0
x17_03.600,8.0
x17_03.700,8.0
x17_03.800,8.0
x17_03.900,8.0
x17_04.000,8.0
x17_04.100,8.0
x17_04.200,8.0
x17_04.300,8.0
x17_04.400,8.0
x17_04.500,8.0
x17_04.600,8.0
x17_04.700,8.0
x17_04.800,8.0
x17_04.900,8.0
x17_05.000,8.0
x17_05.100,8.0
x17_05.200,8.0
x17_05.300,8.0
x17_05.400,8.0
x17_05.500,8.0
x17_05.600,8.0
x17_05.700,8.0
x17_05.800,8.0
x17_05.900,8.0
x17_06.000,8.0
x17_06.100,8.0
x17_06.200,8.0
x17_06.300,8.0
x17_06.400,8.0
x17_06.500,8.0
x17_06.600,8.0
x17_06.700,8.0
x17_06.800,8.0
x17_06.900,8.0
x17_07.000,8.0
x17_07.100,8.0
x17_07.200,8.0
x17_07.300,8.0
x17_07.400,8.0
x17_07.500,8.0
x17_07.600,8.0
x17_07.700,8.0
x17_07.800,8.0
x17_07.900,8.0
x17_08.000,8.0
x17_08.100,8.0
x17_08.200,8.0
x17_08.300,8.0
x17_08.400,8.0
x17_08.500,8.0
x17_08.600,8.0
x17_08.700,8.0
x17_08.800,8.0
x17_08.900,8.0
x17_09.000,8.0
x17_09.100,8.0
x17_09.200,8.0
x17_09.300,8.0
x17_09.400,8.0
x17_09.500,8.0
x17_09.600,8.0
x17_09.700,8.0
x17_09.800,8.0
x17_09.900,8.0
x17_10.000,8.0
x17_10.100,8.0
x17_10.200,8.0
x17_10.300,8.0
x17_10.400,8.0
x17_10.500,8.0
x17_10.600,8.0
x17_10.700,8.0
x17_10.800,8.0
x17_10.900,8.0
x17_11.000,8.0
x17_11.100,8.0
x17_11.200,8.0
x17_11.300,8.0
x17_11.400,8.0
x17_11.500,8.0
x17_11.600,8.0
x17_11.700,8.0
x17_11.800,8.0
x17_11.900,8.0
x17_12.000,8.0
x17_12.100,8.0
x17_12.200,8.0
x17_12.300,8.0
x17_12.400,8.0
x17_12.500,8.0
x17_12.600,8.0
x17_12.700,8.0
x17_12.800,8.0
x17_12.900,8.0
x17_13.000,8.0
x17_13.100,8.0
x17_13.200,8.0
x17_13.300,8.0
x17_13.400,8.0
x17_13.500,8.0
x17_13.600,8.0
x17_13.700,8.0
x17_13.800,8.0
x17_13.900,8.0
x17_14.000,8.0
x17_14.100,8.0
x17_14.200,8.0
x17_14.300,8.0
x17_14.400,8.0
x17_14.500,8.0
x17_14.600,8.0
x17_14.700,8.0
x17_14.800,8.0
x17_14.900,8.0
x17_15.000,8.0
x17_15.100,8.0
x17_15.200,8.0
x17_15.300,8.0
x17_15.400,8.0
x17_15.500,8.0
x17_15.600,8.0
x17_15.700,8.0
x17_15.800,8.0
x17_15.900,8.0
x17_16.000,8.0
x17_16.100,8.0
x17_16.200,8.0
x17_16.300,8.0
x17_16.400,8.0
x17_16.500,8.0
x17_16.600,8.0
x17_16.700,8.0
x17_16.800,8.0
x17_16.900,8.0
x17_17.000,8.0
x17_17.100,8.0
x17_17.200,8.0
x17_17.300,8.0
x17_17.400,8.0
x17_17.500,8.0
x17_17.600,8.0
x17_17.700,8.0
x17_17.800,8.0
x17_17.900,8.0
x17_18.000,8.0
x17_18.100,8.0
x17_18.200,8.0
x17_18.300,8.0
x17_18.400,8.0
x17_18.500,8.0
x17_18.600,8.0
x17_18.700,8.0
x17_18.800,8.0
x17_18.900,8.0
x17_19.000,8.0
x17_19.100,8.0
x17_19.200,8.0
x17_19.300,8.0
x17_19.400,8.0
x17_19.500,8.0
x17_19.600,8.0
x17_19.700,8.0
x17_19.800,8.0
x17_19.900,8.0
x18_00.000,8.0
x18_00.100,8.0
x18_00.200,8.0
x18_00.300,8.0
x18_00.400,8.0
x18_00.500,8.0
x18_00.600,8.0
x18_00.700,8.0
x18_00.800,8.0
x18_00.900,8.0
x18_01.000,8.0
x18_01.100,8.0
x18_01.200,8.0
x18_01.300,8.0
x18_01.400,8.0
x18_01.500,8.0
x18_01.600,8.0
x18_01.700,8.0
x18_01.800,8.0
x18_01.900,8.0
x18_02.000,8.0
x18_02.100,8.0
x18_02.200,8.0
x18_02.300,8.0
x18_02.400,8.0
x18_02.500,8.0
x18_02.600,8.0
x18_02.700,8.0
x18_02.800,8.0
x18_02.900,8.0
x18_03.000,8.0
x18_03.100,8.0
x18_03.200,8.0
x18_03.300,8.0
x18_03.400,8.0
x18_03.500,8.0
x18_03.600,8.0
x18_03.700,8.0
x18_03.800,8.0
x18_03.900,8.0
x18_04.000,8.0
x18_04.100,8.0
x18_04.200,8.0
x18_04.300,8.0
x18_04.400,8.0
x18_04.500,8.0
x18_04.600,8.0
x18_04.700,8.0
x18_04.800,8.0
x18_04.900,8.0
x18_05.000,8.0
x18_05.100,8.0
x18_05.200,8.0
x18_05.300,8.0
x18_05.400,8.0
x18_05.500,8.0
x18_05.600,8.0
x18_05.700,8.0
x18_05.800,8.0
x18_05.900,8.0
x18_06.000,8.0
x18_06.100,8.0
x18_06.200,8.0
x18_06.300,8.0
x18_06.400,8.0
x18_06.500,8.0
x18_06.600,8.0
x18_06.700,8.0
x18_06.800,8.0
x18_06.900,8.0
x18_07.000,8.0
x18_07.100,8.0
x18_07.200,8.0
x18_07.300,8.0
x18_07.400,8.0
x18_07.500,8.0
x18_07.600,8.0
x18_07.700,8.0
x18_07.800,8.0
x18_07.900,8.0
x18_08.000,8.0
x18_08.100,8.0
x18_08.200,8.0
x18_08.300,8.0
x18_08.400,8.0
x18_08.500,8.0
x18_08.600,8.0
x18_08.700,8.0
x18_08.800,8.0
x18_08.900,8.0
x18_09.000,8.0
x18_09.100,8.0
x18_09.200,8.0
x18_09.300,8.0
x18_09.400,8.0
x18_09.500,8.0
x18_09.600,8.0
x18_09.700,8.0
x18_09.800,8.0
x18_09.900,8.0
x18_10.000,8.0
x18_10.100,8.0
x18_10.200,8.0
x18_10.300,8.0
x18_10.400,8.0
x18_10.500,8.0
x18_10.600,8.0
x18_10.700,8.0
x18_10.800,8.0
x18_10.900,8.0
x18_11.000,8.0
x18_11.100,8.0
x18_11.200,8.0
x18_11.300,8.0
x18_11.400,8.0
x18_11.500,8.0
x18_11.600,8.0
x18_11.700,8.0
x18_11.800,8.0
x18_11.900,8.0
x18_12.000,8.0
x18_12.100,8.0
x18_12.200,8.0
x18_12.300,8.0
x18_12.400,8.0
x18_12.500,8.0
x18_12.600,8.0
x18_12.700,8.0
x18_12.800,8.0
x18_12.900,8.0
x18_13.000,8.0
x18_13.100,8.0
x18_13.200,8.0
x18_13.300,8.0
x18_13.400,8.0
x18_13.500,8.0
x18_13.600,8.0
x18_13.700,8.0
x18_13.800,8.0
x18_13.900,8.0
x18_14.000,8.0
x18_14.100,8.0
x18_14.200,8.0
x18_14.300,8.0
x18_14.400,8.0
x18_14.500,8.0
x18_14.600,8.0
x18_14.700,8.0
x18_14.800,8.0
x18_14.900,8.0
x18_15.000,8.0
x18_15.100,8.0
x18_15.200,8.0
x18_15.300,8.0
x18_15.400,8.0
x18_15.500,8.0
x18_15.600,8.0
x18_15.700,8.0
x18_15.800,8.0
x18_15.900,8.0
x18_16.000,8.0
x18_16.100,8.0
x18_16.200,8.0
x18_16.300,8.0
x18_16.400,8.0
x18_16.500,8.0
x18_16.600,8.0
x18_16.700,8.0
x18_16.800,8.0
x18_16.900,8.0
x18_17.000,8.0
x18_17.100,8.0
x18_17.200,8.0
x18_17.300,8.0
x18_17.400,8.0
x18_17.500,8.0
x18_17.600,8.0
x18_17.700,8.0
x18_17.800,8.0
x18_17.900,8.0
x18_18.000,8.0
x18_18.100,8.0
x18_18.200,8.0
x18_18.300,8.0
x18_18.400,8.0
x18_18.500,8.0
x18_18.600,8.0
x18_18.700,8.0
x18_18.800,8.0
x18_18.900,8.0
x18_19.000,8.0
x18_19.100,8.0
x18_19.200,8.0
x18_19.300,8.0
x18_19.400,8.0
x18_19.500,8.0
x18_19.600,8.0
x18_19.700,8.0
x18_19.800,8.0
x18_19.900,8.0
x19_00.000,8.0
x19_00.100,8.0
x19_00.200,8.0
x19_00.300,8.0
x19_00.400,8.0
x19_00.500,8.0
x19_00.600,8.0
x19_00.700,8.0
x19_00.800,8.0
x19_00.900,8.0
x19_01.000,8.0
x19_01.100,8.0
x19_01.200,8.0
x19_01.300,8.0
x19_01.400,8.0
x19_01.500,8.0
x19_01.600,8.0
x19_01.700,8.0
x19_01.800,8.0
x19_01.900,8.0
x19_02.000,8.0
x19_02.100,8.0
x19_02.200,8.0
x19_02.300,8.0
x19_02.400,8.0
x19_02.500,8.0
x19_02.600,8.0
x19_02.700,8.0
x19_02.800,8.0
x19_02.900,8.0
x19_03.000,8.0
x19_03.100,8.0
x19_03.200,8.0
x19_03.300,8.0
x19_03.400,8.0
x19_03.500,8.0
x19_03.600,8.0
x19_03.700,8.0
x19_03.800,8.0
x19_03.900,8.0
x19_04.000,8.0
x19_04.100,8.0
x19_04.200,8.0
x19_04.300,8.0
x19_04.400,8.0
x19_04.500,8.0
x19_04.600,8.0
x19_04.700,8.0
x19_04.800,8.0
x19_04.900,8.0
x19_05.000,8.0
x19_05.100,8.0
x19_05.200,8.0
x19_05.300,8.0
x19_05.400,8.0
x19_05.500,8.0
x19_05.600,8.0
x19_05.700,8.0
x19_05.800,8.0
x19_05.900,8.0
x19_06.000,8.0
x19_06.100,8.0
x19_06.200,8.0
x19_06.300,8.0
x19_06.400,8.0
x19_06.500,8.0
x19_06.600,8.0
x19_06.700,8.0
x19_06.800,8.0
x19_06.900,8.0
x19_07.000,8.0
x19_07.100,8.0
x19_07.200,8.0
x19_07.300,8.0
x19_07.400,8.0
x19_07.500,8.0
x19_07.600,8.0
x19_07.700,8.0
x19_07.800,8.0
x19_07.900,8.0
x19_08.000,8.0
x19_08.100,8.0
x19_08.200,8.0
x19_08.300,8.0
x19_08.400,8.0
x19_08.500,8.0
x19_08.600,8.0
x19_08.700,8.0
x19_08.800,8.0
x19_08.900,8.0
x19_09.000,8.0
x19_09.100,8.0
x19_09.200,8.0
x19_09.300,8.0
x19_09.400,8.0
x19_09.500,8.0
x19_09.600,8.0
x19_09.700,8.0
x19_09.800,8.0
x19_09.900,8.0
x19_10.000,8.0
x19_10.100,8.0
x19_10.200,8.0
x19_10.300,8.0
x19_10.400,8.0
x19_10.500,8.0
x19_10.600,8.0
x19_10.700,8.0
x19_10.800,8.0
x19_10.900,8.0
x19_11.000,8.0
x19_11.100,8.0
x19_11.200,8.0
x19_11.300,8.0
x19_11.400,8.0
x19_11.500,8.0
x19_11.600,8.0
x19_11.700,8.0
x19_11.800,8.0
x19_11.900,8.0
x19_12.000,8.0
x19_12.100,8.0
x19_12.200,8.0
x19_12.300,8.0
x19_12.400,8.0
x19_12.500,8.0
x19_12.600,8.0
x19_12.700,8.0
x19_12.800,8.0
x19_12.900,8.0
x19_13.000,8.0
x19_13.100,8.0
x19_13.200,8.0
x19_13.300,8.0
x19_13.400,8.0
x19_13.500,8.0
x19_13.600,8.0
x19_13.700,8.0
x19_13.800,8.0
x19_13.900,8.0
x19_14.000,8.0
x19_14.100,8.0
x19_14.200,8.0
x19_14.300,8.0
x19_14.400,8.0
x19_14.500,8.0
x19_14.600,8.0
x19_14.700,8.0
x19_14.800,8.0
x19_14.900,8.0
x19_15.000,8.0
x19_15.100,8.0
x19_15.200,8.0
x19_15.300,8.0
x19_15.400,8.0
x19_15.500,8.0
x19_15.600,8.0
x19_15.700,8.0
x19_15.800,8.0
x19_15.900,8.0
x19_16.000,8.0
x19_16.100,8.0
x19_16.200,8.0
x19_16.300,8.0
x19_16.400,8.0
x19_16.500,8.0
x19_16.600,8.0
x19_16.700,8.0
x19_16.800,8.0
x19_16.900,8.0
x19_17.000,8.0
x19_17.100,8.0
x19_17.200,8.0
x19_17.300,8.0
x19_17.400,8.0
x19_17.500,8.0
x19_17.600,8.0
x19_17.700,8.0
x19_17.800,8.0
x19_17.900,8.0
x19_18.000,8.0
x19_18.100,8.0
x19_18.200,8.0
x19_18.300,8.0
x19_18.400,8.0
x19_18.500,8.0
x19_18.600,8.0
x19_18.700,8.0
x19_18.800,8.0
x19_18.900,8.0
x19_19.000,8.0
x19_19.100,8.0
x19_19.200,8.0
x19_19.300,8.0
x19_19.400,8.0
x19_19.500,8.0
x19_19.600,8.0
x19_19.700,8.0
x19_19.800,8.0
x19_19.900,8.0
x20_00.000,8.0
x20_00.100,8.0
x20_00.200,8.0
x20_00.300,8.0
x20_00.400,8.0
x20_00.500,8.0
x20_00.600,8.0
x20_00.700,8.0
x20_00.800,8.0
x20_00.900,8.0
x20_01.000,8.0
x20_01.100,8.0
x20_01.200,8.0
x20_01.300,8.0
x20_01.400,8.0
x20_01.500,8.0
x20_01.600,8.0
x20_01.700,8.0
x20_01.800,8.0
x20_01.900,8.0
x20_02.000,8.0
x20_02.100,8.0
x20_02.200,8.0
x20_02.300,8.0
x20_02.400,8.0
x20_02.500,8.0
x20_02.600,8.0
x20_02.700,8.0
x20_02.800,8.0
x20_02.900,8.0
x20_03.000,8.0
x20_03.100,8.0
x20_03.200,8.0
x20_03.300,8.0
x20_03.400,8.0
x20_03.500,8.0
x20_03.600,8.0
x20_03.700,8.0
x20_03.800,8.0
x20_03.900,8.0
x20_04.000,8.0
x20_04.100,8.0
x20_04.200,8.0
x20_04.300,8.0
x20_04.400,8.0
x20_04.500,8.0
x20_04.600,8.0
x20_04.700,8.0
x20_04.800,8.0
x20_04.900,8.0
x20_05.000,8.0
x20_05.100,8.0
x20_05.200,8.0
x20_05.300,8.0
x20_05.400,8.0
x20_05.500,8.0
x20_05.600,8.0
x20_05.700,8.0
x20_05.800,8.0
x20_05.900,8.0
x20_06.000,8.0
x20_06.100,8.0
x20_06.200,8.0
x20_06.300,8.0
x20_06.400,8.0
x20_06.500,8.0
x20_06.600,8.0
x20_06.700,8.0
x20_06.800,8.0
x20_06.900,8.0
x20_07.000,8.0
x20_07.100,8.0
x20_07.200,8.0
x20_07.300,8.0
x20_07.400,8.0
x20_07.500,8.0
x20_07.600,8.0
x20_07.700,8.0
x20_07.800,8.0
x20_07.900,8.0
x20_08.000,8.0
x20_08.100,8.0
x20_08.200,8.0
x20_08.300,8.0
x20_08.400,8.0
x20_08.500,8.0
x20_08.600,8.0
x20_08.700,8.0
x20_08.800,8.0
x20_08.900,8.0
x20_09.000,8.0
x20_09.100,8.0
x20_09.200,8.0
x20_09.300,8.0
x20_09.400,8.0
x20_09.500,8.0
x20_09.600,8.0
x20_09.700,8.0
x20_09.800,8.0
x20_09.900,8.0
x20_10.000,8.0
x20_10.100,8.0
x20_10.200,8.0
x20_10.300,8.0
x20_10.400,8.0
x20_10.500,8.0
x20_10.600,8.0
x20_10.700,8.0
x20_10.800,8.0
x20_10.900,8.0
x20_11.000,8.0
x20_11.100,8.0
x20_11.200,8.0
x20_11.300,8.0
x20_11.400,8.0
x20_11.500,8.0
x20_11.600,8.0
x20_11.700,8.0
x20_11.800,8.0
x20_11.900,8.0
x20_12.000,8.0
x20_12.100,8.0
x20_12.200,8.0
x20_12.300,8.0
x20_12.400,8.0
x20_12.500,8.0
x20_12.600,8.0
x20_12.700,8.0
x20_12.800,8.0
x20_12.900,8.0
x20_13.000,8.0
x20_13.100,8.0
x20_13.200,8.0
x20_13.300,8.0
x20_13.400,8.0
x20_13.500,8.0
x20_13.600,8.0
x20_13.700,8.0
x20_13.800,8.0
x20_13.900,8.0
x20_14.000,8.0
x20_14.100,8.0
x20_14.200,8.0
x20_14.300,8.0
x20_14.400,8.0
x20_14.500,8.0
x20_14.600,8.0
x20_14.700,8.0
x20_14.800,8.0
x20_14.900,8.0
x20_15.000,8.0
x20_15.100,8.0
x20_15.200,8.0
x20_15.300,8.0
x20_15.400,8.0
x20_15.500,8.0
x20_15.600,8.0
x20_15.700,8.0
x20_15.800,8.0
x20_15.900,8.0
x20_16.000,8.0
x20_16.100,8.0
x20_16.200,8.0
x20_16.300,8.0
x20_16.400,8.0
x20_16.500,8.0
x20_16.600,8.0
x20_16.700,8.0
x20_16.800,8.0
x20_16.900,8.0
x20_17.000,8.0
x20_17.100,8.0
x20_17.200,8.0
x20_17.300,8.0
x20_17.400,8.0
x20_17.500,8.0
x20_17.600,8.0
x20_17.700,8.0
x20_17.800,8.0
x20_17.900,8.0
x20_18.000,8.0
x20_18.100,8.0
x20_18.200,8.0
x20_18.300,8.0
x20_18.400,8.0
x20_18.500,8.0
x20_18.600,8.0
x20_18.700,8.0
x20_18.800,8.0
x20_18.900,8.0
x20_19.000,8.0
x20_19.100,8.0
x20_19.200,8.0
x20_19.300,8.0
x20_19.400,8.0
x20_19.500,8.0
x20_19.600,8.0
x20_19.700,8.0
x20_19.800,8.0
x20_19.900,8.0
x21_00.000,8.0
x21_00.100,8.0
x21_00.200,8.0
x21_00.300,8.0
x21_00.400,8.0
x21_00.500,8.0
x21_00.600,8.0
x21_00.700,8.0
x21_00.800,8.0
x21_00.900,8.0
x21_01.000,8.0
x21_01.100,8.0
x21_01.200,8.0
x21_01.300,8.0
x21_01.400,8.0
x21_01.500,8.0
x21_01.600,8.0
x21_01.700,8.0
x21_01.800,8.0
x21_01.900,8.0
x21_02.000,8.0
x21_02.100,8.0
x21_02.200,8.0
x21_02.300,8.0
x21_02.400,8.0
x21_02.500,8.0
x21_02.600,8.0
x21_02.700,8.0
x21_02.800,8.0
x21_02.900,8.0
x21_03.000,8.0
x21_03.100,8.0
x21_03.200,8.0
x21_03.300,8.0
x21_03.400,8.0
x21_03.500,8.0
x21_03.600,8.0
x21_03.700,8.0
x21_03.800,8.0
x21_03.900,8.0
x21_04.000,8.0
x21_04.100,8.0
x21_04.200,8.0
x21_04.300,8.0
x21_04.400,8.0
x21_04.500,8.0
x21_04.600,8.0
x21_04.700,8.0
x21_04.800,8.0
x21_04.900,8.0
x21_05.000,8.0
x21_05.100,8.0
x21_05.200,8.0
x21_05.300,8.0
x21_05.400,8.0
x21_05.500,8.0
x21_05.600,8.0
x21_05.700,8.0
x21_05.800,8.0
x21_05.900,8.0
x21_06.000,8.0
x21_06.100,8.0
x21_06.200,8.0
x21_06.300,8.0
x21_06.400,8.0
x21_06.500,8.0
x21_06.600,8.0
x21_06.700,8.0
x21_06.800,8.0
x21_06.900,8.0
x21_07.000,8.0
x21_07.100,8.0
x21_07.200,8.0
x21_07.300,8.0
x21_07.400,8.0
x21_07.500,8.0
x21_07.600,8.0
x21_07.700,8.0
x21_07.800,8.0
x21_07.900,8.0
x21_08.000,8.0
x21_08.100,8.0
x21_08.200,8.0
x21_08.300,8.0
x21_08.400,8.0
x21_08.500,8.0
x21_08.600,8.0
x21_08.700,8.0
x21_08.800,8.0
x21_08.900,8.0
x21_09.000,8.0
x21_09.100,8.0
x21_09.200,8.0
x21_09.300,8.0
x21_09.400,8.0
x21_09.500,8.0
x21_09.600,8.0
x21_09.700,8.0
x21_09.800,8.0
x21_09.900,8.0
x21_10.000,8.0
x21_10.100,8.0
x21_10.200,8.0
x21_10.300,8.0
x21_10.400,8.0
x21_10.500,8.0
x21_10.600,8.0
x21_10.700,8.0
x21_10.800,8.0
x21_10.900,8.0
x21_11.000,8.0
x21_11.100,8.0
x21_11.200,8.0
x21_11.300,8.0
x21_11.400,8.0
x21_11.500,8.0
x21_11.600,8.0
x21_11.700,8.0
x21_11.800,8.0
x21_11.900,8.0
x21_12.000,8.0
x21_12.100,8.0
x21_12.200,8.0
x21_12.300,8.0
x21_12.400,8.0
x21_12.500,8.0
x21_12.600,8.0
x21_12.700,8.0
x21_12.800,8.0
x21_12.900,8.0
x21_13.000,8.0
x21_13.100,8.0
x21_13.200,8.0
x21_13.300,8.0
x21_13.400,8.0
x21_13.500,8.0
x21_13.600,8.0
x21_13.700,8.0
x21_13.800,8.0
x21_13.900,8.0
x21_14.000,8.0
x21_14.100,8.0
x21_14.200,8.0
x21_14.300,8.0
x21_14.400,8.0
x21_14.500,8.0
x21_14.600,8.0
x21_14.700,8.0
x21_14.800,8.0
x21_14.900,8.0
x21_15.000,8.0
x21_15.100,8.0
x21_15.200,8.0
x21_15.300,8.0
x21_15.400,8.0
x21_15.500,8.0
x21_15.600,8.0
x21_15.700,8.0
x21_15.800,8.0
x21_15.900,8.0
x21_16.000,8.0
x21_16.100,8.0
x21_16.200,8.0
x21_16.300,8.0
x21_16.400,8.0
x21_16.500,8.0
x21_16.600,8.0
x21_16.700,8.0
x21_16.800,8.0
x21_16.900,8.0
x21_17.000,8.0
x21_17.100,8.0
x21_17.200,8.0
x21_17.300,8.0
x21_17.400,8.0
x21_17.500,8.0
x21_17.600,8.0
x21_17.700,8.0
x21_17.800,8.0
x21_17.900,8.0
x21_18.000,8.0
x21_18.100,8.0
x21_18.200,8.0
x21_18.300,8.0
x21_18.400,8.0
x21_18.500,8.0
x21_18.600,8.0
x21_18.700,8.0
x21_18.800,8.0
x21_18.900,8.0
x21_19.000,8.0
x21_19.100,8.0
x21_19.200,8.0
x21_19.300,8.0
x21_19.400,8.0
x21_19.500,8.0
x21_19.600,8.0
x21_19.700,8.0
x21_19.800,8.0
x21_19.900,8.0
x22_00.000,8.0
x22_00.100,8.0
x22_00.200,8.0
x22_00.300,8.0
x22_00.400,8.0
x22_00.500,8.0
x22_00.600,8.0
x22_00.700,8.0
x22_00.800,8.0
x22_00.900,8.0
x22_01.000,8.0
x22_01.100,8.0
x22_01.200,8.0
x22_01.300,8.0
x22_01.400,8.0
x22_01.500,8.0
x22_01.600,8.0
x22_01.700,8.0
x22_01.800,8.0
x22_01.900,8.0
x22_02.000,8.0
x22_02.100,8.0
x22_02.200,8.0
x22_02.300,8.0
x22_02.400,8.0
x22_02.500,8.0
x22_02.600,8.0
x22_02.700,8.0
x22_02.800,8.0
x22_02.900,8.0
x22_03.000,8.0
x22_03.100,8.0
x22_03.200,8.0
x22_03.300,8.0
x22_03.400,8.0
x22_03.500,8.0
x22_03.600,8.0
x22_03.700,8.0
x22_03.800,8.0
x22_03.900,8.0
x22_04.000,8.0
x22_04.100,8.0
x22_04.200,8.0
x22_04.300,8.0
x22_04.400,8.0
x22_04.500,8.0
x22_04.600,8.0
x22_04.700,8.0
x22_04.800,8.0
x22_04.900,8.0
x22_05.000,8.0
x22_05.100,8.0
x22_05.200,8.0
x22_05.300,8.0
x22_05.400,8.0
x22_05.500,8.0
x22_05.600,8.0
x22_05.700,8.0
x22_05.800,8.0
x22_05.900,8.0
x22_06.000,8.0
x22_06.100,8.0
x22_06.200,8.0
x22_06.300,8.0
x22_06.400,8.0
x22_06.500,8.0
x22_06.600,8.0
x22_06.700,8.0
x22_06.800,8.0
x22_06.900,8.0
x22_07.000,8.0
x22_07.100,8.0
x22_07.200,8.0
x22_07.300,8.0
x22_07.400,8.0
x22_07.500,8.0
x22_07.600,8.0
x22_07.700,8.0
x22_07.800,8.0
x22_07.900,8.0
x22_08.000,8.0
x22_08.100,8.0
x22_08.200,8.0
x22_08.300,8.0
x22_08.400,8.0
x22_08.500,8.0
x22_08.600,8.0
x22_08.700,8.0
x22_08.800,8.0
x22_08.900,8.0
x22_09.000,8.0
x22_09.100,8.0
x22_09.200,8.0
x22_09.300,8.0
x22_09.400,8.0
x22_09.500,8.0
x22_09.600,8.0
x22_09.700,8.0
x22_09.800,8.0
x22_09.900,8.0
x22_10.000,8.0
x22_10.100,8.0
x22_10.200,8.0
x22_10.300,8.0
x22_10.400,8.0
x22_10.500,8.0
x22_10.600,8.0
x22_10.700,8.0
x22_10.800,8.0
x22_10.900,8.0
x22_11.000,8.0
x22_11.100,8.0
x22_11.200,8.0
x22_11.300,8.0
x22_11.400,8.0
x22_11.500,8.0
x22_11.600,8.0
x22_11.700,8.0
x22_11.800,8.0
x22_11.900,8.0
x22_12.000,8.0
x22_12.100,8.0
x22_12.200,8.0
x22_12.300,8.0
x22_12.400,8.0
x22_12.500,8.0
x22_12.600,8.0
x22_12.700,8.0
x22_12.800,8.0
x22_12.900,8.0
x22_13.000,8.0
x22_13.100,8.0
x22_13.200,8.0
x22_13.300,8.0
x22_13.400,8.0
x22_13.500,8.0
x22_13.600,8.0
x22_13.700,8.0
x22_13.800,8.0
x22_13.900,8.0
x22_14.000,8.0
x22_14.100,8.0
x22_14.200,8.0
x22_14.300,8.0
x22_14.400,8.0
x22_14.500,8.0
x22_14.600,8.0
x22_14.700,8.0
x22_14.800,8.0
x22_14.900,8.0
x22_15.000,8.0
x22_15.100,8.0
x22_15.200,8.0
x22_15.300,8.0
x22_15.400,8.0
x22_15.500,8.0
x22_15.600,8.0
x22_15.700,8.0
x22_15.800,8.0
x22_15.900,8.0
x22_16.000,8.0
x22_16.100,8.0
x22_16.200,8.0
x22_16.300,8.0
x22_16.400,8.0
x22_16.500,8.0
x22_16.600,8.0
x22_16.700,8.0
x22_16.800,8.0
x22_16.900,8.0
x22_17.000,8.0
x22_17.100,8.0
x22_17.200,8.0
x22_17.300,8.0
x22_17.400,8.0
x22_17.500,8.0
x22_17.600,8.0
x22_17.700,8.0
x22_17.800,8.0
x22_17.900,8.0
x22_18.000,8.0
x22_18.100,8.0
x22_18.200,8.0
x22_18.300,8.0
x22_18.400,8.0
x22_18.500,8.0
x22_18.600,8.0
x22_18.700,8.0
x22_18.800,8.0
x22_18.900,8.0
x22_19.000,8.0
x22_19.100,8.0
x22_19.200,8.0
x22_19.300,8.0
x22_19.400,8.0
x22_19.500,8.0
x22_19.600,8.0
x22_19.700,8.0
x22_19.800,8.0
x22_19.900,8.0
x23_00.000,8.0
x23_00.100,8.0
x23_00.200,8.0
x23_00.300,8.0
x23_00.400,8.0
x23_00.500,8.0
x23_00.600,8.0
x23_00.700,8.0
x23_00.800,8.0
x23_00.900,8.0
x23_01.000,8.0
x23_01.100,8.0
x23_01.200,8.0
x23_01.300,8.0
x23_01.400,8.0
x23_01.500,8.0
x23_01.600,8.0
x23_01.700,8.0
x23_01.800,8.0
x23_01.900,8.0
x23_02.000,8.0
x23_02.100,8.0
x23_02.200,8.0
x23_02.300,8.0
x23_02.400,8.0
x23_02.500,8.0
x23_02.600,8.0
x23_02.700,8.0
x23_02.800,8.0
x23_02.900,8.0
x23_03.000,8.0
x23_03.100,8.0
x23_03.200,8.0
x23_03.300,8.0
x23_03.400,8.0
x23_03.500,8.0
x23_03.600,8.0
x23_03.700,8.0
x23_03.800,8.0
x23_03.900,8.0
x23_04.000,8.0
x23_04.100,8.0
x23_04.200,8.0
x23_04.300,8.0
x23_04.400,8.0
x23_04.500,8.0
x23_04.600,8.0
x23_04.700,8.0
x23_04.800,8.0
x23_04.900,8.0
x23_05.000,8.0
x23_05.100,8.0
x23_05.200,8.0
x23_05.300,8.0
x23_05.400,8.0
x23_05.500,8.0
x23_05.600,8.0
x23_05.700,8.0
x23_05.800,8.0
x23_05.900,8.0
x23_06.000,8.0
x23_06.100,8.0
x23_06.200,8.0
x23_06.300,8.0
x23_06.400,8.0
x23_06.500,8.0
x23_06.600,8.0
x23_06.700,8.0
x23_06.800,8.0
x23_06.900,8.0
x23_07.000,8.0
x23_07.100,8.0
x23_07.200,8.0
x23_07.300,8.0
x23_07.400,8.0
x23_07.500,8.0
x23_07.600,8.0
x23_07.700,8.0
x23_07.800,8.0
x23_07.900,8.0
x23_08.000,8.0
x23_08.100,8.0
x23_08.200,8.0
x23_08.300,8.0
x23_08.400,8.0
x23_08.500,8.0
x23_08.600,8.0
x23_08.700,8.0
x23_08.800,8.0
x23_08.900,8.0
x23_09.000,8.0
x23_09.100,8.0
x23_09.200,8.0
x23_09.300,8.0
x23_09.400,8.0
x23_09.500,8.0
x23_09.600,8.0
x23_09.700,8.0
x23_09.800,8.0
x23_09.900,8.0
x23_10.000,8.0
x23_10.100,8.0
x23_10.200,8.0
x23_10.300,8.0
x23_10.400,8.0
x23_10.500,8.0
x23_10.600,8.0
x23_10.700,8.0
x23_10.800,8.0
x23_10.900,8.0
x23_11.000,8.0
x23_11.100,8.0
x23_11.200,8.0
x23_11.300,8.0
x23_11.400,8.0
x23_11.500,8.0
x23_11.600,8.0
x23_11.700,8.0
x23_11.800,8.0
x23_11.900,8.0
x23_12.000,8.0
x23_12.100,8.0
x23_12.200,8.0
x23_12.300,8.0
x23_12.400,8.0
x23_12.500,8.0
x23_12.600,8.0
x23_12.700,8.0
x23_12.800,8.0
x23_12.900,8.0
x23_13.000,8.0
x23_13.100,8.0
x23_13.200,8.0
x23_13.300,8.0
x23_13.400,8.0
x23_13.500,8.0
x23_13.600,8.0
x23_13.700,8.0
x23_13.800,8.0
x23_13.900,8.0
x23_14.000,8.0
x23_14.100,8.0
x23_14.200,8.0
x23_14.300,8.0
x23_14.400,8.0
x23_14.500,8.0
x23_14.600,8.0
x23_14.700,8.0
x23_14.800,8.0
x23_14.900,8.0
x23_15.000,8.0
x23_15.100,8.0
x23_15.200,8.0
x23_15.300,8.0
x23_15.400,8.0
x23_15.500,8.0
x23_15.600,8.0
x23_15.700,8.0
x23_15.800,8.0
x23_15.900,8.0
x23_16.000,8.0
x23_16.100,8.0
x23_16.200,8.0
x23_16.300,8.0
x23_16.400,8.0
x23_16.500,8.0
x23_16.600,8.0
x23_16.700,8.0
x23_16.800,8.0
x23_16.900,8.0
x23_17.000,8.0
x23_17.100,8.0
x23_17.200,8.0
x23_17.300,8.0
x23_17.400,8.0
x23_17.500,8.0
x23_17.600,8.0
x23_17.700,8.0
x23_17.800,8.0
x23_17.900,8.0
x23_18.000,8.0
x23_18.100,8.0
x23_18.200,8.0
x23_18.300,8.0
x23_18.400,8.0
x23_18.500,8.0
x23_18.600,8.0
x23_18.700,8.0
x23_18.800,8.0
x23_18.900,8.0
x23_19.000,8.0
x23_19.100,8.0
x23_19.200,8.0
x23_19.300,8.0
x23_19.400,8.0
x23_19.500,8.0
x23_19.600,8.0
x23_19.700,8.0
x23_19.800,8.0
x23_19.900,8.0
x24_00.000,8.0
x24_00.100,8.0
x24_00.200,8.0
x24_00.300,8.0
x24_00.400,8.0
x24_00.500,8.0
x24_00.600,8.0
x24_00.700,8.0
x24_00.800,8.0
x24_00.900,8.0
x24_01.000,8.0
x24_01.100,8.0
x24_01.200,8.0
x24_01.300,8.0
x24_01.400,8.0
x24_01.500,8.0
x24_01.600,8.0
x24_01.700,8.0
x24_01.800,8.0
x24_01.900,8.0
x24_02.000,8.0
x24_02.100,8.0
x24_02.200,8.0
x24_02.300,8.0
x24_02.400,8.0
x24_02.500,8.0
x24_02.600,8.0
x24_02.700,8.0
x24_02.800,8.0
x24_02.900,8.0
x24_03.000,8.0
x24_03.100,8.0
x24_03.200,8.0
x24_03.300,8.0
x24_03.400,8.0
x24_03.500,8.0
x24_03.600,8.0
x24_03.700,8.0
x24_03.800,8.0
x24_03.900,8.0
x24_04.000,8.0
x24_04.100,8.0
x24_04.200,8.0
x24_04.300,8.0
x24_04.400,8.0
x24_04.500,8.0
x24_04.600,8.0
x24_04.700,8.0
x24_04.800,8.0
x24_04.900,8.0
x24_05.000,8.0
x24_05.100,8.0
x24_05.200,8.0
x24_05.300,8.0
x24_05.400,8.0
x24_05.500,8.0
x24_05.600,8.0
x24_05.700,8.0
x24_05.800,8.0
x24_05.900,8.0
x24_06.000,8.0
x24_06.100,8.0
x24_06.200,8.0
x24_06.300,8.0
x24_06.400,8.0
x24_06.500,8.0
x24_06.600,8.0
x24_06.700,8.0
x24_06.800,8.0
x24_06.900,8.0
x24_07.000,8.0
x24_07.100,8.0
x24_07.200,8.0
x24_07.300,8.0
x24_07.400,8.0
x24_07.500,8.0
x24_07.600,8.0
x24_07.700,8.0
x24_07.800,8.0
x24_07.900,8.0
x24_08.000,8.0
x24_08.100,8.0
x24_08.200,8.0
x24_08.300,8.0
x24_08.400,8.0
x24_08.500,8.0
x24_08.600,8.0
x24_08.700,8.0
x24_08.800,8.0
x24_08.900,8.0
x24_09.000,8.0
x24_09.100,8.0
x24_09.200,8.0
x24_09.300,8.0
x24_09.400,8.0
x24_09.500,8.0
x24_09.600,8.0
x24_09.700,8.0
x24_09.800,8.0
x24_09.900,8.0
x24_10.000,8.0
x24_10.100,8.0
x24_10.200,8.0
x24_10.300,8.0
x24_10.400,8.0
x24_10.500,8.0
x24_10.600,8.0
x24_10.700,8.0
x24_10.800,8.0
x24_10.900,8.0
x24_11.000,8.0
x24_11.100,8.0
x24_11.200,8.0
x24_11.300,8.0
x24_11.400,8.0
x24_11.500,8.0
x24_11.600,8.0
x24_11.700,8.0
x24_11.800,8.0
x24_11.900,8.0
x24_12.000,8.0
x24_12.100,8.0
x24_12.200,8.0
x24_12.300,8.0
x24_12.400,8.0
x24_12.500,8.0
x24_12.600,8.0
x24_12.700,8.0
x24_12.800,8.0
x24_12.900,8.0
x24_13.000,8.0
x24_13.100,8.0
x24_13.200,8.0
x24_13.300,8.0
x24_13.400,8.0
x24_13.500,8.0
x24_13.600,8.0
x24_13.700,8.0
x24_13.800,8.0
x24_13.900,8.0
x24_14.000,8.0
x24_14.100,8.0
x24_14.200,8.0
x24_14.300,8.0
x24_14.400,8.0
x24_14.500,8.0
x24_14.600,8.0
x24_14.700,8.0
x24_14.800,8.0
x24_14.900,8.0
x24_15.000,8.0
x24_15.100,8.0
x24_15.200,8.0
x24_15.300,8.0
x24_15.400,8.0
x24_15.500,8.0
x24_15.600,8.0
x24_15.700,8.0
x24_15.800,8.0
x24_15.900,8.0
x24_16.000,8.0
x24_16.100,8.0
x24_16.200,8.0
x24_16.300,8.0
x24_16.400,8.0
x24_16.500,8.0
x24_16.600,8.0
x24_16.700,8.0
x24_16.800,8.0
x24_16.900,8.0
x24_17.000,8.0
x24_17.100,8.0
x24_17.200,8.0
x24_17.300,8.0
x24_17.400,8.0
x24_17.500,8.0
x24_17.600,8.0
x24_17.700,8.0
x24_17.800,8.0
x24_17.900,8.0
x24_18.000,8.0
x24_18.100,8.0
x24_18.200,8.0
x24_18.300,8.0
x24_18.400,8.0
x24_18.500,8.0
x24_18.600,8.0
x24_18.700,8.0
x24_18.800,8.0
x24_18.900,8.0
x24_19.000,8.0
x24_19.100,8.0
x24_19.200,8.0
x24_19.300,8.0
x24_19.400,8.0
x24_19.500,8.0
x24_19.600,8.0
x24_19.700,8.0
x24_19.800,8.0
x24_19.900,8.0
x25_00.000,8.0
x25_00.100,8.0
x25_00.200,8.0
x25_00.300,8.0
x25_00.400,8.0
x25_00.500,8.0
x25_00.600,8.0
x25_00.700,8.0
x25_00.800,8.0
x25_00.900,8.0
x25_01.000,8.0
x25_01.100,8.0
x25_01.200,8.0
x25_01.300,8.0
x25_01.400,8.0
x25_01.500,8.0
x25_01.600,8.0
x25_01.700,8.0
x25_01.800,8.0
x25_01.900,8.0
x25_02.000,8.0
x25_02.100,8.0
x25_02.200,8.0
x25_02.300,8.0
x25_02.400,8.0
x25_02.500,8.0
x25_02.600,8.0
x25_02.700,8.0
x25_02.800,8.0
x25_02.900,8.0
x25_03.000,8.0
x25_03.100,8.0
x25_03.200,8.0
x25_03.300,8.0
x25_03.400,8.0
x25_03.500,8.0
x25_03.600,8.0
x25_03.700,8.0
x25_03.800,8.0
x25_03.900,8.0
x25_04.000,8.0
x25_04.100,8.0
x25_04.200,8.0
x25_04.300,8.0
x25_04.400,8.0
x25_04.500,8.0
x25_04.600,8.0
x25_04.700,8.0
x25_04.800,8.0
x25_04.900,8.0
x25_05.000,8.0
x25_05.100,8.0
x25_05.200,8.0
x25_05.300,8.0
x25_05.400,8.0
x25_05.500,8.0
x25_05.600,8.0
x25_05.700,8.0
x25_05.800,8.0
x25_05.900,8.0
x25_06.000,8.0
x25_06.100,8.0
x25_06.200,8.0
x25_06.300,8.0
x25_06.400,8.0
x25_06.500,8.0
x25_06.600,8.0
x25_06.700,8.0
x25_06.800,8.0
x25_06.900,8.0
x25_07.000,8.0
x25_07.100,8.0
x25_07.200,8.0
x25_07.300,8.0
x25_07.400,8.0
x25_07.500,8.0
x25_07.600,8.0
x25_07.700,8.0
x25_07.800,8.0
x25_07.900,8.0
x25_08.000,8.0
x25_08.100,8.0
x25_08.200,8.0
x25_08.300,8.0
x25_08.400,8.0
x25_08.500,8.0
x25_08.600,8.0
x25_08.700,8.0
x25_08.800,8.0
x25_08.900,8.0
x25_09.000,8.0
x25_09.100,8.0
x25_09.200,8.0
x25_09.300,8.0
x25_09.400,8.0
x25_09.500,8.0
x25_09.600,8.0
x25_09.700,8.0
x25_09.800,8.0
x25_09.900,8.0
x25_10.000,8.0
x25_10.100,8.0
x25_10.200,8.0
x25_10.300,8.0
x25_10.400,8.0
x25_10.500,8.0
x25_10.600,8.0
x25_10.700,8.0
x25_10.800,8.0
x25_10.900,8.0
x25_11.000,8.0
x25_11.100,8.0
x25_11.200,8.0
x25_11.300,8.0
x25_11.400,8.0
x25_11.500,8.0
x25_11.600,8.0
x25_11.700,8.0
x25_11.800,8.0
x25_11.900,8.0
x25_12.000,8.0
x25_12.100,8.0
x25_12.200,8.0
x25_12.300,8.0
x25_12.400,8.0
x25_12.500,8.0
x25_12.600,8.0
x25_12.700,8.0
x25_12.800,8.0
x25_12.900,8.0
x25_13.000,8.0
x25_13.100,8.0
x25_13.200,8.0
x25_13.300,8.0
x25_13.400,8.0
x25_13.500,8.0
x25_13.600,8.0
x25_13.700,8.0
x25_13.800,8.0
x25_13.900,8.0
x25_14.000,8.0
x25_14.100,8.0
x25_14.200,8.0
x25_14.300,8.0
x25_14.400,8.0
x25_14.500,8.0
x25_14.600,8.0
x25_14.700,8.0
x25_14.800,8.0
x25_14.900,8.0
x25_15.000,8.0
x25_15.100,8.0
x25_15.200,8.0
x25_15.300,8.0
x25_15.400,8.0
x25_15.500,8.0
x25_15.600,8.0
x25_15.700,8.0
x25_15.800,8.0
x25_15.900,8.0
x25_16.000,8.0
x25_16.100,8.0
x25_16.200,8.0
x25_16.300,8.0
x25_16.400,8.0
x25_16.500,8.0
x25_16.600,8.0
x25_16.700,8.0
x25_16.800,8.0
x25_16.900,8.0
x25_17.000,8.0
x25_17.100,8.0
x25_17.200,8.0
x25_17.300,8.0
x25_17.400,8.0
x25_17.500,8.0
x25_17.600,8.0
x25_17.700,8.0
x25_17.800,8.0
x25_17.900,8.0
x25_18.000,8.0
x25_18.100,8.0
x25_18.200,8.0
x25_18.300,8.0
x25_18.400,8.0
x25_18.500,8.0
x25_18.600,8.0
x25_18.700,8.0
x25_18.800,8.0
x25_18.900,8.0
x25_19.000,8.0
x25_19.100,8.0
x25_19.200,8.0
x25_19.300,8.0
x25_19.400,8.0
x25_19.500,8.0
x25_19.600,8.0
x25_19.700,8.0
x25_19.800,8.0
x25_19.900,8.0
x26_00.000,8.0
x26_00.100,8.0
x26_00.200,8.0
x26_00.300,8.0
x26_00.400,8.0
x26_00.500,8.0
x26_00.600,8.0
x26_00.700,8.0
x26_00.800,8.0
x26_00.900,8.0
x26_01.000,8.0
x26_01.100,8.0
x26_01.200,8.0
x26_01.300,8.0
x26_01.400,8.0
x26_01.500,8.0
x26_01.600,8.0
x26_01.700,8.0
x26_01.800,8.0
x26_01.900,8.0
x26_02.000,8.0
x26_02.100,8.0
x26_02.200,8.0
x26_02.300,8.0
x26_02.400,8.0
x26_02.500,8.0
x26_02.600,8.0
x26_02.700,8.0
x26_02.800,8.0
x26_02.900,8.0
x26_03.000,8.0
x26_03.100,8.0
x26_03.200,8.0
x26_03.300,8.0
x26_03.400,8.0
x26_03.500,8.0
x26_03.600,8.0
x26_03.700,8.0
x26_03.800,8.0
x26_03.900,8.0
x26_04.000,8.0
x26_04.100,8.0
x26_04.200,8.0
x26_04.300,8.0
x26_04.400,8.0
x26_04.500,8.0
x26_04.600,8.0
x26_04.700,8.0
x26_04.800,8.0
x26_04.900,8.0
x26_05.000,8.0
x26_05.100,8.0
x26_05.200,8.0
x26_05.300,8.0
x26_05.400,8.0
x26_05.500,8.0
x26_05.600,8.0
x26_05.700,8.0
x26_05.800,8.0
x26_05.900,8.0
x26_06.000,8.0
x26_06.100,8.0
x26_06.200,8.0
x26_06.300,8.0
x26_06.400,8.0
x26_06.500,8.0
x26_06.600,8.0
x26_06.700,8.0
x26_06.800,8.0
x26_06.900,8.0
x26_07.000,8.0
x26_07.100,8.0
x26_07.200,8.0
x26_07.300,8.0
x26_07.400,8.0
x26_07.500,8.0
x26_07.600,8.0
x26_07.700,8.0
x26_07.800,8.0
x26_07.900,8.0
x26_08.000,8.0
x26_08.100,8.0
x26_08.200,8.0
x26_08.300,8.0
x26_08.400,8.0
x26_08.500,8.0
x26_08.600,8.0
x26_08.700,8.0
x26_08.800,8.0
x26_08.900,8.0
x26_09.000,8.0
x26_09.100,8.0
x26_09.200,8.0
x26_09.300,8.0
x26_09.400,8.0
x26_09.500,8.0
x26_09.600,8.0
x26_09.700,8.0
x26_09.800,8.0
x26_09.900,8.0
x26_10.000,8.0
x26_10.100,8.0
x26_10.200,8.0
x26_10.300,8.0
x26_10.400,8.0
x26_10.500,8.0
x26_10.600,8.0
x26_10.700,8.0
x26_10.800,8.0
x26_10.900,8.0
x26_11.000,8.0
x26_11.100,8.0
x26_11.200,8.0
x26_11.300,8.0
x26_11.400,8.0
x26_11.500,8.0
x26_11.600,8.0
x26_11.700,8.0
x26_11.800,8.0
x26_11.900,8.0
x26_12.000,8.0
x26_12.100,8.0
x26_12.200,8.0
x26_12.300,8.0
x26_12.400,8.0
x26_12.500,8.0
x26_12.600,8.0
x26_12.700,8.0
x26_12.800,8.0
x26_12.900,8.0
x26_13.000,8.0
x26_13.100,8.0
x26_13.200,8.0
x26_13.300,8.0
x26_13.400,8.0
x26_13.500,8.0
x26_13.600,8.0
x26_13.700,8.0
x26_13.800,8.0
x26_13.900,8.0
x26_14.000,8.0
x26_14.100,8.0
x26_14.200,8.0
x26_14.300,8.0
x26_14.400,8.0
x26_14.500,8.0
x26_14.600,8.0
x26_14.700,8.0
x26_14.800,8.0
x26_14.900,8.0
x26_15.000,8.0
x26_15.100,8.0
x26_15.200,8.0
x26_15.300,8.0
x26_15.400,8.0
x26_15.500,8.0
x26_15.600,8.0
x26_15.700,8.0
x26_15.800,8.0
x26_15.900,8.0
x26_16.000,8.0
x26_16.100,8.0
x26_16.200,8.0
x26_16.300,8.0
x26_16.400,8.0
x26_16.500,8.0
x26_16.600,8.0
x26_16.700,8.0
x26_16.800,8.0
x26_16.900,8.0
x26_17.000,8.0
x26_17.100,8.0
x26_17.200,8.0
x26_17.300,8.0
x26_17.400,8.0
x26_17.500,8.0
x26_17.600,8.0
x26_17.700,8.0
x26_17.800,8.0
x26_17.900,8.0
x26_18.000,8.0
x26_18.100,8.0
x26_18.200,8.0
x26_18.300,8.0
x26_18.400,8.0
x26_18.500,8.0
x26_18.600,8.0
x26_18.700,8.0
x26_18.800,8.0
x26_18.900,8.0
x26_19.000,8.0
x26_19.100,8.0
x26_19.200,8.0
x26_19.300,8.0
x26_19.400,8.0
x26_19.500,8.0
x26_19.600,8.0
x26_19.700,8.0
x26_19.800,8.0
x26_19.900,8.0
x27_00.000,8.0
x27_00.100,8.0
x27_00.200,8.0
x27_00.300,8.0
x27_00.400,8.0
x27_00.500,8.0
x27_00.600,8.0
x27_00.700,8.0
x27_00.800,8.0
x27_00.900,8.0
x27_01.000,8.0
x27_01.100,8.0
x27_01.200,8.0
x27_01.300,8.0
x27_01.400,8.0
x27_01.500,8.0
x27_01.600,8.0
x27_01.700,8.0
x27_01.800,8.0
x27_01.900,8.0
x27_02.000,8.0
x27_02.100,8.0
x27_02.200,8.0
x27_02.300,8.0
x27_02.400,8.0
x27_02.500,8.0
x27_02.600,8.0
x27_02.700,8.0
x27_02.800,8.0
x27_02.900,8.0
x27_03.000,8.0
x27_03.100,8.0
x27_03.200,8.0
x27_03.300,8.0
x27_03.400,8.0
x27_03.500,8.0
x27_03.600,8.0
x27_03.700,8.0
x27_03.800,8.0
x27_03.900,8.0
x27_04.000,8.0
x27_04.100,8.0
x27_04.200,8.0
x27_04.300,8.0
x27_04.400,8.0
x27_04.500,8.0
x27_04.600,8.0
x27_04.700,8.0
x27_04.800,8.0
x27_04.900,8.0
x27_05.000,8.0
x27_05.100,8.0
x27_05.200,8.0
x27_05.300,8.0
x27_05.400,8.0
x27_05.500,8.0
x27_05.600,8.0
x27_05.700,8.0
x27_05.800,8.0
x27_05.900,8.0
x27_06.000,8.0
x27_06.100,8.0
x27_06.200,8.0
x27_06.300,8.0
x27_06.400,8.0
x27_06.500,8.0
x27_06.600,8.0
x27_06.700,8.0
x27_06.800,8.0
x27_06.900,8.0
x27_07.000,8.0
x27_07.100,8.0
x27_07.200,8.0
x27_07.300,8.0
x27_07.400,8.0
x27_07.500,8.0
x27_07.600,8.0
x27_07.700,8.0
x27_07.800,8.0
x27_07.900,8.0
x27_08.000,8.0
x27_08.100,8.0
x27_08.200,8.0
x27_08.300,8.0
x27_08.400,8.0
x27_08.500,8.0
x27_08.600,8.0
x27_08.700,8.0
x27_08.800,8.0
x27_08.900,8.0
x27_09.000,8.0
x27_09.100,8.0
x27_09.200,8.0
x27_09.300,8.0
x27_09.400,8.0
x27_09.500,8.0
x27_09.600,8.0
x27_09.700,8.0
x27_09.800,8.0
x27_09.900,8.0
x27_10.000,8.0
x27_10.100,8.0
x27_10.200,8.0
x27_10.300,8.0
x27_10.400,8.0
x27_10.500,8.0
x27_10.600,8.0
x27_10.700,8.0
x27_10.800,8.0
x27_10.900,8.0
x27_11.000,8.0
x27_11.100,8.0
x27_11.200,8.0
x27_11.300,8.0
x27_11.400,8.0
x27_11.500,8.0
x27_11.600,8.0
x27_11.700,8.0
x27_11.800,8.0
x27_11.900,8.0
x27_12.000,8.0
x27_12.100,8.0
x27_12.200,8.0
x27_12.300,8.0
x27_12.400,8.0
x27_12.500,8.0
x27_12.600,8.0
x27_12.700,8.0
x27_12.800,8.0
x27_12.900,8.0
x27_13.000,8.0
x27_13.100,8.0
x27_13.200,8.0
x27_13.300,8.0
x27_13.400,8.0
x27_13.500,8.0
x27_13.600,8.0
x27_13.700,8.0
x27_13.800,8.0
x27_13.900,8.0
x27_14.000,8.0
x27_14.100,8.0
x27_14.200,8.0
x27_14.300,8.0
x27_14.400,8.0
x27_14.500,8.0
x27_14.600,8.0
x27_14.700,8.0
x27_14.800,8.0
x27_14.900,8.0
x27_15.000,8.0
x27_15.100,8.0
x27_15.200,8.0
x27_15.300,8.0
x27_15.400,8.0
x27_15.500,8.0
x27_15.600,8.0
x27_15.700,8.0
x27_15.800,8.0
x27_15.900,8.0
x27_16.000,8.0
x27_16.100,8.0
x27_16.200,8.0
x27_16.300,8.0
x27_16.400,8.0
x27_16.500,8.0
x27_16.600,8.0
x27_16.700,8.0
x27_16.800,8.0
x27_16.900,8.0
x27_17.000,8.0
x27_17.100,8.0
x27_17.200,8.0
x27_17.300,8.0
x27_17.400,8.0
x27_17.500,8.0
x27_17.600,8.0
x27_17.700,8.0
x27_17.800,8.0
x27_17.900,8.0
x27_18.000,8.0
x27_18.100,8.0
x27_18.200,8.0
x27_18.300,8.0
x27_18.400,8.0
x27_18.500,8.0
x27_18.600,8.0
x27_18.700,8.0
x27_18.800,8.0
x27_18.900,8.0
x27_19.000,8.0
x27_19.100,8.0
x27_19.200,8.0
x27_19.300,8.0
x27_19.400,8.0
x27_19.500,8.0
x27_19.600,8.0
x27_19.700,8.0
x27_19.800,8.0
x27_19.900,8.0
x28_00.000,8.0
x28_00.100,8.0
x28_00.200,8.0
x28_00.300,8.0
x28_00.400,8.0
x28_00.500,8.0
x28_00.600,8.0
x28_00.700,8.0
x28_00.800,8.0
x28_00.900,8.0
x28_01.000,8.0
x28_01.100,8.0
x28_01.200,8.0
x28_01.300,8.0
x28_01.400,8.0
x28_01.500,8.0
x28_01.600,8.0
x28_01.700,8.0
x28_01.800,8.0
x28_01.900,8.0
x28_02.000,8.0
x28_02.100,8.0
x28_02.200,8.0
x28_02.300,8.0
x28_02.400,8.0
x28_02.500,8.0
x28_02.600,8.0
x28_02.700,8.0
x28_02.800,8.0
x28_02.900,8.0
x28_03.000,8.0
x28_03.100,8.0
x28_03.200,8.0
x28_03.300,8.0
x28_03.400,8.0
x28_03.500,8.0
x28_03.600,8.0
x28_03.700,8.0
x28_03.800,8.0
x28_03.900,8.0
x28_04.000,8.0
x28_04.100,8.0
x28_04.200,8.0
x28_04.300,8.0
x28_04.400,8.0
x28_04.500,8.0
x28_04.600,8.0
x28_04.700,8.0
x28_04.800,8.0
x28_04.900,8.0
x28_05.000,8.0
x28_05.100,8.0
x28_05.200,8.0
x28_05.300,8.0
x28_05.400,8.0
x28_05.500,8.0
x28_05.600,8.0
x28_05.700,8.0
x28_05.800,8.0
x28_05.900,8.0
x28_06.000,8.0
x28_06.100,8.0
x28_06.200,8.0
x28_06.300,8.0
x28_06.400,8.0
x28_06.500,8.0
x28_06.600,8.0
x28_06.700,8.0
x28_06.800,8.0
x28_06.900,8.0
x28_07.000,8.0
x28_07.100,8.0
x28_07.200,8.0
x28_07.300,8.0
x28_07.400,8.0
x28_07.500,8.0
x28_07.600,8.0
x28_07.700,8.0
x28_07.800,8.0
x28_07.900,8.0
x28_08.000,8.0
x28_08.100,8.0
x28_08.200,8.0
x28_08.300,8.0
x28_08.400,8.0
x28_08.500,8.0
x28_08.600,8.0
x28_08.700,8.0
x28_08.800,8.0
x28_08.900,8.0
x28_09.000,8.0
x28_09.100,8.0
x28_09.200,8.0
x28_09.300,8.0
x28_09.400,8.0
x28_09.500,8.0
x28_09.600,8.0
x28_09.700,8.0
x28_09.800,8.0
x28_09.900,8.0
x28_10.000,8.0
x28_10.100,8.0
x28_10.200,8.0
x28_10.300,8.0
x28_10.400,8.0
x28_10.500,8.0
x28_10.600,8.0
x28_10.700,8.0
x28_10.800,8.0
x28_10.900,8.0
x28_11.000,8.0
x28_11.100,8.0
x28_11.200,8.0
x28_11.300,8.0
x28_11.400,8.0
x28_11.500,8.0
x28_11.600,8.0
x28_11.700,8.0
x28_11.800,8.0
x28_11.900,8.0
x28_12.000,8.0
x28_12.100,8.0
x28_12.200,8.0
x28_12.300,8.0
x28_12.400,8.0
x28_12.500,8.0
x28_12.600,8.0
x28_12.700,8.0
x28_12.800,8.0
x28_12.900,8.0
x28_13.000,8.0
x28_13.100,8.0
x28_13.200,8.0
x28_13.300,8.0
x28_13.400,8.0
x28_13.500,8.0
x28_13.600,8.0
x28_13.700,8.0
x28_13.800,8.0
x28_13.900,8.0
x28_14.000,8.0
x28_14.100,8.0
x28_14.200,8.0
x28_14.300,8.0
x28_14.400,8.0
x28_14.500,8.0
x28_14.600,8.0
x28_14.700,8.0
x28_14.800,8.0
x28_14.900,8.0
x28_15.000,8.0
x28_15.100,8.0
x28_15.200,8.0
x28_15.300,8.0
x28_15.400,8.0
x28_15.500,8.0
x28_15.600,8.0
x28_15.700,8.0
x28_15.800,8.0
x28_15.900,8.0
x28_16.000,8.0
x28_16.100,8.0
x28_16.200,8.0
x28_16.300,8.0
x28_16.400,8.0
x28_16.500,8.0
x28_16.600,8.0
x28_16.700,8.0
x28_16.800,8.0
x28_16.900,8.0
x28_17.000,8.0
x28_17.100,8.0
x28_17.200,8.0
x28_17.300,8.0
x28_17.400,8.0
x28_17.500,8.0
x28_17.600,8.0
x28_17.700,8.0
x28_17.800,8.0
x28_17.900,8.0
x28_18.000,8.0
x28_18.100,8.0
x28_18.200,8.0
x28_18.300,8.0
x28_18.400,8.0
x28_18.500,8.0
x28_18.600,8.0
x28_18.700,8.0
x28_18.800,8.0
x28_18.900,8.0
x28_19.000,8.0
x28_19.100,8.0
x28_19.200,8.0
x28_19.300,8.0
x28_19.400,8.0
x28_19.500,8.0
x28_19.600,8.0
x28_19.700,8.0
x28_19.800,8.0
x28_19.900,8.0
x29_00.000,8.0
x29_00.100,8.0
x29_00.200,8.0
x29_00.300,8.0
x29_00.400,8.0
x29_00.500,8.0
x29_00.600,8.0
x29_00.700,8.0
x29_00.800,8.0
x29_00.900,8.0
x29_01.000,8.0
x29_01.100,8.0
x29_01.200,8.0
x29_01.300,8.0
x29_01.400,8.0
x29_01.500,8.0
x29_01.600,8.0
x29_01.700,8.0
x29_01.800,8.0
x29_01.900,8.0
x29_02.000,8.0
x29_02.100,8.0
x29_02.200,8.0
x29_02.300,8.0
x29_02.400,8.0
x29_02.500,8.0
x29_02.600,8.0
x29_02.700,8.0
x29_02.800,8.0
x29_02.900,8.0
x29_03.000,8.0
x29_03.100,8.0
x29_03.200,8.0
x29_03.300,8.0
x29_03.400,8.0
x29_03.500,8.0
x29_03.600,8.0
x29_03.700,8.0
x29_03.800,8.0
x29_03.900,8.0
x29_04.000,8.0
x29_04.100,8.0
x29_04.200,8.0
x29_04.300,8.0
x29_04.400,8.0
x29_04.500,8.0
x29_04.600,8.0
x29_04.700,8.0
x29_04.800,8.0
x29_04.900,8.0
x29_05.000,8.0
x29_05.100,8.0
x29_05.200,8.0
x29_05.300,8.0
x29_05.400,8.0
x29_05.500,8.0
x29_05.600,8.0
x29_05.700,8.0
x29_05.800,8.0
x29_05.900,8.0
x29_06.000,8.0
x29_06.100,8.0
x29_06.200,8.0
x29_06.300,8.0
x29_06.400,8.0
x29_06.500,8.0
x29_06.600,8.0
x29_06.700,8.0
x29_06.800,8.0
x29_06.900,8.0
x29_07.000,8.0
x29_07.100,8.0
x29_07.200,8.0
x29_07.300,8.0
x29_07.400,8.0
x29_07.500,8.0
x29_07.600,8.0
x29_07.700,8.0
x29_07.800,8.0
x29_07.900,8.0
x29_08.000,8.0
x29_08.100,8.0
x29_08.200,8.0
x29_08.300,8.0
x29_08.400,8.0
x29_08.500,8.0
x29_08.600,8.0
x29_08.700,8.0
x29_08.800,8.0
x29_08.900,8.0
x29_09.000,8.0
x29_09.100,8.0
x29_09.200,8.0
x29_09.300,8.0
x29_09.400,8.0
x29_09.500,8.0
x29_09.600,8.0
x29_09.700,8.0
x29_09.800,8.0
x29_09.900,8.0
x29_10.000,8.0
x29_10.100,8.0
x29_10.200,8.0
x29_10.300,8.0
x29_10.400,8.0
x29_10.500,8.0
x29_10.600,8.0
x29_10.700,8.0
x29_10.800,8.0
x29_10.900,8.0
x29_11.000,8.0
x29_11.100,8.0
x29_11.200,8.0
x29_11.300,8.0
x29_11.400,8.0
x29_11.500,8.0
x29_11.600,8.0
x29_11.700,8.0
x29_11.800,8.0
x29_11.900,8.0
x29_12.000,8.0
x29_12.100,8.0
x29_12.200,8.0
x29_12.300,8.0
x29_12.400,8.0
x29_12.500,8.0
x29_12.600,8.0
x29_12.700,8.0
x29_12.800,8.0
x29_12.900,8.0
x29_13.000,8.0
x29_13.100,8.0
x29_13.200,8.0
x29_13.300,8.0
x29_13.400,8.0
x29_13.500,8.0
x29_13.600,8.0
x29_13.700,8.0
x29_13.800,8.0
x29_13.900,8.0
x29_14.000,8.0
x29_14.100,8.0
x29_14.200,8.0
x29_14.300,8.0
x29_14.400,8.0
x29_14.500,8.0
x29_14.600,8.0
x29_14.700,8.0
x29_14.800,8.0
x29_14.900,8.0
x29_15.000,8.0
x29_15.100,8.0
x29_15.200,8.0
x29_15.300,8.0
x29_15.400,8.0
x29_15.500,8.0
x29_15.600,8.0
x29_15.700,8.0
x29_15.800,8.0
x29_15.900,8.0
x29_16.000,8.0
x29_16.100,8.0
x29_16.200,8.0
x29_16.300,8.0
x29_16.400,8.0
x29_16.500,8.0
x29_16.600,8.0
x29_16.700,8.0
x29_16.800,8.0
x29_16.900,8.0
x29_17.000,8.0
x29_17.100,8.0
x29_17.200,8.0
x29_17.300,8.0
x29_17.400,8.0
x29_17.500,8.0
x29_17.600,8.0
x29_17.700,8.0
x29_17.800,8.0
x29_17.900,8.0
x29_18.000,8.0
x29_18.100,8.0
x29_18.200,8.0
x29_18.300,8.0
x29_18.400,8.0
x29_18.500,8.0
x29_18.600,8.0
x29_18.700,8.0
x29_18.800,8.0
x29_18.900,8.0
x29_19.000,8.0
x29_19.100,8.0
x29_19.200,8.0
x29_19.300,8.0
x29_19.400,8.0
x29_19.500,8.0
x29_19.600,8.0
x29_19.700,8.0
x29_19.800,8.0
x29_19.900,8.0
x30_00.000,8.0
x30_00.100,8.0
x30_00.200,8.0
x30_00.300,8.0
x30_00.400,8.0
x30_00.500,8.0
x30_00.600,8.0
x30_00.700,8.0
x30_00.800,8.0
x30_00.900,8.0
x30_01.000,8.0
x30_01.100,8.0
x30_01.200,8.0
x30_01.300,8.0
x30_01.400,8.0
x30_01.500,8.0
x30_01.600,8.0
x30_01.700,8.0
x30_01.800,8.0
x30_01.900,8.0
x30_02.000,8.0
x30_02.100,8.0
x30_02.200,8.0
x30_02.300,8.0
x30_02.400,8.0
x30_02.500,8.0
x30_02.600,8.0
x30_02.700,8.0
x30_02.800,8.0
x30_02.900,8.0
x30_03.000,8.0
x30_03.100,8.0
x30_03.200,8.0
x30_03.300,8.0
x30_03.400,8.0
x30_03.500,8.0
x30_03.600,8.0
x30_03.700,8.0
x30_03.800,8.0
x30_03.900,8.0
x30_04.000,8.0
x30_04.100,8.0
x30_04.200,8.0
x30_04.300,8.0
x30_04.400,8.0
x30_04.500,8.0
x30_04.600,8.0
x30_04.700,8.0
x30_04.800,8.0
x30_04.900,8.0
x30_05.000,8.0
x30_05.100,8.0
x30_05.200,8.0
x30_05.300,8.0
x30_05.400,8.0
x30_05.500,8.0
x30_05.600,8.0
x30_05.700,8.0
x30_05.800,8.0
x30_05.900,8.0
x30_06.000,8.0
x30_06.100,8.0
x30_06.200,8.0
x30_06.300,8.0
x30_06.400,8.0
x30_06.500,8.0
x30_06.600,8.0
x30_06.700,8.0
x30_06.800,8.0
x30_06.900,8.0
x30_07.000,8.0
x30_07.100,8.0
x30_07.200,8.0
x30_07.300,8.0
x30_07.400,8.0
x30_07.500,8.0
x30_07.600,8.0
x30_07.700,8.0
x30_07.800,8.0
x30_07.900,8.0
x30_08.000,8.0
x30_08.100,8.0
x30_08.200,8.0
x30_08.300,8.0
x30_08.400,8.0
x30_08.500,8.0
x30_08.600,8.0
x30_08.700,8.0
x30_08.800,8.0
x30_08.900,8.0
x30_09.000,8.0
x30_09.100,8.0
x30_09.200,8.0
x30_09.300,8.0
x30_09.400,8.0
x30_09.500,8.0
x30_09.600,8.0
x30_09.700,8.0
x30_09.800,8.0
x30_09.900,8.0
x30_10.000,8.0
x30_10.100,8.0
x30_10.200,8.0
x30_10.300,8.0
x30_10.400,8.0
x30_10.500,8.0
x30_10.600,8.0
x30_10.700,8.0
x30_10.800,8.0
x30_10.900,8.0
x30_11.000,8.0
x30_11.100,8.0
x30_11.200,8.0
x30_11.300,8.0
x30_11.400,8.0
x30_11.500,8.0
x30_11.600,8.0
x30_11.700,8.0
x30_11.800,8.0
x30_11.900,8.0
x30_12.000,8.0
x30_12.100,8.0
x30_12.200,8.0
x30_12.300,8.0
x30_12.400,8.0
x30_12.500,8.0
x30_12.600,8.0
x30_12.700,8.0
x30_12.800,8.0
x30_12.900,8.0
x30_13.000,8.0
x30_13.100,8.0
x30_13.200,8.0
x30_13.300,8.0
x30_13.400,8.0
x30_13.500,8.0
x30_13.600,8.0
x30_13.700,8.0
x30_13.800,8.0
x30_13.900,8.0
x30_14.000,8.0
x30_14.100,8.0
x30_14.200,8.0
x30_14.300,8.0
x30_14.400,8.0
x30_14.500,8.0
x30_14.600,8.0
x30_14.700,8.0
x30_14.800,8.0
x30_14.900,8.0
x30_15.000,8.0
x30_15.100,8.0
x30_15.200,8.0
x30_15.300,8.0
x30_15.400,8.0
x30_15.500,8.0
x30_15.600,8.0
x30_15.700,8.0
x30_15.800,8.0
x30_15.900,8.0
x30_16.000,8.0
x30_16.100,8.0
x30_16.200,8.0
x30_16.300,8.0
x30_16.400,8.0
x30_16.500,8.0
x30_16.600,8.0
x30_16.700,8.0
x30_16.800,8.0
x30_16.900,8.0
x30_17.000,8.0
x30_17.100,8.0
x30_17.200,8.0
x30_17.300,8.0
x30_17.400,8.0
x30_17.500,8.0
x30_17.600,8.0
x30_17.700,8.0
x30_17.800,8.0
x30_17.900,8.0
x30_18.000,8.0
x30_18.100,8.0
x30_18.200,8.0
x30_18.300,8.0
x30_18.400,8.0
x30_18.500,8.0
x30_18.600,8.0
x30_18.700,8.0
x30_18.800,8.0
x30_18.900,8.0
x30_19.000,8.0
x30_19.100,8.0
x30_19.200,8.0
x30_19.300,8.0
x30_19.400,8.0
x30_19.500,8.0
x30_19.600,8.0
x30_19.700,8.0
x30_19.800,8.0
x30_19.900,8.0
x31_00.000,8.0
x31_00.100,8.0
x31_00.200,8.0
x31_00.300,8.0
x31_00.400,8.0
x31_00.500,8.0
x31_00.600,8.0
x31_00.700,8.0
x31_00.800,8.0
x31_00.900,8.0
x31_01.000,8.0
x31_01.100,8.0
x31_01.200,8.0
x31_01.300,8.0
x31_01.400,8.0
x31_01.500,8.0
x31_01.600,8.0
x31_01.700,8.0
x31_01.800,8.0
x31_01.900,8.0
x31_02.000,8.0
x31_02.100,8.0
x31_02.200,8.0
x31_02.300,8.0
x31_02.400,8.0
x31_02.500,8.0
x31_02.600,8.0
x31_02.700,8.0
x31_02.800,8.0
x31_02.900,8.0
x31_03.000,8.0
x31_03.100,8.0
x31_03.200,8.0
x31_03.300,8.0
x31_03.400,8.0
x31_03.500,8.0
x31_03.600,8.0
x31_03.700,8.0
x31_03.800,8.0
x31_03.900,8.0
x31_04.000,8.0
x31_04.100,8.0
x31_04.200,8.0
x31_04.300,8.0
x31_04.400,8.0
x31_04.500,8.0
x31_04.600,8.0
x31_04.700,8.0
x31_04.800,8.0
x31_04.900,8.0
x31_05.000,8.0
x31_05.100,8.0
x31_05.200,8.0
x31_05.300,8.0
x31_05.400,8.0
x31_05.500,8.0
x31_05.600,8.0
x31_05.700,8.0
x31_05.800,8.0
x31_05.900,8.0
x31_06.000,8.0
x31_06.100,8.0
x31_06.200,8.0
x31_06.300,8.0
x31_06.400,8.0
x31_06.500,8.0
x31_06.600,8.0
x31_06.700,8.0
x31_06.800,8.0
x31_06.900,8.0
x31_07.000,8.0
x31_07.100,8.0
x31_07.200,8.0
x31_07.300,8.0
x31_07.400,8.0
x31_07.500,8.0
x31_07.600,8.0
x31_07.700,8.0
x31_07.800,8.0
x31_07.900,8.0
x31_08.000,8.0
x31_08.100,8.0
x31_08.200,8.0
x31_08.300,8.0
x31_08.400,8.0
x31_08.500,8.0
x31_08.600,8.0
x31_08.700,8.0
x31_08.800,8.0
x31_08.900,8.0
x31_09.000,8.0
x31_09.100,8.0
x31_09.200,8.0
x31_09.300,8.0
x31_09.400,8.0
x31_09.500,8.0
x31_09.600,8.0
x31_09.700,8.0
x31_09.800,8.0
x31_09.900,8.0
x31_10.000,8.0
x31_10.100,8.0
x31_10.200,8.0
x31_10.300,8.0
x31_10.400,8.0
x31_10.500,8.0
x31_10.600,8.0
x31_10.700,8.0
x31_10.800,8.0
x31_10.900,8.0
x31_11.000,8.0
x31_11.100,8.0
x31_11.200,8.0
x31_11.300,8.0
x31_11.400,8.0
x31_11.500,8.0
x31_11.600,8.0
x31_11.700,8.0
x31_11.800,8.0
x31_11.900,8.0
x31_12.000,8.0
x31_12.100,8.0
x31_12.200,8.0
x31_12.300,8.0
x31_12.400,8.0
x31_12.500,8.0
x31_12.600,8.0
x31_12.700,8.0
x31_12.800,8.0
x31_12.900,8.0
x31_13.000,8.0
x31_13.100,8.0
x31_13.200,8.0
x31_13.300,8.0
x31_13.400,8.0
x31_13.500,8.0
x31_13.600,8.0
x31_13.700,8.0
x31_13.800,8.0
x31_13.900,8.0
x31_14.000,8.0
x31_14.100,8.0
x31_14.200,8.0
x31_14.300,8.0
x31_14.400,8.0
x31_14.500,8.0
x31_14.600,8.0
x31_14.700,8.0
x31_14.800,8.0
x31_14.900,8.0
x31_15.000,8.0
x31_15.100,8.0
x31_15.200,8.0
x31_15.300,8.0
x31_15.400,8.0
x31_15.500,8.0
x31_15.600,8.0
x31_15.700,8.0
x31_15.800,8.0
x31_15.900,8.0
x31_16.000,8.0
x31_16.100,8.0
x31_16.200,8.0
x31_16.300,8.0
x31_16.400,8.0
x31_16.500,8.0
x31_16.600,8.0
x31_16.700,8.0
x31_16.800,8.0
x31_16.900,8.0
x31_17.000,8.0
x31_17.100,8.0
x31_17.200,8.0
x31_17.300,8.0
x31_17.400,8.0
x31_17.500,8.0
x31_17.600,8.0
x31_17.700,8.0
x31_17.800,8.0
x31_17.900,8.0
x31_18.000,8.0
x31_18.100,8.0
x31_18.200,8.0
x31_18.300,8.0
x31_18.400,8.0
x31_18.500,8.0
x31_18.600,8.0
x31_18.700,8.0
x31_18.800,8.0
x31_18.900,8.0
x31_19.000,8.0
x31_19.100,8.0
x31_19.200,8.0
x31_19.300,8.0
x31_19.400,8.0
x31_19.500,8.0
x31_19.600,8.0
x31_19.700,8.0
x31_19.800,8.0
x31_19.900,8.0
x32_00.000,8.0
x32_00.100,8.0
x32_00.200,8.0
x32_00.300,8.0
x32_00.400,8.0
x32_00.500,8.0
x32_00.600,8.0
x32_00.700,8.0
x32_00.800,8.0
x32_00.900,8.0
x32_01.000,8.0
x32_01.100,8.0
x32_01.200,8.0
x32_01.300,8.0
x32_01.400,8.0
x32_01.500,8.0
x32_01.600,8.0
x32_01.700,8.0
x32_01.800,8.0
x32_01.900,8.0
x32_02.000,8.0
x32_02.100,8.0
x32_02.200,8.0
x32_02.300,8.0
x32_02.400,8.0
x32_02.500,8.0
x32_02.600,8.0
x32_02.700,8.0
x32_02.800,8.0
x32_02.900,8.0
x32_03.000,8.0
x32_03.100,8.0
x32_03.200,8.0
x32_03.300,8.0
x32_03.400,8.0
x32_03.500,8.0
x32_03.600,8.0
x32_03.700,8.0
x32_03.800,8.0
x32_03.900,8.0
x32_04.000,8.0
x32_04.100,8.0
x32_04.200,8.0
x32_04.300,8.0
x32_04.400,8.0
x32_04.500,8.0
x32_04.600,8.0
x32_04.700,8.0
x32_04.800,8.0
x32_04.900,8.0
x32_05.000,8.0
x32_05.100,8.0
x32_05.200,8.0
x32_05.300,8.0
x32_05.400,8.0
x32_05.500,8.0
x32_05.600,8.0
x32_05.700,8.0
x32_05.800,8.0
x32_05.900,8.0
x32_06.000,8.0
x32_06.100,8.0
x32_06.200,8.0
x32_06.300,8.0
x32_06.400,8.0
x32_06.500,8.0
x32_06.600,8.0
x32_06.700,8.0
x32_06.800,8.0
x32_06.900,8.0
x32_07.000,8.0
x32_07.100,8.0
x32_07.200,8.0
x32_07.300,8.0
x32_07.400,8.0
x32_07.500,8.0
x32_07.600,8.0
x32_07.700,8.0
x32_07.800,8.0
x32_07.900,8.0
x32_08.000,8.0
x32_08.100,8.0
x32_08.200,8.0
x32_08.300,8.0
x32_08.400,8.0
x32_08.500,8.0
x32_08.600,8.0
x32_08.700,8.0
x32_08.800,8.0
x32_08.900,8.0
x32_09.000,8.0
x32_09.100,8.0
x32_09.200,8.0
x32_09.300,8.0
x32_09.400,8.0
x32_09.500,8.0
x32_09.600,8.0
x32_09.700,8.0
x32_09.800,8.0
x32_09.900,8.0
x32_10.000,8.0
x32_10.100,8.0
x32_10.200,8.0
x32_10.300,8.0
x32_10.400,8.0
x32_10.500,8.0
x32_10.600,8.0
x32_10.700,8.0
x32_10.800,8.0
x32_10.900,8.0
x32_11.000,8.0
x32_11.100,8.0
x32_11.200,8.0
x32_11.300,8.0
x32_11.400,8.0
x32_11.500,8.0
x32_11.600,8.0
x32_11.700,8.0
x32_11.800,8.0
x32_11.900,8.0
x32_12.000,8.0
x32_12.100,8.0
x32_12.200,8.0
x32_12.300,8.0
x32_12.400,8.0
x32_12.500,8.0
x32_12.600,8.0
x32_12.700,8.0
x32_12.800,8.0
x32_12.900,8.0
x32_13.000,8.0
x32_13.100,8.0
x32_13.200,8.0
x32_13.300,8.0
x32_13.400,8.0
x32_13.500,8.0
x32_13.600,8.0
x32_13.700,8.0
x32_13.800,8.0
x32_13.900,8.0
x32_14.000,8.0
x32_14.100,8.0
x32_14.200,8.0
x32_14.300,8.0
x32_14.400,8.0
x32_14.500,8.0
x32_14.600,8.0
x32_14.700,8.0
x32_14.800,8.0
x32_14.900,8.0
x32_15.000,8.0
x32_15.100,8.0
x32_15.200,8.0
x32_15.300,8.0
x32_15.400,8.0
x32_15.500,8.0
x32_15.600,8.0
x32_15.700,8.0
x32_15.800,8.0
x32_15.900,8.0
x32_16.000,8.0
x32_16.100,8.0
x32_16.200,8.0
x32_16.300,8.0
x32_16.400,8.0
x32_16.500,8.0
x32_16.600,8.0
x32_16.700,8.0
x32_16.800,8.0
x32_16.900,8.0
x32_17.000,8.0
x32_17.100,8.0
x32_17.200,8.0
x32_17.300,8.0
x32_17.400,8.0
x32_17.500,8.0
x32_17.600,8.0
x32_17.700,8.0
x32_17.800,8.0
x32_17.900,8.0
x32_18.000,8.0
x32_18.100,8.0
x32_18.200,8.0
x32_18.300,8.0
x32_18.400,8.0
x32_18.500,8.0
x32_18.600,8.0
x32_18.700,8.0
x32_18.800,8.0
x32_18.900,8.0
x32_19.000,8.0
x32_19.100,8.0
x32_19.200,8.0
x32_19.300,8.0
x32_19.400,8.0
x32_19.500,8.0
x32_19.600,8.0
x32_19.700,8.0
x32_19.800,8.0
x32_19.900,8.0
x33_00.000,8.0
x33_00.100,8.0
x33_00.200,8.0
x33_00.300,8.0
x33_00.400,8.0
x33_00.500,8.0
x33_00.600,8.0
x33_00.700,8.0
x33_00.800,8.0
x33_00.900,8.0
x33_01.000,8.0
x33_01.100,8.0
x33_01.200,8.0
x33_01.300,8.0
x33_01.400,8.0
x33_01.500,8.0
x33_01.600,8.0
x33_01.700,8.0
x33_01.800,8.0
x33_01.900,8.0
x33_02.000,8.0
x33_02.100,8.0
x33_02.200,8.0
x33_02.300,8.0
x33_02.400,8.0
x33_02.500,8.0
x33_02.600,8.0
x33_02.700,8.0
x33_02.800,8.0
x33_02.900,8.0
x33_03.000,8.0
x33_03.100,8.0
x33_03.200,8.0
x33_03.300,8.0
x33_03.400,8.0
x33_03.500,8.0
x33_03.600,8.0
x33_03.700,8.0
x33_03.800,8.0
x33_03.900,8.0
x33_04.000,8.0
x33_04.100,8.0
x33_04.200,8.0
x33_04.300,8.0
x33_04.400,8.0
x33_04.500,8.0
x33_04.600,8.0
x33_04.700,8.0
x33_04.800,8.0
x33_04.900,8.0
x33_05.000,8.0
x33_05.100,8.0
x33_05.200,8.0
x33_05.300,8.0
x33_05.400,8.0
x33_05.500,8.0
x33_05.600,8.0
x33_05.700,8.0
x33_05.800,8.0
x33_05.900,8.0
x33_06.000,8.0
x33_06.100,8.0
x33_06.200,8.0
x33_06.300,8.0
x33_06.400,8.0
x33_06.500,8.0
x33_06.600,8.0
x33_06.700,8.0
x33_06.800,8.0
x33_06.900,8.0
x33_07.000,8.0
x33_07.100,8.0
x33_07.200,8.0
x33_07.300,8.0
x33_07.400,8.0
x33_07.500,8.0
x33_07.600,8.0
x33_07.700,8.0
x33_07.800,8.0
x33_07.900,8.0
x33_08.000,8.0
x33_08.100,8.0
x33_08.200,8.0
x33_08.300,8.0
x33_08.400,8.0
x33_08.500,8.0
x33_08.600,8.0
x33_08.700,8.0
x33_08.800,8.0
x33_08.900,8.0
x33_09.000,8.0
x33_09.100,8.0
x33_09.200,8.0
x33_09.300,8.0
x33_09.400,8.0
x33_09.500,8.0
x33_09.600,8.0
x33_09.700,8.0
x33_09.800,8.0
x33_09.900,8.0
x33_10.000,8.0
x33_10.100,8.0
x33_10.200,8.0
x33_10.300,8.0
x33_10.400,8.0
x33_10.500,8.0
x33_10.600,8.0
x33_10.700,8.0
x33_10.800,8.0
x33_10.900,8.0
x33_11.000,8.0
x33_11.100,8.0
x33_11.200,8.0
x33_11.300,8.0
x33_11.400,8.0
x33_11.500,8.0
x33_11.600,8.0
x33_11.700,8.0
x33_11.800,8.0
x33_11.900,8.0
x33_12.000,8.0
x33_12.100,8.0
x33_12.200,8.0
x33_12.300,8.0
x33_12.400,8.0
x33_12.500,8.0
x33_12.600,8.0
x33_12.700,8.0
x33_12.800,8.0
x33_12.900,8.0
x33_13.000,8.0
x33_13.100,8.0
x33_13.200,8.0
x33_13.300,8.0
x33_13.400,8.0
x33_13.500,8.0
x33_13.600,8.0
x33_13.700,8.0
x33_13.800,8.0
x33_13.900,8.0
x33_14.000,8.0
x33_14.100,8.0
x33_14.200,8.0
x33_14.300,8.0
x33_14.400,8.0
x33_14.500,8.0
x33_14.600,8.0
x33_14.700,8.0
x33_14.800,8.0
x33_14.900,8.0
x33_15.000,8.0
x33_15.100,8.0
x33_15.200,8.0
x33_15.300,8.0
x33_15.400,8.0
x33_15.500,8.0
x33_15.600,8.0
x33_15.700,8.0
x33_15.800,8.0
x33_15.900,8.0
x33_16.000,8.0
x33_16.100,8.0
x33_16.200,8.0
x33_16.300,8.0
x33_16.400,8.0
x33_16.500,8.0
x33_16.600,8.0
x33_16.700,8.0
x33_16.800,8.0
x33_16.900,8.0
x33_17.000,8.0
x33_17.100,8.0
x33_17.200,8.0
x33_17.300,8.0
x33_17.400,8.0
x33_17.500,8.0
x33_17.600,8.0
x33_17.700,8.0
x33_17.800,8.0
x33_17.900,8.0
x33_18.000,8.0
x33_18.100,8.0
x33_18.200,8.0
x33_18.300,8.0
x33_18.400,8.0
x33_18.500,8.0
x33_18.600,8.0
x33_18.700,8.0
x33_18.800,8.0
x33_18.900,8.0
x33_19.000,8.0
x33_19.100,8.0
x33_19.200,8.0
x33_19.300,8.0
x33_19.400,8.0
x33_19.500,8.0
x33_19.600,8.0
x33_19.700,8.0
x33_19.800,8.0
x33_19.900,8.0
x34_00.000,8.0
x34_00.100,8.0
x34_00.200,8.0
x34_00.300,8.0
x34_00.400,8.0
x34_00.500,8.0
x34_00.600,8.0
x34_00.700,8.0
x34_00.800,8.0
x34_00.900,8.0
x34_01.000,8.0
x34_01.100,8.0
x34_01.200,8.0
x34_01.300,8.0
x34_01.400,8.0
x34_01.500,8.0
x34_01.600,8.0
x34_01.700,8.0
x34_01.800,8.0
x34_01.900,8.0
x34_02.000,8.0
x34_02.100,8.0
x34_02.200,8.0
x34_02.300,8.0
x34_02.400,8.0
x34_02.500,8.0
x34_02.600,8.0
x34_02.700,8.0
x34_02.800,8.0
x34_02.900,8.0
x34_03.000,8.0
x34_03.100,8.0
x34_03.200,8.0
x34_03.300,8.0
x34_03.400,8.0
x34_03.500,8.0
x34_03.600,8.0
x34_03.700,8.0
x34_03.800,8.0
x34_03.900,8.0
x34_04.000,8.0
x34_04.100,8.0
x34_04.200,8.0
x34_04.300,8.0
x34_04.400,8.0
x34_04.500,8.0
x34_04.600,8.0
x34_04.700,8.0
x34_04.800,8.0
x34_04.900,8.0
x34_05.000,8.0
x34_05.100,8.0
x34_05.200,8.0
x34_05.300,8.0
x34_05.400,8.0
x34_05.500,8.0
x34_05.600,8.0
x34_05.700,8.0
x34_05.800,8.0
x34_05.900,8.0
x34_06.000,8.0
x34_06.100,8.0
x34_06.200,8.0
x34_06.300,8.0
x34_06.400,8.0
x34_06.500,8.0
x34_06.600,8.0
x34_06.700,8.0
x34_06.800,8.0
x34_06.900,8.0
x34_07.000,8.0
x34_07.100,8.0
x34_07.200,8.0
x34_07.300,8.0
x34_07.400,8.0
x34_07.500,8.0
x34_07.600,8.0
x34_07.700,8.0
x34_07.800,8.0
x34_07.900,8.0
x34_08.000,8.0
x34_08.100,8.0
x34_08.200,8.0
x34_08.300,8.0
x34_08.400,8.0
x34_08.500,8.0
x34_08.600,8.0
x34_08.700,8.0
x34_08.800,8.0
x34_08.900,8.0
x34_09.000,8.0
x34_09.100,8.0
x34_09.200,8.0
x34_09.300,8.0
x34_09.400,8.0
x34_09.500,8.0
x34_09.600,8.0
x34_09.700,8.0
x34_09.800,8.0
x34_09.900,8.0
x34_10.000,8.0
x34_10.100,8.0
x34_10.200,8.0
x34_10.300,8.0
x34_10.400,8.0
x34_10.500,8.0
x34_10.600,8.0
x34_10.700,8.0
x34_10.800,8.0
x34_10.900,8.0
x34_11.000,8.0
x34_11.100,8.0
x34_11.200,8.0
x34_11.300,8.0
x34_11.400,8.0
x34_11.500,8.0
x34_11.600,8.0
x34_11.700,8.0
x34_11.800,8.0
x34_11.900,8.0
x34_12.000,8.0
x34_12.100,8.0
x34_12.200,8.0
x34_12.300,8.0
x34_12.400,8.0
x34_12.500,8.0
x34_12.600,8.0
x34_12.700,8.0
x34_12.800,8.0
x34_12.900,8.0
x34_13.000,8.0
x34_13.100,8.0
x34_13.200,8.0
x34_13.300,8.0
x34_13.400,8.0
x34_13.500,8.0
x34_13.600,8.0
x34_13.700,8.0
x34_13.800,8.0
x34_13.900,8.0
x34_14.000,8.0
x34_14.100,8.0
x34_14.200,8.0
x34_14.300,8.0
x34_14.400,8.0
x34_14.500,8.0
x34_14.600,8.0
x34_14.700,8.0
x34_14.800,8.0
x34_14.900,8.0
x34_15.000,8.0
x34_15.100,8.0
x34_15.200,8.0
x34_15.300,8.0
x34_15.400,8.0
x34_15.500,8.0
x34_15.600,8.0
x34_15.700,8.0
x34_15.800,8.0
x34_15.900,8.0
x34_16.000,8.0
x34_16.100,8.0
x34_16.200,8.0
x34_16.300,8.0
x34_16.400,8.0
x34_16.500,8.0
x34_16.600,8.0
x34_16.700,8.0
x34_16.800,8.0
x34_16.900,8.0
x34_17.000,8.0
x34_17.100,8.0
x34_17.200,8.0
x34_17.300,8.0
x34_17.400,8.0
x34_17.500,8.0
x34_17.600,8.0
x34_17.700,8.0
x34_17.800,8.0
x34_17.900,8.0
x34_18.000,8.0
x34_18.100,8.0
x34_18.200,8.0
x34_18.300,8.0
x34_18.400,8.0
x34_18.500,8.0
x34_18.600,8.0
x34_18.700,8.0
x34_18.800,8.0
x34_18.900,8.0
x34_19.000,8.0
x34_19.100,8.0
x34_19.200,8.0
x34_19.300,8.0
x34_19.400,8.0
x34_19.500,8.0
x34_19.600,8.0
x34_19.700,8.0
x34_19.800,8.0
x34_19.900,8.0
x35_00.000,8.0
x35_00.100,8.0
x35_00.200,8.0
x35_00.300,8.0
x35_00.400,8.0
x35_00.500,8.0
x35_00.600,8.0
x35_00.700,8.0
x35_00.800,8.0
x35_00.900,8.0
x35_01.000,8.0
x35_01.100,8.0
x35_01.200,8.0
x35_01.300,8.0
x35_01.400,8.0
x35_01.500,8.0
x35_01.600,8.0
x35_01.700,8.0
x35_01.800,8.0
x35_01.900,8.0
x35_02.000,8.0
x35_02.100,8.0
x35_02.200,8.0
x35_02.300,8.0
x35_02.400,8.0
x35_02.500,8.0
x35_02.600,8.0
x35_02.700,8.0
x35_02.800,8.0
x35_02.900,8.0
x35_03.000,8.0
x35_03.100,8.0
x35_03.200,8.0
x35_03.300,8.0
x35_03.400,8.0
x35_03.500,8.0
x35_03.600,8.0
x35_03.700,8.0
x35_03.800,8.0
x35_03.900,8.0
x35_04.000,8.0
x35_04.100,8.0
x35_04.200,8.0
x35_04.300,8.0
x35_04.400,8.0
x35_04.500,8.0
x35_04.600,8.0
x35_04.700,8.0
x35_04.800,8.0
x35_04.900,8.0
x35_05.000,8.0
x35_05.100,8.0
x35_05.200,8.0
x35_05.300,8.0
x35_05.400,8.0
x35_05.500,8.0
x35_05.600,8.0
x35_05.700,8.0
x35_05.800,8.0
x35_05.900,8.0
x35_06.000,8.0
x35_06.100,8.0
x35_06.200,8.0
x35_06.300,8.0
x35_06.400,8.0
x35_06.500,8.0
x35_06.600,8.0
x35_06.700,8.0
x35_06.800,8.0
x35_06.900,8.0
x35_07.000,8.0
x35_07.100,8.0
x35_07.200,8.0
x35_07.300,8.0
x35_07.400,8.0
x35_07.500,8.0
x35_07.600,8.0
x35_07.700,8.0
x35_07.800,8.0
x35_07.900,8.0
x35_08.000,8.0
x35_08.100,8.0
x35_08.200,8.0
x35_08.300,8.0
x35_08.400,8.0
x35_08.500,8.0
x35_08.600,8.0
x35_08.700,8.0
x35_08.800,8.0
x35_08.900,8.0
x35_09.000,8.0
x35_09.100,8.0
x35_09.200,8.0
x35_09.300,8.0
x35_09.400,8.0
x35_09.500,8.0
x35_09.600,8.0
x35_09.700,8.0
x35_09.800,8.0
x35_09.900,8.0
x35_10.000,8.0
x35_10.100,8.0
x35_10.200,8.0
x35_10.300,8.0
x35_10.400,8.0
x35_10.500,8.0
x35_10.600,8.0
x35_10.700,8.0
x35_10.800,8.0
x35_10.900,8.0
x35_11.000,8.0
x35_11.100,8.0
x35_11.200,8.0
x35_11.300,8.0
x35_11.400,8.0
x35_11.500,8.0
x35_11.600,8.0
x35_11.700,8.0
x35_11.800,8.0
x35_11.900,8.0
x35_12.000,8.0
x35_12.100,8.0
x35_12.200,8.0
x35_12.300,8.0
x35_12.400,8.0
x35_12.500,8.0
x35_12.600,8.0
x35_12.700,8.0
x35_12.800,8.0
x35_12.900,8.0
x35_13.000,8.0
x35_13.100,8.0
x35_13.200,8.0
x35_13.300,8.0
x35_13.400,8.0
x35_13.500,8.0
x35_13.600,8.0
x35_13.700,8.0
x35_13.800,8.0
x35_13.900,8.0
x35_14.000,8.0
x35_14.100,8.0
x35_14.200,8.0
x35_14.300,8.0
x35_14.400,8.0
x35_14.500,8.0
x35_14.600,8.0
x35_14.700,8.0
x35_14.800,8.0
x35_14.900,8.0
x35_15.000,8.0
x35_15.100,8.0
x35_15.200,8.0
x35_15.300,8.0
x35_15.400,8.0
x35_15.500,8.0
x35_15.600,8.0
x35_15.700,8.0
x35_15.800,8.0
x35_15.900,8.0
x35_16.000,8.0
x35_16.100,8.0
x35_16.200,8.0
x35_16.300,8.0
x35_16.400,8.0
x35_16.500,8.0
x35_16.600,8.0
x35_16.700,8.0
x35_16.800,8.0
x35_16.900,8.0
x35_17.000,8.0
x35_17.100,8.0
x35_17.200,8.0
x35_17.300,8.0
x35_17.400,8.0
x35_17.500,8.0
x35_17.600,8.0
x35_17.700,8.0
x35_17.800,8.0
x35_17.900,8.0
x35_18.000,8.0
x35_18.100,8.0
x35_18.200,8.0
x35_18.300,8.0
x35_18.400,8.0
x35_18.500,8.0
x35_18.600,8.0
x35_18.700,8.0
x35_18.800,8.0
x35_18.900,8.0
x35_19.000,8.0
x35_19.100,8.0
x35_19.200,8.0
x35_19.300,8.0
x35_19.400,8.0
x35_19.500,8.0
x35_19.600,8.0
x35_19.700,8.0
x35_19.800,8.0
x35_19.900,8.0
x36_00.000,8.0
x36_00.100,8.0
x36_00.200,8.0
x36_00.300,8.0
x36_00.400,8.0
x36_00.500,8.0
x36_00.600,8.0
x36_00.700,8.0
x36_00.800,8.0
x36_00.900,8.0
x36_01.000,8.0
x36_01.100,8.0
x36_01.200,8.0
x36_01.300,8.0
x36_01.400,8.0
x36_01.500,8.0
x36_01.600,8.0
x36_01.700,8.0
x36_01.800,8.0
x36_01.900,8.0
x36_02.000,8.0
x36_02.100,8.0
x36_02.200,8.0
x36_02.300,8.0
x36_02.400,8.0
x36_02.500,8.0
x36_02.600,8.0
x36_02.700,8.0
x36_02.800,8.0
x36_02.900,8.0
x36_03.000,8.0
x36_03.100,8.0
x36_03.200,8.0
x36_03.300,8.0
x36_03.400,8.0
x36_03.500,8.0
x36_03.600,8.0
x36_03.700,8.0
x36_03.800,8.0
x36_03.900,8.0
x36_04.000,8.0
x36_04.100,8.0
x36_04.200,8.0
x36_04.300,8.0
x36_04.400,8.0
x36_04.500,8.0
x36_04.600,8.0
x36_04.700,8.0
x36_04.800,8.0
x36_04.900,8.0
x36_05.000,8.0
x36_05.100,8.0
x36_05.200,8.0
x36_05.300,8.0
x36_05.400,8.0
x36_05.500,8.0
x36_05.600,8.0
x36_05.700,8.0
x36_05.800,8.0
x36_05.900,8.0
x36_06.000,8.0
x36_06.100,8.0
x36_06.200,8.0
x36_06.300,8.0
x36_06.400,8.0
x36_06.500,8.0
x36_06.600,8.0
x36_06.700,8.0
x36_06.800,8.0
x36_06.900,8.0
x36_07.000,8.0
x36_07.100,8.0
x36_07.200,8.0
x36_07.300,8.0
x36_07.400,8.0
x36_07.500,8.0
x36_07.600,8.0
x36_07.700,8.0
x36_07.800,8.0
x36_07.900,8.0
x36_08.000,8.0
x36_08.100,8.0
x36_08.200,8.0
x36_08.300,8.0
x36_08.400,8.0
x36_08.500,8.0
x36_08.600,8.0
x36_08.700,8.0
x36_08.800,8.0
x36_08.900,8.0
x36_09.000,8.0
x36_09.100,8.0
x36_09.200,8.0
x36_09.300,8.0
x36_09.400,8.0
x36_09.500,8.0
x36_09.600,8.0
x36_09.700,8.0
x36_09.800,8.0
x36_09.900,8.0
x36_10.000,8.0
x36_10.100,8.0
x36_10.200,8.0
x36_10.300,8.0
x36_10.400,8.0
x36_10.500,8.0
x36_10.600,8.0
x36_10.700,8.0
x36_10.800,8.0
x36_10.900,8.0
x36_11.000,8.0
x36_11.100,8.0
x36_11.200,8.0
x36_11.300,8.0
x36_11.400,8.0
x36_11.500,8.0
x36_11.600,8.0
x36_11.700,8.0
x36_11.800,8.0
x36_11.900,8.0
x36_12.000,8.0
x36_12.100,8.0
x36_12.200,8.0
x36_12.300,8.0
x36_12.400,8.0
x36_12.500,8.0
x36_12.600,8.0
x36_12.700,8.0
x36_12.800,8.0
x36_12.900,8.0
x36_13.000,8.0
x36_13.100,8.0
x36_13.200,8.0
x36_13.300,8.0
x36_13.400,8.0
x36_13.500,8.0
x36_13.600,8.0
x36_13.700,8.0
x36_13.800,8.0
x36_13.900,8.0
x36_14.000,8.0
x36_14.100,8.0
x36_14.200,8.0
x36_14.300,8.0
x36_14.400,8.0
x36_14.500,8.0
x36_14.600,8.0
x36_14.700,8.0
x36_14.800,8.0
x36_14.900,8.0
x36_15.000,8.0
x36_15.100,8.0
x36_15.200,8.0
x36_15.300,8.0
x36_15.400,8.0
x36_15.500,8.0
x36_15.600,8.0
x36_15.700,8.0
x36_15.800,8.0
x36_15.900,8.0
x36_16.000,8.0
x36_16.100,8.0
x36_16.200,8.0
x36_16.300,8.0
x36_16.400,8.0
x36_16.500,8.0
x36_16.600,8.0
x36_16.700,8.0
x36_16.800,8.0
x36_16.900,8.0
x36_17.000,8.0
x36_17.100,8.0
x36_17.200,8.0
x36_17.300,8.0
x36_17.400,8.0
x36_17.500,8.0
x36_17.600,8.0
x36_17.700,8.0
x36_17.800,8.0
x36_17.900,8.0
x36_18.000,8.0
x36_18.100,8.0
x36_18.200,8.0
x36_18.300,8.0
x36_18.400,8.0
x36_18.500,8.0
x36_18.600,8.0
x36_18.700,8.0
x36_18.800,8.0
x36_18.900,8.0
x36_19.000,8.0
x36_19.100,8.0
x36_19.200,8.0
x36_19.300,8.0
x36_19.400,8.0
x36_19.500,8.0
x36_19.600,8.0
x36_19.700,8.0
x36_19.800,8.0
x36_19.900,8.0
x37_00.000,8.0
x37_00.100,8.0
x37_00.200,8.0
x37_00.300,8.0
x37_00.400,8.0
x37_00.500,8.0
x37_00.600,8.0
x37_00.700,8.0
x37_00.800,8.0
x37_00.900,8.0
x37_01.000,8.0
x37_01.100,8.0
x37_01.200,8.0
x37_01.300,8.0
x37_01.400,8.0
x37_01.500,8.0
x37_01.600,8.0
x37_01.700,8.0
x37_01.800,8.0
x37_01.900,8.0
x37_02.000,8.0
x37_02.100,8.0
x37_02.200,8.0
x37_02.300,8.0
x37_02.400,8.0
x37_02.500,8.0
x37_02.600,8.0
x37_02.700,8.0
x37_02.800,8.0
x37_02.900,8.0
x37_03.000,8.0
x37_03.100,8.0
x37_03.200,8.0
x37_03.300,8.0
x37_03.400,8.0
x37_03.500,8.0
x37_03.600,8.0
x37_03.700,8.0
x37_03.800,8.0
x37_03.900,8.0
x37_04.000,8.0
x37_04.100,8.0
x37_04.200,8.0
x37_04.300,8.0
x37_04.400,8.0
x37_04.500,8.0
x37_04.600,8.0
x37_04.700,8.0
x37_04.800,8.0
x37_04.900,8.0
x37_05.000,8.0
x37_05.100,8.0
x37_05.200,8.0
x37_05.300,8.0
x37_05.400,8.0
x37_05.500,8.0
x37_05.600,8.0
x37_05.700,8.0
x37_05.800,8.0
x37_05.900,8.0
x37_06.000,8.0
x37_06.100,8.0
x37_06.200,8.0
x37_06.300,8.0
x37_06.400,8.0
x37_06.500,8.0
x37_06.600,8.0
x37_06.700,8.0
x37_06.800,8.0
x37_06.900,8.0
x37_07.000,8.0
x37_07.100,8.0
x37_07.200,8.0
x37_07.300,8.0
x37_07.400,8.0
x37_07.500,8.0
x37_07.600,8.0
x37_07.700,8.0
x37_07.800,8.0
x37_07.900,8.0
x37_08.000,8.0
x37_08.100,8.0
x37_08.200,8.0
x37_08.300,8.0
x37_08.400,8.0
x37_08.500,8.0
x37_08.600,8.0
x37_08.700,8.0
x37_08.800,8.0
x37_08.900,8.0
x37_09.000,8.0
x37_09.100,8.0
x37_09.200,8.0
x37_09.300,8.0
x37_09.400,8.0
x37_09.500,8.0
x37_09.600,8.0
x37_09.700,8.0
x37_09.800,8.0
x37_09.900,8.0
x37_10.000,8.0
x37_10.100,8.0
x37_10.200,8.0
x37_10.300,8.0
x37_10.400,8.0
x37_10.500,8.0
x37_10.600,8.0
x37_10.700,8.0
x37_10.800,8.0
x37_10.900,8.0
x37_11.000,8.0
x37_11.100,8.0
x37_11.200,8.0
x37_11.300,8.0
x37_11.400,8.0
x37_11.500,8.0
x37_11.600,8.0
x37_11.700,8.0
x37_11.800,8.0
x37_11.900,8.0
x37_12.000,8.0
x37_12.100,8.0
x37_12.200,8.0
x37_12.300,8.0
x37_12.400,8.0
x37_12.500,8.0
x37_12.600,8.0
x37_12.700,8.0
x37_12.800,8.0
x37_12.900,8.0
x37_13.000,8.0
x37_13.100,8.0
x37_13.200,8.0
x37_13.300,8.0
x37_13.400,8.0
x37_13.500,8.0
x37_13.600,8.0
x37_13.700,8.0
x37_13.800,8.0
x37_13.900,8.0
x37_14.000,8.0
x37_14.100,8.0
x37_14.200,8.0
x37_14.300,8.0
x37_14.400,8.0
x37_14.500,8.0
x37_14.600,8.0
x37_14.700,8.0
x37_14.800,8.0
x37_14.900,8.0
x37_15.000,8.0
x37_15.100,8.0
x37_15.200,8.0
x37_15.300,8.0
x37_15.400,8.0
x37_15.500,8.0
x37_15.600,8.0
x37_15.700,8.0
x37_15.800,8.0
x37_15.900,8.0
x37_16.000,8.0
x37_16.100,8.0
x37_16.200,8.0
x37_16.300,8.0
x37_16.400,8.0
x37_16.500,8.0
x37_16.600,8.0
x37_16.700,8.0
x37_16.800,8.0
x37_16.900,8.0
x37_17.000,8.0
x37_17.100,8.0
x37_17.200,8.0
x37_17.300,8.0
x37_17.400,8.0
x37_17.500,8.0
x37_17.600,8.0
x37_17.700,8.0
x37_17.800,8.0
x37_17.900,8.0
x37_18.000,8.0
x37_18.100,8.0
x37_18.200,8.0
x37_18.300,8.0
x37_18.400,8.0
x37_18.500,8.0
x37_18.600,8.0
x37_18.700,8.0
x37_18.800,8.0
x37_18.900,8.0
x37_19.000,8.0
x37_19.100,8.0
x37_19.200,8.0
x37_19.300,8.0
x37_19.400,8.0
x37_19.500,8.0
x37_19.600,8.0
x37_19.700,8.0
x37_19.800,8.0
x37_19.900,8.0
x38_00.000,8.0
x38_00.100,8.0
x38_00.200,8.0
x38_00.300,8.0
x38_00.400,8.0
x38_00.500,8.0
x38_00.600,8.0
x38_00.700,8.0
x38_00.800,8.0
x38_00.900,8.0
x38_01.000,8.0
x38_01.100,8.0
x38_01.200,8.0
x38_01.300,8.0
x38_01.400,8.0
x38_01.500,8.0
x38_01.600,8.0
x38_01.700,8.0
x38_01.800,8.0
x38_01.900,8.0
x38_02.000,8.0
x38_02.100,8.0
x38_02.200,8.0
x38_02.300,8.0
x38_02.400,8.0
x38_02.500,8.0
x38_02.600,8.0
x38_02.700,8.0
x38_02.800,8.0
x38_02.900,8.0
x38_03.000,8.0
x38_03.100,8.0
x38_03.200,8.0
x38_03.300,8.0
x38_03.400,8.0
x38_03.500,8.0
x38_03.600,8.0
x38_03.700,8.0
x38_03.800,8.0
x38_03.900,8.0
x38_04.000,8.0
x38_04.100,8.0
x38_04.200,8.0
x38_04.300,8.0
x38_04.400,8.0
x38_04.500,8.0
x38_04.600,8.0
x38_04.700,8.0
x38_04.800,8.0
x38_04.900,8.0
x38_05.000,8.0
x38_05.100,8.0
x38_05.200,8.0
x38_05.300,8.0
x38_05.400,8.0
x38_05.500,8.0
x38_05.600,8.0
x38_05.700,8.0
x38_05.800,8.0
x38_05.900,8.0
x38_06.000,8.0
x38_06.100,8.0
x38_06.200,8.0
x38_06.300,8.0
x38_06.400,8.0
x38_06.500,8.0
x38_06.600,8.0
x38_06.700,8.0
x38_06.800,8.0
x38_06.900,8.0
x38_07.000,8.0
x38_07.100,8.0
x38_07.200,8.0
x38_07.300,8.0
x38_07.400,8.0
x38_07.500,8.0
x38_07.600,8.0
x38_07.700,8.0
x38_07.800,8.0
x38_07.900,8.0
x38_08.000,8.0
x38_08.100,8.0
x38_08.200,8.0
x38_08.300,8.0
x38_08.400,8.0
x38_08.500,8.0
x38_08.600,8.0
x38_08.700,8.0
x38_08.800,8.0
x38_08.900,8.0
x38_09.000,8.0
x38_09.100,8.0
x38_09.200,8.0
x38_09.300,8.0
x38_09.400,8.0
x38_09.500,8.0
x38_09.600,8.0
x38_09.700,8.0
x38_09.800,8.0
x38_09.900,8.0
x38_10.000,8.0
x38_10.100,8.0
x38_10.200,8.0
x38_10.300,8.0
x38_10.400,8.0
x38_10.500,8.0
x38_10.600,8.0
x38_10.700,8.0
x38_10.800,8.0
x38_10.900,8.0
x38_11.000,8.0
x38_11.100,8.0
x38_11.200,8.0
x38_11.300,8.0
x38_11.400,8.0
x38_11.500,8.0
x38_11.600,8.0
x38_11.700,8.0
x38_11.800,8.0
x38_11.900,8.0
x38_12.000,8.0
x38_12.100,8.0
x38_12.200,8.0
x38_12.300,8.0
x38_12.400,8.0
x38_12.500,8.0
x38_12.600,8.0
x38_12.700,8.0
x38_12.800,8.0
x38_12.900,8.0
x38_13.000,8.0
x38_13.100,8.0
x38_13.200,8.0
x38_13.300,8.0
x38_13.400,8.0
x38_13.500,8.0
x38_13.600,8.0
x38_13.700,8.0
x38_13.800,8.0
x38_13.900,8.0
x38_14.000,8.0
x38_14.100,8.0
x38_14.200,8.0
x38_14.300,8.0
x38_14.400,8.0
x38_14.500,8.0
x38_14.600,8.0
x38_14.700,8.0
x38_14.800,8.0
x38_14.900,8.0
x38_15.000,8.0
x38_15.100,8.0
x38_15.200,8.0
x38_15.300,8.0
x38_15.400,8.0
x38_15.500,8.0
x38_15.600,8.0
x38_15.700,8.0
x38_15.800,8.0
x38_15.900,8.0
x38_16.000,8.0
x38_16.100,8.0
x38_16.200,8.0
x38_16.300,8.0
x38_16.400,8.0
x38_16.500,8.0
x38_16.600,8.0
x38_16.700,8.0
x38_16.800,8.0
x38_16.900,8.0
x38_17.000,8.0
x38_17.100,8.0
x38_17.200,8.0
x38_17.300,8.0
x38_17.400,8.0
x38_17.500,8.0
x38_17.600,8.0
x38_17.700,8.0
x38_17.800,8.0
x38_17.900,8.0
x38_18.000,8.0
x38_18.100,8.0
x38_18.200,8.0
x38_18.300,8.0
x38_18.400,8.0
x38_18.500,8.0
x38_18.600,8.0
x38_18.700,8.0
x38_18.800,8.0
x38_18.900,8.0
x38_19.000,8.0
x38_19.100,8.0
x38_19.200,8.0
x38_19.300,8.0
x38_19.400,8.0
x38_19.500,8.0
x38_19.600,8.0
x38_19.700,8.0
x38_19.800,8.0
x38_19.900,8.0
x39_00.000,8.0
x39_00.100,8.0
x39_00.200,8.0
x39_00.300,8.0
x39_00.400,8.0
x39_00.500,8.0
x39_00.600,8.0
x39_00.700,8.0
x39_00.800,8.0
x39_00.900,8.0
x39_01.000,8.0
x39_01.100,8.0
x39_01.200,8.0
x39_01.300,8.0
x39_01.400,8.0
x39_01.500,8.0
x39_01.600,8.0
x39_01.700,8.0
x39_01.800,8.0
x39_01.900,8.0
x39_02.000,8.0
x39_02.100,8.0
x39_02.200,8.0
x39_02.300,8.0
x39_02.400,8.0
x39_02.500,8.0
x39_02.600,8.0
x39_02.700,8.0
x39_02.800,8.0
x39_02.900,8.0
x39_03.000,8.0
x39_03.100,8.0
x39_03.200,8.0
x39_03.300,8.0
x39_03.400,8.0
x39_03.500,8.0
x39_03.600,8.0
x39_03.700,8.0
x39_03.800,8.0
x39_03.900,8.0
x39_04.000,8.0
x39_04.100,8.0
x39_04.200,8.0
x39_04.300,8.0
x39_04.400,8.0
x39_04.500,8.0
x39_04.600,8.0
x39_04.700,8.0
x39_04.800,8.0
x39_04.900,8.0
x39_05.000,8.0
x39_05.100,8.0
x39_05.200,8.0
x39_05.300,8.0
x39_05.400,8.0
x39_05.500,8.0
x39_05.600,8.0
x39_05.700,8.0
x39_05.800,8.0
x39_05.900,8.0
x39_06.000,8.0
x39_06.100,8.0
x39_06.200,8.0
x39_06.300,8.0
x39_06.400,8.0
x39_06.500,8.0
x39_06.600,8.0
x39_06.700,8.0
x39_06.800,8.0
x39_06.900,8.0
x39_07.000,8.0
x39_07.100,8.0
x39_07.200,8.0
x39_07.300,8.0
x39_07.400,8.0
x39_07.500,8.0
x39_07.600,8.0
x39_07.700,8.0
x39_07.800,8.0
x39_07.900,8.0
x39_08.000,8.0
x39_08.100,8.0
x39_08.200,8.0
x39_08.300,8.0
x39_08.400,8.0
x39_08.500,8.0
x39_08.600,8.0
x39_08.700,8.0
x39_08.800,8.0
x39_08.900,8.0
x39_09.000,8.0
x39_09.100,8.0
x39_09.200,8.0
x39_09.300,8.0
x39_09.400,8.0
x39_09.500,8.0
x39_09.600,8.0
x39_09.700,8.0
x39_09.800,8.0
x39_09.900,8.0
x39_10.000,8.0
x39_10.100,8.0
x39_10.200,8.0
x39_10.300,8.0
x39_10.400,8.0
x39_10.500,8.0
x39_10.600,8.0
x39_10.700,8.0
x39_10.800,8.0
x39_10.900,8.0
x39_11.000,8.0
x39_11.100,8.0
x39_11.200,8.0
x39_11.300,8.0
x39_11.400,8.0
x39_11.500,8.0
x39_11.600,8.0
x39_11.700,8.0
x39_11.800,8.0
x39_11.900,8.0
x39_12.000,8.0
x39_12.100,8.0
x39_12.200,8.0
x39_12.300,8.0
x39_12.400,8.0
x39_12.500,8.0
x39_12.600,8.0
x39_12.700,8.0
x39_12.800,8.0
x39_12.900,8.0
x39_13.000,8.0
x39_13.100,8.0
x39_13.200,8.0
x39_13.300,8.0
x39_13.400,8.0
x39_13.500,8.0
x39_13.600,8.0
x39_13.700,8.0
x39_13.800,8.0
x39_13.900,8.0
x39_14.000,8.0
x39_14.100,8.0
x39_14.200,8.0
x39_14.300,8.0
x39_14.400,8.0
x39_14.500,8.0
x39_14.600,8.0
x39_14.700,8.0
x39_14.800,8.0
x39_14.900,8.0
x39_15.000,8.0
x39_15.100,8.0
x39_15.200,8.0
x39_15.300,8.0
x39_15.400,8.0
x39_15.500,8.0
x39_15.600,8.0
x39_15.700,8.0
x39_15.800,8.0
x39_15.900,8.0
x39_16.000,8.0
x39_16.100,8.0
x39_16.200,8.0
x39_16.300,8.0
x39_16.400,8.0
x39_16.500,8.0
x39_16.600,8.0
x39_16.700,8.0
x39_16.800,8.0
x39_16.900,8.0
x39_17.000,8.0
x39_17.100,8.0
x39_17.200,8.0
x39_17.300,8.0
x39_17.400,8.0
x39_17.500,8.0
x39_17.600,8.0
x39_17.700,8.0
x39_17.800,8.0
x39_17.900,8.0
x39_18.000,8.0
x39_18.100,8.0
x39_18.200,8.0
x39_18.300,8.0
x39_18.400,8.0
x39_18.500,8.0
x39_18.600,8.0
x39_18.700,8.0
x39_18.800,8.0
x39_18.900,8.0
x39_19.000,8.0
x39_19.100,8.0
x39_19.200,8.0
x39_19.300,8.0
x39_19.400,8.0
x39_19.500,8.0
x39_19.600,8.0
x39_19.700,8.0
x39_19.800,8.0
x39_19.900,8.0
