real_name,x1,x2,x3,x4,x5,x6,x7,x8,x9,x10
gen=3_member=2415_pso,0.813593,0.752927,0.956644,1.00108,-0.257256,0.15089,-1.55214,-1.99333,2.98946,4.232
