real_name,x1,x2,x3,x4,x5,x6,x7,x8,x9,x10
gen=5_member=4484_pso,0.565188,-0.427513,0.523391,0.573386,-0.026651,-2.04751,-0.170838,-0.867285,2.55648,7.88136
