real_name,x1,x2,x3,x4,x5,x6,x7,x8,x9,x10
gen=0_member=823,-1.43255,4.05868,-2.26336,1.16291,-0.0635036,1.16379,0.604431,0.170158,2.86711,7.2019
