real_name,func,func_sd,func_var,func_var_sd,ei
gen=0_member=82,930708,6.23397e+06,8.66218e+11,0,9.48971
gen=0_member=64,1.03087e+06,6.12514e+06,1.06269e+12,0,78.6164
gen=0_member=57,1.34626e+06,3.52466e+06,1.81243e+12,0,193361
gen=0_member=63,1.13673e+06,4.55087e+06,1.29215e+12,0,19403.8
gen=0_member=58,1.36527e+06,2.69443e+06,1.86397e+12,0,492369
gen=0_member=48,1.04345e+06,5.55939e+06,1.08879e+12,0,672.608
gen=0_member=45,1.21101e+06,4.25376e+06,1.46655e+12,0,46722.9
gen=0_member=40,1.10668e+06,5.02022e+06,1.22473e+12,0,5420.84
gen=0_member=39,1.13987e+06,4.4963e+06,1.2993e+12,0,22121.9
