real_name,x1,x2,x3,x4,x5,x6,x7,x8,x9,x10
gen=7_member=6033_pso,0.114857,-0.312623,-0.140838,-0.435317,0.453899,-0.548439,1.28049,1.06276,1.72113,6.31032
