real_name,x1,x2,x3,x4,x5,x6,x7,x8,x9,x10
gen=21_member=401_pso,0.769711,0.942116,0.13156,-0.436971,-0.564253,1.2814,1.10258,-1.19321,1.03308,1.11452
