real_name,x1,x2,x3,x4,x5,x6,x7,x8,x9,x10
gen=1_member=13_pso,1.57977,2.66526,-2.28224,0.365143,-1.80926,-2.85158,4.34196,0.52007,2.21838,0.477965
