real_name,x1,x2,x3,x4,x5,x6,x7,x8,x9,x10
gen=16_member=318_pso,0.794928,0.875924,-1.24325,-0.569244,-0.353849,0.260793,0.971223,-1.15676,-0.957233,1.78647
