real_name,x1,x2,x3,x4,x5,x6,x7,x8,x9,x10
gen=8_member=7142_pso,-0.702485,0.40403,-0.138396,-0.94392,-0.196993,-0.909904,0.749274,0.986317,2.4464,4.22776
