real_name,x1,x2,x3,x4,x5,x6,x7,x8,x9,x10
gen=6_member=5740_pso,-0.107056,1.02625,-0.644231,0.264558,0.00284068,-1.17152,-0.478954,0.351854,2.68959,5.16828
