real_name,x1,x2,x3,x4,x5,x6,x7,x8,x9,x10
gen=9_member=8168_pso,-0.386751,1.10787,1.01902,0.94022,-0.0517401,0.572497,0.434846,-1.12558,2.19334,5.20448
