real_name,x1,x2,x3,x4,x5,x6,x7,x8,x9,x10
gen=0_member=15,1.56543,5.73658,-2.39332,-3.52431,1.54388,-2.57763,0.210357,-4.20013,1.5882,2.2191
