real_name,x1,x2,x3,x4,x5,x6,x7,x8,x9,x10
gen=1_member=131_pso,1.31746,1.2938,0.727225,-1.54863,-1.92169,0.370261,-1.37672,-2.54206,3.16655,7.12618
