generation,member,obj_1,obj_2,obj_1_sd,obj_2_sd,obj_1_sd_syn,obj_2_sd_syn,nsga2_front,nsga2_crowding_distance,nn_count,spea2_unconstrained_fitness,spea2_constrained_fitness,is_feasible,feasible_distance
0,gen=1_member=69_pso,0.757728,3.31094,0,0.455162,0.107705,0.455162,1,1,0,0.347053,0.347053,1,-999
0,gen=1_member=53_pso,0.0827582,3.87735,0,0.433556,0.107705,0.433556,1,1,0,0.433598,0.433598,1,-999
0,gen=1_member=46_pso,0.341287,3.72624,0,0.369235,0.107705,0.399353,1,1,0,0.420721,0.420721,1,-999
0,gen=0_member=31,0.0037952,6.10641,0,0,0.107705,0.399353,1,1,0,0.291685,0.291685,1,-999
0,gen=1_member=3_pso,0.0056224,4.99271,0,0.476843,0.107705,0.476843,1,0.464274,1,0.334019,0.334019,1,-999
0,gen=1_member=23_pso,0.0909254,4.00466,0,0.412039,0.107705,0.412039,1,0.464274,1,0.420721,0.420721,1,-999
0,gen=0_member=60,0.0435346,4.67861,0,0,0.107705,0.399353,1,0.464274,1,0.35825,0.35825,1,-999
