real_name,obj_1,obj_2,obj_1_sd,obj_2_sd,obj_1l,obj_1u
gen=0_member=99,0.761201,4.28211,0,0,0.761201,0.761201
gen=0_member=60,0.0435346,4.67861,0,0,0.0435346,0.0435346
gen=0_member=31,0.0037952,6.10641,0,0,0.0037952,0.0037952
gen=0_member=97,0.0146536,5.13342,0,0,0.0146536,0.0146536
gen=0_member=35,0.265909,4.66294,0,0,0.265909,0.265909
gen=0_member=75,0.608929,4.61537,0,0,0.608929,0.608929
