generation,member,obj_1,obj_2,obj_1_sd,obj_2_sd,obj_1_sd_syn,obj_2_sd_syn,nsga2_front,nsga2_crowding_distance,nn_count,spea2_unconstrained_fitness,spea2_constrained_fitness,is_feasible,feasible_distance
0,gen=0_member=99,0.761201,4.28211,0,0,0.126234,0.30405,1,1,0,0.380985,0.380985,1,-999
0,gen=0_member=60,0.0435346,4.67861,0,0,0.126234,0.30405,1,1,0,0.407212,0.407212,1,-999
0,gen=0_member=31,0.0037952,6.10641,0,0,0.126234,0.30405,1,1,0,0.291685,0.291685,1,-999
0,gen=0_member=97,0.0146536,5.13342,0,0,0.126234,0.30405,1,0.444444,1,0.394732,0.394732,1,-999
0,gen=0_member=35,0.265909,4.66294,0,0,0.126234,0.30405,1,0.444444,1,0.426202,0.426202,1,-999
0,gen=0_member=75,0.608929,4.61537,0,0,0.126234,0.30405,1,0.111111,2,0.422583,0.422583,1,-999
