real_name,obj_1,obj_2,obj_1_sd,obj_2_sd,obj_1l,obj_1u
gen=1_member=69_pso,0.757728,3.31094,0,0.455162,0.757728,0.757728
gen=1_member=53_pso,0.0827582,3.87735,0,0.433556,0.0827582,0.0827582
gen=1_member=46_pso,0.341287,3.72624,0,0.369235,0.341287,0.341287
gen=1_member=3_pso,0.0056224,4.99271,0,0.476843,0.0056224,0.0056224
gen=1_member=26_pso,0.556028,3.73951,0,0.410488,0.556028,0.556028
gen=1_member=23_pso,0.0909254,4.00466,0,0.412039,0.0909254,0.0909254
gen=0_member=60,0.0435346,4.67861,0,0,0.0435346,0.0435346
gen=0_member=31,0.0037952,6.10641,0,0,0.0037952,0.0037952
