real_name,obj_1,obj_2,obj_1_sd,obj_2_sd,pf_obj_2
gen=0_member=85,-11.0689,-8.44242,0,0,1
gen=0_member=6,-14.0547,-3.2638,0,0,1
gen=0_member=26,-13.3,-6.05389,0,0,1
gen=1_member=36_pso,-16.6007,0.13283,0.206789,4.49776,1
gen=0_member=29,-11.279,-7.36934,0,0,1
gen=1_member=6_pso,-15.5348,-1.52187,0.228173,4.44384,1
