real_name,x1,x2,x3
gen=3_member=196_pso,-5,1.69294,-5
gen=1_member=25_pso,0.224658,-0.139868,0.233384
gen=2_member=36_pso,-5,-0.252134,-5
gen=1_member=58_pso,-1.33038,-0.940161,-1.13488
gen=3_member=127_pso,-5,1.43821,-5
gen=3_member=167_pso,-1.0357,-0.311633,0.280928
gen=2_member=22_pso,-1.51112,-0.522342,-0.785931
gen=2_member=69_pso,-1.63474,-0.649263,-0.834708
gen=3_member=169_pso,-0.146092,-0.216155,1.3884
