real_name,obj_1,obj_2,obj_1_sd,obj_2_sd
gen=2_member=52_pso,-7.96304,-3.87709,0.617367,8.97873
gen=1_member=25_pso,-16.9712,1.98222,0.187863,4.82528
gen=2_member=36_pso,-8.17071,-2.83062,0.516926,8.81307
gen=1_member=58_pso,-14.6,-2.4163,0.141221,4.42117
gen=1_member=52_pso,-15.5827,-0.663229,0.173178,4.70002
gen=2_member=22_pso,-15.0682,-1.36872,0.232527,4.175
gen=2_member=69_pso,-14.8307,-2.05168,0.163014,4.37332
gen=2_member=47_pso,-7.98723,-3.81039,0.642121,9.02548
gen=2_member=45_pso,-15.6444,1.68991,0.148734,4.2831
