real_name,obj_1,obj_2,obj_1_sd,obj_2_sd
gen=3_member=196_pso,-7.49033,-9.77087,0.914898,9.85289
gen=1_member=25_pso,-16.9712,1.98222,0.187863,4.82528
gen=2_member=36_pso,-8.17071,-2.83062,0.516926,8.81307
gen=1_member=58_pso,-14.6,-2.4163,0.141221,4.42117
gen=3_member=127_pso,-8.01063,-5.15101,0.78544,9.24341
gen=3_member=167_pso,-16.0486,-1.09861,0.187783,4.46849
gen=2_member=22_pso,-15.0682,-1.36872,0.232527,4.175
gen=2_member=69_pso,-14.8307,-2.05168,0.163014,4.37332
gen=3_member=169_pso,-16.1299,1.48478,0.196247,5.05304
