real_name,x1,x2,x3
gen=0_member=85,-3.4053,-0.988466,2.222
gen=0_member=58,2.11198,-0.0341074,0.0567327
gen=0_member=6,-1.12558,0.110076,-2.48624
gen=0_member=26,-2.72715,-1.22652,0.192368
gen=0_member=29,-0.94603,-2.70897,-0.912289
