real_name,obj_1,obj_2,obj_1_sd,obj_2_sd
gen=1_member=85_pso,-16.6988,3.55137,0.0933422,3.92872
gen=0_member=85,-11.0689,-8.44242,0.001,0.001
gen=0_member=26,-13.3,-6.05389,0.001,0.001
gen=0_member=6,-14.0547,-3.2638,0.001,0.001
gen=1_member=78_pso,-14.8942,-0.512076,0.126531,4.76612
gen=1_member=15_pso,-15.2398,-0.0055799,0.118837,4.53444
gen=0_member=58,-16.4229,2.00875,0.001,0.001
gen=1_member=16_pso,-16.4856,1.69732,0.167503,5.01771
gen=0_member=29,-11.279,-7.36934,0.001,0.001
