real_name,x1,x2,x3
gen=2_member=179_pso,1.46919,-0.20146,-0.308713
gen=0_member=85,-3.4053,-0.988466,2.222
gen=1_member=52_pso,-0.910807,-0.0224742,-1.2989
gen=0_member=6,-1.12558,0.110076,-2.48624
gen=0_member=26,-2.72715,-1.22652,0.192368
gen=0_member=29,-0.94603,-2.70897,-0.912289
gen=2_member=187_pso,-0.175282,-0.28653,0.123587
