real_name,obj_1,obj_2,obj_1_sd,obj_2_sd
gen=0_member=85,-11.0689,-8.44242,1e-05,1e-05
gen=0_member=58,-16.4229,2.00875,1e-05,1e-05
gen=0_member=26,-13.3,-6.05389,1e-05,1e-05
gen=0_member=6,-14.0547,-3.2638,1e-05,1e-05
gen=0_member=29,-11.279,-7.36934,1e-05,1e-05
