real_name,obj_1,obj_2,obj_1_sd,obj_2_sd
gen=1_member=25_pso,-16.9712,1.98222,0.187863,4.82528
gen=4_member=280_pso,-4.41898,-5.39081,1.70943,16.6673
gen=4_member=232_pso,-7.49467,-9.74648,0.914148,9.84382
gen=2_member=82_pso,-11.5461,-2.75779,0.0928263,4.88103
gen=3_member=179_pso,-4.52082,-5.6584,0.868364,13.1481
gen=2_member=58_pso,-8.36902,-3.42859,0.641203,8.41608
gen=3_member=152_pso,-16.6366,1.55078,0.20257,4.25215
gen=3_member=117_pso,-14.9286,0.0943231,0.12126,3.96266
gen=3_member=157_pso,-12.6947,-1.33902,0.133969,4.36953
gen=4_member=272_pso,-6.78318,-4.29205,0.913643,11.4537
gen=2_member=84_pso,-13.3638,-1.17092,0.119519,4.434
gen=3_member=187_pso,-5.63482,-2.57297,1.64295,11.8696
gen=3_member=116_pso,-14.2512,-2.23018,0.194741,4.57221
gen=2_member=75_pso,-14.5562,-1.39983,0.107405,4.81167
gen=4_member=235_pso,-5.24756,-5.15497,1.83197,12.8757
gen=2_member=64_pso,-14.1334,-1.0358,0.120819,4.76595
gen=4_member=218_pso,-4.60811,-5.02458,2.27647,12.841
gen=2_member=22_pso,-7.27297,-3.75253,0.848969,9.85187
gen=4_member=253_pso,-7.06651,-4.16502,0.785085,9.81701
gen=2_member=69_pso,-15.5178,-0.140455,0.147885,4.36248
gen=3_member=101_pso,-8.28248,-4.80606,0.678291,8.30725
gen=1_member=49_pso,-7.58126,-3.16037,0.879702,8.64211
gen=4_member=206_pso,-7.77201,-4.42803,0.78219,9.96132
gen=1_member=52_pso,-15.5827,-0.663229,0.173178,4.70002
gen=4_member=273_pso,-16.4124,-0.336427,0.207931,4.80332
gen=2_member=55_pso,-14.9486,-0.545866,0.212087,4.71246
gen=1_member=58_pso,-14.6,-2.4163,0.141221,4.42117
gen=4_member=284_pso,-5.59607,-2.25266,1.22094,13.9369
gen=2_member=0_pso,-16.003,-1.32827,0.172446,4.83929
gen=2_member=36_pso,-16.0908,-0.233254,0.171543,4.95293
gen=4_member=205_pso,-8.02625,-2.58895,0.649816,8.66429
gen=1_member=94_pso,-14.8185,-0.436024,0.179224,4.4765
gen=2_member=77_pso,-14.5686,-0.938572,0.199332,4.12452
gen=1_member=20_pso,-7.94203,-0.517682,0.807954,8.99982
gen=4_member=278_pso,-7.52519,-5.27763,0.943461,9.96586
gen=3_member=154_pso,-16.8588,1.86592,0.195661,4.71034
gen=4_member=282_pso,-7.19735,-1.21978,0.889856,11.3815
gen=4_member=286_pso,-16.0744,-1.27448,0.155407,4.24844
