generation,member,obj_1,obj_2,obj_1_sd,obj_2_sd,nsga2_front,nsga2_crowding_distance,exp_distance,var_distance,pso_fitness,spea2_unconstrained_fitness,spea2_constrained_fitness,is_feasible,feasible_distance
0,gen=0_member=85,-11.0689,-8.44242,0,0,1,1e+30,1e+30,0,1,0.189809,0.189809,1,-999
0,gen=0_member=58,-16.4229,2.00875,0,0,1,1e+30,1e+30,0,1,0.0939293,0.0939293,1,-999
0,gen=0_member=6,-14.0547,-3.2638,0,0,1,1.35474,33.4082,0,1,0.143765,0.143765,1,-999
0,gen=0_member=26,-13.3,-6.05389,0,0,1,0.911265,8.35417,0,0.224703,0.204484,0.204484,1,-999
0,gen=0_member=29,-11.279,-7.36934,0,0,1,0.645258,5.81485,0,0.15209,0.226685,0.226685,1,-999
