real_name,x1,x2,x3
gen=2_member=52_pso,-5,-0.416992,-5
gen=1_member=25_pso,0.224658,-0.139868,0.233384
gen=2_member=36_pso,-5,-0.252134,-5
gen=1_member=58_pso,-1.33038,-0.940161,-1.13488
gen=1_member=52_pso,-0.939845,-0.539699,0.82743
gen=2_member=22_pso,-1.51112,-0.522342,-0.785931
gen=2_member=69_pso,-1.63474,-0.649263,-0.834708
gen=2_member=47_pso,-5,-0.290494,-5
gen=2_member=45_pso,0.686235,-0.966098,0.348087
