real_name,obj_1,obj_2,obj_1_sd,obj_2_sd
gen=2_member=179_pso,-16.8563,2.06932,0.0886103,4.55945
gen=0_member=85,-11.0689,-8.44242,0.001,0.001
gen=1_member=52_pso,-15.7203,-0.672961,0.137012,4.15693
gen=0_member=6,-14.0547,-3.2638,0.001,0.001
gen=0_member=26,-13.3,-6.05389,0.001,0.001
gen=0_member=29,-11.279,-7.36934,0.001,0.001
gen=2_member=187_pso,-16.8333,1.54938,0.195451,4.22655
