real_name,obj1,obj2
gen=15_member=701_pso,0.200277,0.913316
gen=15_member=702_pso,0.90573,0.826406
gen=15_member=703_pso,0.0711159,0.96206
gen=15_member=704_pso,0.999813,0.98234
gen=15_member=705_pso,0.547857,0.794154
gen=15_member=706_pso,0.0289941,0.97534
gen=15_member=707_pso,0.82249,0.424627
gen=15_member=708_pso,0.941125,0.236324
gen=15_member=709_pso,0.906807,0.252114
gen=15_member=710_pso,0.76908,0.552287
gen=15_member=711_pso,0.858358,0.844324
gen=15_member=712_pso,0.932434,0.121358
gen=15_member=713_pso,0.314135,0.934144
gen=15_member=714_pso,0.383216,0.853127
gen=15_member=715_pso,0.92893,0.146881
gen=15_member=716_pso,0.55138,0.78164
gen=15_member=717_pso,0.623383,0.640903
gen=15_member=718_pso,0.67037,0.773343
gen=15_member=719_pso,0.925721,0.160376
gen=15_member=720_pso,0.909759,0.947178
gen=15_member=721_pso,0.12619,0.977668
gen=15_member=722_pso,0.761361,0.475496
gen=15_member=723_pso,0.453203,0.810792
gen=15_member=724_pso,0.416548,0.841706
gen=15_member=725_pso,0.611289,0.66822
gen=15_member=726_pso,0.715392,0.622064
gen=15_member=727_pso,0.77041,0.813126
gen=15_member=728_pso,0.872611,0.456627
gen=15_member=729_pso,0.696392,0.570669
gen=15_member=730_pso,0.984239,0.123598
gen=15_member=731_pso,0.99539,1
gen=15_member=732_pso,0.771311,0.470084
gen=15_member=733_pso,0.997829,0.232984
gen=15_member=734_pso,0.96511,0.367006
gen=15_member=735_pso,0.155029,0.992219
gen=15_member=736_pso,0.431962,0.861121
gen=15_member=737_pso,0.515161,0.734318
gen=15_member=738_pso,0.114099,0.99574
gen=15_member=739_pso,0.997796,0.26211
gen=15_member=740_pso,0.980429,0.306989
gen=15_member=741_pso,0.436586,0.94673
gen=15_member=742_pso,0.60548,0.977163
gen=15_member=743_pso,0.894675,0.282177
gen=15_member=744_pso,0.129177,0.931237
gen=15_member=745_pso,0.924366,0.150503
gen=15_member=746_pso,0.817419,0.414388
gen=15_member=747_pso,0.906533,0.194055
gen=15_member=748_pso,0.152955,0.921334
gen=15_member=749_pso,0.992206,0.112747
gen=15_member=750_pso,0.147919,0.952798
