real_name,obj1,obj2
gen=1_member=20_pso,0.962998,0.0763176
gen=0_member=20,0.155598,0.946508
gen=2_member=77_pso,0.482324,0.935092
gen=0_member=6,0.603026,0.664925
gen=1_member=11_pso,0.829876,0.366879
gen=2_member=98_pso,0.80559,0.484765
gen=2_member=97_pso,0.705026,0.572255
gen=2_member=81_pso,0.720567,0.537063
