real_name,x1,x2
gen=1_member=20_pso,-0.712123,-0.425394
gen=0_member=20,0.296843,0.678646
gen=2_member=77_pso,-0.0950787,0.82919
gen=0_member=6,0.0884752,-0.0285415
gen=1_member=11_pso,-0.176513,-0.288102
gen=2_member=98_pso,-0.385705,0.0411127
gen=2_member=97_pso,0.0492286,-0.180623
gen=2_member=81_pso,-0.14691,-0.0315736
