real_name,obj1,obj2
gen=0_member=20,0.155598,0.946508
gen=0_member=15,0.99909,0.343666
gen=0_member=6,0.603026,0.664925
gen=0_member=26,0.997754,0.461362
