real_name,obj1,obj2
gen=7_member=301_pso,0.997405,0.933926
gen=7_member=302_pso,0.965572,0.967588
gen=7_member=303_pso,0.921692,0.41708
gen=7_member=304_pso,0.341825,0.998667
gen=7_member=305_pso,0.9,0.516114
gen=7_member=306_pso,0.999734,1
gen=7_member=307_pso,0.157071,0.979976
gen=7_member=308_pso,0.979626,0.93377
gen=7_member=309_pso,0.81603,0.58044
gen=7_member=310_pso,0.262912,0.993665
gen=7_member=311_pso,0.56461,0.996737
gen=7_member=312_pso,0.984682,0.981104
gen=7_member=313_pso,0.623775,0.777328
gen=7_member=314_pso,0.927734,0.93203
gen=7_member=315_pso,0.435826,0.885193
gen=7_member=316_pso,0.460089,0.866135
gen=7_member=317_pso,0.999915,0.764598
gen=7_member=318_pso,0.868249,0.924451
gen=7_member=319_pso,0.683344,0.996899
gen=7_member=320_pso,0.981289,0.505387
gen=7_member=321_pso,0.925085,0.999997
gen=7_member=322_pso,0.997549,0.995996
gen=7_member=323_pso,0.974316,0.602429
gen=7_member=324_pso,0.678426,0.999893
gen=7_member=325_pso,0.999964,0.845171
gen=7_member=326_pso,0.953949,0.0902547
gen=7_member=327_pso,0.652553,0.611848
gen=7_member=328_pso,0.987014,0.99276
gen=7_member=329_pso,0.999952,0.81178
gen=7_member=330_pso,0.999891,0.773528
gen=7_member=331_pso,0.523483,0.752224
gen=7_member=332_pso,0.932332,0.866907
gen=7_member=333_pso,0.945836,0.105591
gen=7_member=334_pso,0.988367,0.614025
gen=7_member=335_pso,0.999789,0.859378
gen=7_member=336_pso,0.999749,0.752382
gen=7_member=337_pso,0.812658,0.888969
gen=7_member=338_pso,0.846697,0.620631
gen=7_member=339_pso,0.895701,0.999881
gen=7_member=340_pso,0.984361,1
gen=7_member=341_pso,0.999664,0.715185
gen=7_member=342_pso,0.909219,0.232796
gen=7_member=343_pso,0.902438,0.981549
gen=7_member=344_pso,0.834595,0.356398
gen=7_member=345_pso,0.72749,0.989939
gen=7_member=346_pso,0.942681,0.999941
gen=7_member=347_pso,0.785318,0.542277
gen=7_member=348_pso,0.996356,0.991838
gen=7_member=349_pso,0.990804,0.326031
gen=7_member=350_pso,0.657518,0.999822
