real_name,x1,x2
gen=5_member=201_pso,1.32454,-0.627226
gen=5_member=202_pso,-3.35627,-0.166175
gen=5_member=203_pso,0.0733376,-0.928878
gen=5_member=204_pso,-1.34696,0.417778
gen=5_member=205_pso,0.472183,-0.852282
gen=5_member=206_pso,1.00967,0.938887
gen=5_member=207_pso,-1.39704,-2.75836
gen=5_member=208_pso,1.07036,-1.23025
gen=5_member=209_pso,0.0423542,-1.13137
gen=5_member=210_pso,-0.519072,1.42653
gen=5_member=211_pso,1.36344,-1.91985
gen=5_member=212_pso,-1.65572,-0.777151
gen=5_member=213_pso,2.13154,1.83934
gen=5_member=214_pso,0.0771578,-0.901157
gen=5_member=215_pso,0.824076,-0.126822
gen=5_member=216_pso,0.137648,-0.0553137
gen=5_member=217_pso,-1.46126,1.24125
gen=5_member=218_pso,0.181821,1.11958
gen=5_member=219_pso,-1.38401,0.537758
gen=5_member=220_pso,1.33353,1.33977
gen=5_member=221_pso,-0.939792,-1.29314
gen=5_member=222_pso,1.69024,-0.823507
gen=5_member=223_pso,0.23019,-0.102788
gen=5_member=224_pso,-2.5574,-1.23972
gen=5_member=225_pso,-1.18869,3.94889
gen=5_member=226_pso,0.923229,-1.72616
gen=5_member=227_pso,2.0525,1.54901
gen=5_member=228_pso,0.0304935,-0.044764
gen=5_member=229_pso,1.65877,0.92942
gen=5_member=230_pso,0.594735,-0.695019
gen=5_member=231_pso,-0.833838,0.387833
gen=5_member=232_pso,1.19497,0.837226
gen=5_member=233_pso,-0.630169,1.73917
gen=5_member=234_pso,1.85175,-2.98257
gen=5_member=235_pso,0.639876,1.22923
gen=5_member=236_pso,-3.53936,1.48314
gen=5_member=237_pso,-0.826306,-3.16771
gen=5_member=238_pso,-1.41428,3.28438
gen=5_member=239_pso,-0.855956,-3.29733
gen=5_member=240_pso,0.731003,0.103666
gen=5_member=241_pso,-0.179075,-0.385484
gen=5_member=242_pso,-2.50114,-0.646363
gen=5_member=243_pso,0.839099,0.124903
gen=5_member=244_pso,1.25713,0.745515
gen=5_member=245_pso,-0.254486,-0.132263
gen=5_member=246_pso,0.679709,-0.409553
gen=5_member=247_pso,1.32685,0.945759
gen=5_member=248_pso,1.00406,0.751107
gen=5_member=249_pso,-0.798983,3.93112
gen=5_member=250_pso,3.18553,-1.77865
