real_name,obj1,obj2
gen=3_member=101_pso,0.999319,0.990891
gen=3_member=102_pso,0.999997,0.979591
gen=3_member=103_pso,0.994544,0.978691
gen=3_member=104_pso,0.995425,0.843394
gen=3_member=105_pso,0.66354,0.761779
gen=3_member=106_pso,0.999918,0.680597
gen=3_member=107_pso,0.995171,0.997969
gen=3_member=108_pso,0.691503,0.99196
gen=3_member=109_pso,1,1
gen=3_member=110_pso,0.244196,0.997028
gen=3_member=111_pso,0.999858,0.956533
gen=3_member=112_pso,0.998289,0.997048
gen=3_member=113_pso,0.748131,0.550338
gen=3_member=114_pso,0.899088,0.999994
gen=3_member=115_pso,0.977145,0.999664
gen=3_member=116_pso,0.545498,0.913091
gen=3_member=117_pso,0.999351,0.822493
gen=3_member=118_pso,0.950224,0.984709
gen=3_member=119_pso,0.758247,0.999961
gen=3_member=120_pso,0.99991,0.992739
gen=3_member=121_pso,0.894239,0.998525
gen=3_member=122_pso,0.999905,1
gen=3_member=123_pso,0.999986,0.999974
gen=3_member=124_pso,0.999361,0.999999
gen=3_member=125_pso,0.940589,0.996643
gen=3_member=126_pso,1,0.998564
gen=3_member=127_pso,0.999454,0.997198
gen=3_member=128_pso,1,0.997996
gen=3_member=129_pso,0.999999,0.999995
gen=3_member=130_pso,0.999807,1
gen=3_member=131_pso,0.999411,0.732101
gen=3_member=132_pso,0.999995,0.998382
gen=3_member=133_pso,0.999999,1
gen=3_member=134_pso,0.672059,0.996013
gen=3_member=135_pso,0.995574,0.960618
gen=3_member=136_pso,0.999235,0.999941
gen=3_member=137_pso,1,0.990998
gen=3_member=138_pso,0.997684,0.296246
gen=3_member=139_pso,1,0.999855
gen=3_member=140_pso,0.909045,0.999924
gen=3_member=141_pso,0.567445,0.821934
gen=3_member=142_pso,0.823822,0.998202
gen=3_member=143_pso,0.999864,0.997006
gen=3_member=144_pso,0.994051,0.829549
gen=3_member=145_pso,0.982887,0.999354
gen=3_member=146_pso,0.999987,0.842025
gen=3_member=147_pso,0.999555,1
gen=3_member=148_pso,0.381966,0.999075
gen=3_member=149_pso,0.982787,0.128661
gen=3_member=150_pso,0.998608,0.634006
