real_name,obj1,obj2
gen=9_member=401_pso,0.941123,0.566385
gen=9_member=402_pso,0.138885,0.996513
gen=9_member=403_pso,0.11764,0.941643
gen=9_member=404_pso,0.483002,0.858031
gen=9_member=405_pso,0.892068,0.327983
gen=9_member=406_pso,0.773221,0.583732
gen=9_member=407_pso,0.742537,0.996387
gen=9_member=408_pso,0.999575,0.9443
gen=9_member=409_pso,0.296009,0.998786
gen=9_member=410_pso,0.987877,0.380326
gen=9_member=411_pso,0.960029,0.413931
gen=9_member=412_pso,0.99858,0.271238
gen=9_member=413_pso,0.945929,0.0829371
gen=9_member=414_pso,0.960453,0.534201
gen=9_member=415_pso,0.994436,0.205206
gen=9_member=416_pso,0.985509,0.809248
gen=9_member=417_pso,0.9769,0.436397
gen=9_member=418_pso,0.999441,0.890256
gen=9_member=419_pso,0.838127,0.772662
gen=9_member=420_pso,0.94771,0.119485
gen=9_member=421_pso,0.823742,0.951174
gen=9_member=422_pso,0.832365,0.999955
gen=9_member=423_pso,0.925327,0.140953
gen=9_member=424_pso,0.752132,0.673939
gen=9_member=425_pso,0.748593,0.997903
gen=9_member=426_pso,0.995753,0.356004
gen=9_member=427_pso,0.979163,0.00607285
gen=9_member=428_pso,0.161472,0.997077
gen=9_member=429_pso,0.367698,0.921822
gen=9_member=430_pso,0.990179,0.440976
gen=9_member=431_pso,0.996804,0.996489
gen=9_member=432_pso,0.995354,0.122471
gen=9_member=433_pso,0.952717,0.365397
gen=9_member=434_pso,0.700622,0.997072
gen=9_member=435_pso,0.212264,0.910688
gen=9_member=436_pso,0.998536,0.999993
gen=9_member=437_pso,0.996541,0.180016
gen=9_member=438_pso,0.786564,0.843352
gen=9_member=439_pso,0.0377909,0.991359
gen=9_member=440_pso,0.901966,0.920463
gen=9_member=441_pso,0.999994,0.891417
gen=9_member=442_pso,0.929703,0.175444
gen=9_member=443_pso,0.908,0.240486
gen=9_member=444_pso,0.186923,0.925097
gen=9_member=445_pso,0.72897,0.817518
gen=9_member=446_pso,0.0303578,0.964303
gen=9_member=447_pso,0.061496,0.962403
gen=9_member=448_pso,0.993669,0.286138
gen=9_member=449_pso,0.948133,0.185438
gen=9_member=450_pso,0.719169,0.583527
