real_name,x1,x2
gen=0_member=20,0.296843,0.678646
gen=0_member=15,-1.21216,-1.11455
gen=0_member=6,0.0884752,-0.0285415
gen=0_member=26,-1.45955,-0.477893
