real_name,obj1,obj2
gen=4_member=151_pso,0.998615,0.997219
gen=4_member=152_pso,0.999163,0.962264
gen=4_member=153_pso,0.92142,0.659402
gen=4_member=154_pso,0.99765,0.980008
gen=4_member=155_pso,0.946427,0.94869
gen=4_member=156_pso,0.954896,0.987422
gen=4_member=157_pso,0.999973,0.814583
gen=4_member=158_pso,0.99207,0.989239
gen=4_member=159_pso,0.999547,0.966848
gen=4_member=160_pso,0.826201,0.998788
gen=4_member=161_pso,0.993139,0.61114
gen=4_member=162_pso,0.949607,0.999999
gen=4_member=163_pso,0.460462,0.999198
gen=4_member=164_pso,0.944392,0.199738
gen=4_member=165_pso,0.999795,0.999989
gen=4_member=166_pso,0.538751,0.825687
gen=4_member=167_pso,0.972348,1
gen=4_member=168_pso,0.973209,0.926082
gen=4_member=169_pso,0.999999,0.951678
gen=4_member=170_pso,0.999997,1
gen=4_member=171_pso,0.313041,0.996444
gen=4_member=172_pso,0.998622,0.993816
gen=4_member=173_pso,0.86864,0.958035
gen=4_member=174_pso,0.903033,0.999987
gen=4_member=175_pso,0.884054,0.423778
gen=4_member=176_pso,0.68742,0.573799
gen=4_member=177_pso,0.988486,0.705694
gen=4_member=178_pso,0.919735,0.999974
gen=4_member=179_pso,0.999434,0.999685
gen=4_member=180_pso,0.992048,0.994847
gen=4_member=181_pso,0.943292,0.897175
gen=4_member=182_pso,0.999999,0.999989
gen=4_member=183_pso,0.993388,0.999995
gen=4_member=184_pso,0.837111,0.994411
gen=4_member=185_pso,0.463856,0.781972
gen=4_member=186_pso,1,0.999999
gen=4_member=187_pso,1,1
gen=4_member=188_pso,0.999999,0.999838
gen=4_member=189_pso,1,0.992627
gen=4_member=190_pso,0.99996,0.911418
gen=4_member=191_pso,0.999999,1
gen=4_member=192_pso,0.929571,0.169695
gen=4_member=193_pso,0.99801,1
gen=4_member=194_pso,0.999927,0.870741
gen=4_member=195_pso,0.991843,0.998233
gen=4_member=196_pso,1,0.998548
gen=4_member=197_pso,0.990748,0.47064
gen=4_member=198_pso,1,0.999615
gen=4_member=199_pso,0.977145,1
gen=4_member=200_pso,0.976009,0.00559077
