real_name,x1,x2
gen=4_member=200_pso,-0.637648,-0.679144
gen=0_member=20,0.296843,0.678646
gen=4_member=185_pso,0.265461,0.0526593
gen=0_member=6,0.0884752,-0.0285415
gen=1_member=11_pso,-0.176513,-0.288102
gen=4_member=192_pso,-0.296289,-0.575993
gen=2_member=98_pso,-0.385705,0.0411127
gen=1_member=20_pso,-0.712123,-0.425394
gen=4_member=176_pso,-0.0243022,-0.0853169
gen=2_member=81_pso,-0.14691,-0.0315736
gen=2_member=97_pso,0.0492286,-0.180623
