real_name,x1,x2
gen=1_member=20_pso,-0.712123,-0.425394
gen=0_member=20,0.296843,0.678646
gen=0_member=6,0.0884752,-0.0285415
gen=1_member=11_pso,-0.176513,-0.288102
gen=1_member=50_pso,-0.218783,0.0555193
