real_name,x1,x2
gen=4_member=151_pso,1.48977,-1.73608
gen=4_member=152_pso,-1.95287,0.606365
gen=4_member=153_pso,0.322084,-0.8406
gen=4_member=154_pso,-1.73796,0.981015
gen=4_member=155_pso,-0.979327,0.994587
gen=4_member=156_pso,1.37365,-0.922163
gen=4_member=157_pso,-1.21562,-1.90149
gen=4_member=158_pso,1.30224,-1.41018
gen=4_member=159_pso,-2.06299,0.545184
gen=4_member=160_pso,-0.0418622,1.79748
gen=4_member=161_pso,-1.4009,-0.0265269
gen=4_member=162_pso,1.75649,2.08068
gen=4_member=163_pso,1.48487,0.817243
gen=4_member=164_pso,-0.707717,-0.235073
gen=4_member=165_pso,-1.52993,2.57444
gen=4_member=166_pso,0.489176,-0.14514
gen=4_member=167_pso,2.44912,1.45105
gen=4_member=168_pso,-1.19131,0.832486
gen=4_member=169_pso,-1.60932,-2.19569
gen=4_member=170_pso,-1.00187,3.86341
gen=4_member=171_pso,1.30177,0.559258
gen=4_member=172_pso,1.26683,-1.79773
gen=4_member=173_pso,1.07321,-0.669769
gen=4_member=174_pso,2.2177,0.934045
gen=4_member=175_pso,0.0266196,-0.593496
gen=4_member=176_pso,-0.0243022,-0.0853169
gen=4_member=177_pso,-1.34337,0.197496
gen=4_member=178_pso,2.28787,0.553424
gen=4_member=179_pso,1.94034,-1.73357
gen=4_member=180_pso,-1.34447,1.4979
gen=4_member=181_pso,-0.985584,0.775181
gen=4_member=182_pso,1.88913,-2.8744
gen=4_member=183_pso,-0.206524,2.75264
gen=4_member=184_pso,1.54218,-0.349935
gen=4_member=185_pso,0.265461,0.0526593
gen=4_member=186_pso,-3.87377,1.14423
gen=4_member=187_pso,2.47943,-3.60995
gen=4_member=188_pso,1.18131,-2.97876
gen=4_member=189_pso,-1.86711,-2.59505
gen=4_member=190_pso,-2.24685,-0.47688
gen=4_member=191_pso,-1.40379,3.82077
gen=4_member=192_pso,-0.296289,-0.575993
gen=4_member=193_pso,2.70545,2.19917
gen=4_member=194_pso,-0.519809,-2.12515
gen=4_member=195_pso,-1.21747,1.75823
gen=4_member=196_pso,-3.09798,0.197573
gen=4_member=197_pso,-0.151496,-1.27928
gen=4_member=198_pso,0.643344,-3.16444
gen=4_member=199_pso,1.85835,2.27338
gen=4_member=200_pso,-0.637648,-0.679144
